Customer_ID,Age,Gender,Income,Employment_Status,Credit_Score,City,State,Customer_Segment
C00001,24,Male,41800,Full-Time,614,Aurora,Arizona,High Risk
C00002,49,Male,250000,Full-Time,652,Jacksonville,Virginia,High Risk
C00003,38,Female,39600,Full-Time,792,New York,Illinois,Low Risk
C00004,46,Female,56500,Full-Time,663,Tampa,New York,High Risk
C00005,64,Male,30900,Full-Time,850,Buffalo,California,Low Risk
C00006,54,Male,82800,Full-Time,535,Phoenix,Arizona,Very High Risk
C00007,30,Female,69600,Retired,574,Savannah,California,Very High Risk
C00008,56,Male,91700,Full-Time,789,San Jose,New York,Low Risk
C00009,34,Female,29700,Full-Time,808,Plano,Georgia,Low Risk
C00010,51,Female,107300,Retired,625,San Jose,Arizona,High Risk
C00011,35,Female,45200,Unemployed,695,Phoenix,Texas,Medium Risk
C00012,28,Male,60800,Full-Time,743,Norfolk,California,Medium Risk
C00013,34,Female,98800,Part-Time,673,Arlington,Arizona,High Risk
C00014,43,Female,73100,Full-Time,701,Irving,New York,Medium Risk
C00015,60,Female,75500,Self-Employed,691,Plano,California,Medium Risk
C00016,41,Female,93100,Retired,579,Miami,Illinois,Very High Risk
C00017,36,Male,78800,Full-Time,664,Arlington,Georgia,High Risk
C00018,65,Male,55800,Full-Time,691,Phoenix,Virginia,Medium Risk
C00019,38,Female,60300,Full-Time,698,Miami,Virginia,Medium Risk
C00020,67,Female,71500,Part-Time,560,Houston,Virginia,Very High Risk
C00021,44,Female,43400,Part-Time,747,Houston,California,Medium Risk
C00022,46,Female,101800,Part-Time,700,San Jose,Georgia,Medium Risk
C00023,45,Male,74000,Full-Time,611,Los Angeles,Georgia,High Risk
C00024,65,Male,67200,Full-Time,825,Mesa,Illinois,Low Risk
C00025,61,Female,111200,Part-Time,664,Arlington,Arizona,High Risk
C00026,49,Male,61600,Full-Time,669,Buffalo,Georgia,High Risk
C00027,35,Female,59900,Full-Time,738,Aurora,Illinois,Medium Risk
C00028,65,Male,52300,Full-Time,831,Savannah,Virginia,Low Risk
C00029,21,Female,75900,Self-Employed,741,Augusta,California,Medium Risk
C00030,45,Female,74700,Part-Time,752,San Jose,California,Low Risk
C00031,27,Male,48200,Self-Employed,615,Atlanta,Georgia,High Risk
C00032,29,Male,60000,Full-Time,697,Arlington,Illinois,Medium Risk
C00033,44,Female,48300,Unemployed,650,San Diego,California,High Risk
C00034,21,Female,47300,Self-Employed,743,Arlington,Georgia,Medium Risk
C00035,64,Female,29800,Full-Time,750,Phoenix,Arizona,Low Risk
C00036,28,Male,58600,Full-Time,812,Atlanta,Texas,Low Risk
C00037,44,Male,30200,Full-Time,528,Chicago,Florida,Very High Risk
C00038,31,Male,52800,Retired,643,Naperville,Arizona,High Risk
C00039,37,Male,49300,Full-Time,788,Plano,Arizona,Low Risk
C00040,28,Female,104300,Full-Time,585,Tampa,Florida,Very High Risk
C00041,55,Female,41200,Full-Time,750,Naperville,New York,Low Risk
C00042,55,Male,46100,Self-Employed,775,Irving,Georgia,Low Risk
C00043,53,Male,54700,Full-Time,688,Arlington,Florida,Medium Risk
C00044,25,Male,50100,Full-Time,583,Tampa,Texas,Very High Risk
C00045,62,Female,120400,Full-Time,681,Chicago,Georgia,Medium Risk
C00046,59,Male,38900,Full-Time,799,Irving,Florida,Low Risk
C00047,61,Female,54800,Full-Time,805,Plano,Florida,Low Risk
C00048,48,Male,75500,Full-Time,706,Houston,Texas,Medium Risk
C00049,27,Female,96600,Self-Employed,617,Los Angeles,Virginia,High Risk
C00050,29,Male,54800,Self-Employed,820,Fresno,Illinois,Low Risk
C00051,28,Male,27400,Self-Employed,752,Richmond,Virginia,Low Risk
C00052,32,Female,60800,Full-Time,622,Augusta,Virginia,High Risk
C00053,54,Female,119400,Self-Employed,716,Miami,Virginia,Medium Risk
C00054,53,Male,73800,Full-Time,712,Orlando,Florida,Medium Risk
C00055,43,Male,72300,Full-Time,642,Norfolk,Arizona,High Risk
C00056,44,Male,40300,Retired,716,Plano,Virginia,Medium Risk
C00057,57,Male,38500,Self-Employed,773,Tempe,New York,Low Risk
C00058,55,Female,65500,Full-Time,668,Savannah,Arizona,High Risk
C00059,64,Female,34200,Unemployed,781,Mesa,Virginia,Low Risk
C00060,60,Male,92400,Retired,558,Richmond,Florida,Very High Risk
C00061,42,Male,44400,Part-Time,850,Fresno,Virginia,Low Risk
C00062,47,Male,64300,Part-Time,694,Atlanta,Florida,Medium Risk
C00063,55,Male,27800,Self-Employed,770,Chicago,Texas,Low Risk
C00064,21,Male,54400,Full-Time,706,Arlington,Virginia,Medium Risk
C00065,55,Female,38100,Full-Time,628,Fresno,Virginia,High Risk
C00066,57,Male,22900,Self-Employed,687,Mesa,Texas,Medium Risk
C00067,67,Female,82900,Full-Time,547,San Jose,Georgia,Very High Risk
C00068,34,Female,136000,Full-Time,742,Irving,New York,Medium Risk
C00069,23,Female,108100,Full-Time,705,Irving,California,Medium Risk
C00070,21,Female,88300,Full-Time,676,Richmond,Texas,High Risk
C00071,25,Female,53900,Retired,746,Los Angeles,Virginia,Medium Risk
C00072,46,Female,93400,Part-Time,693,Rochester,California,Medium Risk
C00073,34,Male,112700,Full-Time,736,Dallas,Virginia,Medium Risk
C00074,59,Male,69100,Retired,762,Fresno,New York,Low Risk
C00075,47,Male,38100,Unemployed,649,Savannah,Florida,High Risk
C00076,29,Female,51900,Full-Time,627,San Diego,Georgia,High Risk
C00077,35,Female,139900,Unemployed,561,Orlando,Florida,Very High Risk
C00078,35,Male,62900,Full-Time,699,Buffalo,Arizona,Medium Risk
C00079,46,Female,22000,Full-Time,724,Tempe,Georgia,Medium Risk
C00080,62,Female,33600,Full-Time,591,Irving,California,Very High Risk
C00081,33,Female,53700,Part-Time,797,Naperville,Arizona,Low Risk
C00082,52,Female,103600,Full-Time,628,Los Angeles,New York,High Risk
C00083,59,Female,57500,Part-Time,532,Phoenix,New York,Very High Risk
C00084,52,Male,104500,Part-Time,802,New York,Texas,Low Risk
C00085,24,Male,51300,Full-Time,542,Atlanta,Virginia,Very High Risk
C00086,50,Female,26900,Full-Time,762,Mesa,California,Low Risk
C00087,57,Male,52100,Full-Time,744,New York,Georgia,Medium Risk
C00088,43,Male,75900,Full-Time,714,Orlando,Texas,Medium Risk
C00089,59,Female,73100,Part-Time,651,Houston,California,High Risk
C00090,65,Female,37000,Full-Time,728,Arlington,Arizona,Medium Risk
C00091,35,Female,55500,Part-Time,769,Miami,Texas,Low Risk
C00092,63,Male,217600,Full-Time,616,Plano,Texas,High Risk
C00093,49,Male,37300,Part-Time,763,Mesa,New York,Low Risk
C00094,56,Male,87500,Self-Employed,760,Houston,New York,Low Risk
C00095,33,Male,25300,Retired,712,Atlanta,Florida,Medium Risk
C00096,52,Female,95900,Self-Employed,650,Miami,Florida,High Risk
C00097,27,Male,43500,Full-Time,760,Dallas,New York,Low Risk
C00098,42,Male,77900,Full-Time,728,New York,New York,Medium Risk
C00099,48,Female,36400,Part-Time,614,Aurora,Arizona,High Risk
C00100,22,Male,74100,Retired,662,Tampa,Virginia,High Risk
C00101,62,Female,43200,Full-Time,751,Naperville,Texas,Low Risk
C00102,65,Male,47100,Full-Time,699,Phoenix,Florida,Medium Risk
C00103,26,Female,79300,Full-Time,771,Tampa,New York,Low Risk
C00104,48,Male,53600,Self-Employed,664,Mesa,California,High Risk
C00105,48,Female,77100,Full-Time,615,Norfolk,California,High Risk
C00106,64,Male,59700,Full-Time,850,Irving,Florida,Low Risk
C00107,64,Female,67000,Unemployed,564,Houston,California,Very High Risk
C00108,40,Male,79400,Full-Time,653,Jacksonville,Georgia,High Risk
C00109,50,Male,55500,Full-Time,711,Aurora,Texas,Medium Risk
C00110,31,Female,41500,Full-Time,764,Tampa,Florida,Low Risk
C00111,48,Male,51200,Full-Time,738,Rochester,Georgia,Medium Risk
C00112,45,Male,111300,Full-Time,850,Phoenix,New York,Low Risk
C00113,59,Male,68500,Full-Time,681,Los Angeles,Arizona,Medium Risk
C00114,53,Female,44400,Full-Time,625,Norfolk,Arizona,High Risk
C00115,21,Male,77900,Self-Employed,674,Norfolk,Georgia,High Risk
C00116,47,Male,80200,Part-Time,666,San Diego,California,High Risk
C00117,33,Male,82100,Full-Time,685,Tempe,Texas,Medium Risk
C00118,61,Female,41900,Full-Time,616,Fresno,New York,High Risk
C00119,23,Female,47800,Self-Employed,749,Miami,Illinois,Medium Risk
C00120,59,Male,47900,Full-Time,718,Irving,Texas,Medium Risk
C00121,26,Male,55300,Full-Time,595,Arlington,Virginia,Very High Risk
C00122,28,Male,82800,Full-Time,763,Savannah,California,Low Risk
C00123,47,Male,74300,Part-Time,629,Houston,Texas,High Risk
C00124,29,Male,77000,Full-Time,601,Orlando,Arizona,High Risk
C00125,57,Male,119500,Self-Employed,697,Naperville,Illinois,Medium Risk
C00126,53,Male,88600,Part-Time,558,San Diego,Virginia,Very High Risk
C00127,62,Female,61000,Unemployed,734,Jacksonville,Illinois,Medium Risk
C00128,64,Male,38200,Full-Time,477,Jacksonville,Texas,Very High Risk
C00129,44,Female,47100,Self-Employed,613,Savannah,Arizona,High Risk
C00130,35,Male,57800,Full-Time,808,Phoenix,New York,Low Risk
C00131,52,Male,94400,Full-Time,639,Aurora,Arizona,High Risk
C00132,52,Female,64200,Full-Time,652,Mesa,Georgia,High Risk
C00133,44,Male,48400,Full-Time,786,Mesa,New York,Low Risk
C00134,61,Male,46700,Self-Employed,631,Fresno,Illinois,High Risk
C00135,32,Female,63000,Full-Time,747,Jacksonville,Florida,Medium Risk
C00136,59,Male,97000,Full-Time,778,Jacksonville,Florida,Low Risk
C00137,22,Male,133000,Full-Time,726,Irving,New York,Medium Risk
C00138,23,Male,59300,Self-Employed,582,Richmond,Florida,Very High Risk
C00139,57,Male,63700,Full-Time,645,Tampa,New York,High Risk
C00140,37,Female,37600,Self-Employed,850,Mesa,California,Low Risk
C00141,22,Male,155600,Self-Employed,653,Dallas,Virginia,High Risk
C00142,22,Male,34600,Self-Employed,850,Aurora,New York,Low Risk
C00143,48,Male,110100,Full-Time,818,Richmond,California,Low Risk
C00144,43,Male,55100,Part-Time,729,Savannah,Georgia,Medium Risk
C00145,57,Female,49600,Full-Time,712,Savannah,Illinois,Medium Risk
C00146,52,Male,39400,Self-Employed,655,Augusta,Florida,High Risk
C00147,53,Female,192300,Self-Employed,683,Tempe,Georgia,Medium Risk
C00148,21,Female,71800,Full-Time,638,Norfolk,Georgia,High Risk
C00149,39,Female,65600,Self-Employed,685,Chicago,Arizona,Medium Risk
C00150,22,Male,96900,Full-Time,588,Miami,Arizona,Very High Risk
C00151,64,Male,48500,Full-Time,584,Norfolk,Illinois,Very High Risk
C00152,46,Female,65100,Full-Time,788,Fresno,Texas,Low Risk
C00153,52,Female,66700,Retired,569,Atlanta,Virginia,Very High Risk
C00154,26,Male,51600,Self-Employed,756,San Jose,Texas,Low Risk
C00155,52,Male,111500,Self-Employed,548,Norfolk,Georgia,Very High Risk
C00156,24,Male,58900,Retired,737,Buffalo,Georgia,Medium Risk
C00157,31,Female,32300,Full-Time,674,Jacksonville,Arizona,High Risk
C00158,37,Male,56800,Unemployed,789,Norfolk,Illinois,Low Risk
C00159,58,Female,72700,Full-Time,665,Savannah,Virginia,High Risk
C00160,44,Female,43500,Self-Employed,539,Chicago,New York,Very High Risk
C00161,25,Female,45100,Self-Employed,676,Fresno,New York,High Risk
C00162,54,Female,50800,Full-Time,702,Tempe,Virginia,Medium Risk
C00163,26,Male,112600,Full-Time,680,Savannah,Florida,Medium Risk
C00164,42,Female,52200,Full-Time,733,Orlando,Illinois,Medium Risk
C00165,31,Female,123700,Retired,648,Houston,Texas,High Risk
C00166,36,Female,49300,Full-Time,595,Tempe,Illinois,Very High Risk
C00167,53,Male,75200,Full-Time,615,Mesa,Illinois,High Risk
C00168,29,Female,53200,Self-Employed,651,San Diego,Virginia,High Risk
C00169,26,Male,91300,Full-Time,651,Atlanta,Virginia,High Risk
C00170,36,Male,39300,Full-Time,850,Phoenix,Arizona,Low Risk
C00171,49,Female,90800,Part-Time,784,Augusta,Florida,Low Risk
C00172,23,Male,68400,Full-Time,742,Arlington,New York,Medium Risk
C00173,40,Female,48700,Self-Employed,723,Norfolk,Georgia,Medium Risk
C00174,56,Male,60300,Full-Time,712,Austin,Texas,Medium Risk
C00175,39,Female,129600,Full-Time,713,Miami,Florida,Medium Risk
C00176,46,Male,69200,Full-Time,702,Austin,Virginia,Medium Risk
C00177,23,Female,47400,Full-Time,693,Dallas,Texas,Medium Risk
C00178,39,Male,37800,Unemployed,533,New York,Texas,Very High Risk
C00179,40,Female,81600,Unemployed,662,Jacksonville,New York,High Risk
C00180,52,Female,71000,Full-Time,672,Irving,Georgia,High Risk
C00181,27,Male,88900,Full-Time,634,San Jose,Georgia,High Risk
C00182,61,Male,33700,Full-Time,648,Tampa,Arizona,High Risk
C00183,53,Female,38400,Full-Time,713,Los Angeles,New York,Medium Risk
C00184,60,Female,108900,Full-Time,748,Tempe,Florida,Medium Risk
C00185,59,Female,75500,Self-Employed,712,Phoenix,California,Medium Risk
C00186,38,Female,82600,Full-Time,746,Plano,Florida,Medium Risk
C00187,60,Male,42100,Full-Time,747,Tempe,Florida,Medium Risk
C00188,21,Male,41800,Full-Time,668,Houston,California,High Risk
C00189,31,Male,101500,Full-Time,729,Arlington,Texas,Medium Risk
C00190,48,Male,103700,Self-Employed,559,Irving,Illinois,Very High Risk
C00191,45,Female,39800,Full-Time,661,Orlando,California,High Risk
C00192,43,Male,36500,Full-Time,652,Jacksonville,Illinois,High Risk
C00193,51,Female,61900,Full-Time,805,San Jose,Virginia,Low Risk
C00194,50,Female,45400,Unemployed,715,Savannah,Texas,Medium Risk
C00195,62,Female,44900,Full-Time,590,Irving,California,Very High Risk
C00196,55,Female,37000,Unemployed,735,Los Angeles,New York,Medium Risk
C00197,27,Male,52600,Full-Time,758,Buffalo,Florida,Low Risk
C00198,36,Female,38700,Unemployed,683,Phoenix,California,Medium Risk
C00199,46,Male,39700,Self-Employed,742,Mesa,California,Medium Risk
C00200,22,Male,74300,Full-Time,503,Rochester,Texas,Very High Risk
C00201,21,Female,63400,Self-Employed,488,Orlando,New York,Very High Risk
C00202,32,Male,80800,Part-Time,602,San Diego,California,High Risk
C00203,25,Female,30900,Full-Time,701,Los Angeles,Virginia,Medium Risk
C00204,57,Female,65300,Full-Time,805,Tampa,New York,Low Risk
C00205,52,Female,165400,Part-Time,606,Richmond,Illinois,High Risk
C00206,29,Male,55000,Part-Time,626,Houston,California,High Risk
C00207,61,Female,94200,Self-Employed,697,New York,Virginia,Medium Risk
C00208,55,Male,93800,Self-Employed,653,Orlando,New York,High Risk
C00209,39,Female,95900,Part-Time,649,Richmond,Florida,High Risk
C00210,36,Male,70100,Self-Employed,658,Tampa,Texas,High Risk
C00211,23,Female,83900,Full-Time,789,Plano,Georgia,Low Risk
C00212,40,Male,89000,Full-Time,774,Orlando,New York,Low Risk
C00213,44,Male,86500,Unemployed,692,Jacksonville,Texas,Medium Risk
C00214,53,Male,39300,Full-Time,814,Orlando,Georgia,Low Risk
C00215,44,Male,30100,Full-Time,728,Fresno,Virginia,Medium Risk
C00216,31,Female,32300,Self-Employed,777,Richmond,California,Low Risk
C00217,28,Male,57600,Full-Time,625,Arlington,California,High Risk
C00218,56,Male,84900,Full-Time,641,Savannah,Illinois,High Risk
C00219,58,Female,39500,Full-Time,640,Rochester,Texas,High Risk
C00220,60,Male,98500,Part-Time,683,Irving,Florida,Medium Risk
C00221,40,Male,51900,Retired,694,Arlington,Arizona,Medium Risk
C00222,55,Female,52100,Full-Time,714,Tampa,Florida,Medium Risk
C00223,45,Male,44600,Full-Time,838,Austin,New York,Low Risk
C00224,55,Male,27800,Full-Time,744,Rochester,Florida,Medium Risk
C00225,45,Male,72100,Full-Time,651,Naperville,Georgia,High Risk
C00226,49,Male,140500,Full-Time,690,Chicago,Texas,Medium Risk
C00227,38,Female,63200,Full-Time,803,Norfolk,California,Low Risk
C00228,66,Male,28300,Full-Time,749,Orlando,Texas,Medium Risk
C00229,38,Female,92300,Full-Time,802,Savannah,Texas,Low Risk
C00230,22,Male,31300,Full-Time,654,Naperville,California,High Risk
C00231,55,Male,37700,Self-Employed,637,Arlington,Georgia,High Risk
C00232,36,Male,58400,Unemployed,638,Aurora,Virginia,High Risk
C00233,61,Female,68700,Retired,660,Arlington,Texas,High Risk
C00234,56,Female,41300,Part-Time,610,Fresno,Florida,High Risk
C00235,53,Male,57400,Full-Time,712,Jacksonville,New York,Medium Risk
C00236,24,Female,89700,Self-Employed,713,Richmond,Arizona,Medium Risk
C00237,53,Male,95400,Full-Time,790,Los Angeles,New York,Low Risk
C00238,34,Male,114200,Part-Time,558,Austin,Texas,Very High Risk
C00239,41,Male,153500,Self-Employed,619,Phoenix,Georgia,High Risk
C00240,40,Male,93600,Self-Employed,750,Tampa,California,Low Risk
C00241,28,Male,59000,Retired,704,Fresno,Illinois,Medium Risk
C00242,27,Male,95700,Self-Employed,693,Fresno,Georgia,Medium Risk
C00243,23,Male,80200,Part-Time,785,Buffalo,Texas,Low Risk
C00244,37,Male,81600,Full-Time,614,Dallas,Texas,High Risk
C00245,53,Male,70400,Unemployed,635,Aurora,Illinois,High Risk
C00246,32,Male,43100,Full-Time,627,Buffalo,New York,High Risk
C00247,42,Female,40900,Unemployed,539,San Jose,Georgia,Very High Risk
C00248,42,Male,62200,Full-Time,700,Orlando,New York,Medium Risk
C00249,66,Female,69500,Full-Time,651,Chicago,Arizona,High Risk
C00250,50,Female,47900,Self-Employed,635,Arlington,Illinois,High Risk
C00251,58,Male,78600,Full-Time,621,Norfolk,California,High Risk
C00252,58,Male,165800,Self-Employed,689,Arlington,Arizona,Medium Risk
C00253,65,Male,29600,Full-Time,630,New York,Texas,High Risk
C00254,28,Female,84500,Unemployed,707,Naperville,Florida,Medium Risk
C00255,47,Male,63100,Part-Time,724,Arlington,New York,Medium Risk
C00256,47,Male,79600,Part-Time,668,Phoenix,New York,High Risk
C00257,54,Male,53500,Full-Time,663,Tempe,Georgia,High Risk
C00258,41,Female,60900,Full-Time,704,Irving,Arizona,Medium Risk
C00259,50,Male,68900,Self-Employed,688,Plano,Arizona,Medium Risk
C00260,53,Female,56700,Full-Time,790,Buffalo,New York,Low Risk
C00261,48,Male,32800,Full-Time,714,Naperville,Virginia,Medium Risk
C00262,67,Female,58500,Part-Time,772,Mesa,California,Low Risk
C00263,53,Female,34400,Full-Time,736,Rochester,Illinois,Medium Risk
C00264,25,Male,87200,Full-Time,591,Jacksonville,California,Very High Risk
C00265,39,Female,28100,Full-Time,648,Arlington,New York,High Risk
C00266,24,Female,103300,Full-Time,686,Richmond,Georgia,Medium Risk
C00267,55,Male,78900,Unemployed,755,San Diego,Texas,Low Risk
C00268,37,Male,79000,Full-Time,835,Chicago,New York,Low Risk
C00269,64,Female,24500,Retired,654,Naperville,Texas,High Risk
C00270,48,Female,56100,Full-Time,694,Mesa,Georgia,Medium Risk
C00271,50,Female,109200,Full-Time,750,San Diego,Texas,Low Risk
C00272,49,Female,51500,Full-Time,686,Tampa,New York,Medium Risk
C00273,66,Female,40000,Full-Time,813,Jacksonville,New York,Low Risk
C00274,26,Male,48800,Part-Time,589,Jacksonville,Texas,Very High Risk
C00275,55,Female,63000,Self-Employed,741,New York,California,Medium Risk
C00276,61,Male,44300,Full-Time,740,Buffalo,California,Medium Risk
C00277,57,Female,113300,Self-Employed,776,Plano,Georgia,Low Risk
C00278,44,Female,63100,Full-Time,695,Los Angeles,California,Medium Risk
C00279,49,Female,50600,Full-Time,757,Fresno,Arizona,Low Risk
C00280,66,Male,36200,Full-Time,671,Buffalo,Florida,High Risk
C00281,51,Male,80800,Unemployed,630,Atlanta,Texas,High Risk
C00282,55,Male,80000,Full-Time,619,Rochester,Florida,High Risk
C00283,53,Female,45500,Unemployed,582,Richmond,Florida,Very High Risk
C00284,41,Female,23800,Full-Time,657,Plano,Arizona,High Risk
C00285,52,Male,78200,Full-Time,713,Austin,Texas,Medium Risk
C00286,43,Female,59800,Full-Time,674,Phoenix,Florida,High Risk
C00287,53,Female,75600,Self-Employed,705,Atlanta,Georgia,Medium Risk
C00288,23,Male,156800,Self-Employed,783,Phoenix,Georgia,Low Risk
C00289,38,Male,64200,Full-Time,651,Savannah,Texas,High Risk
C00290,45,Female,51600,Unemployed,850,San Jose,Illinois,Low Risk
C00291,62,Female,38800,Full-Time,747,San Jose,Illinois,Medium Risk
C00292,51,Female,56500,Unemployed,675,Savannah,Virginia,High Risk
C00293,23,Male,69900,Self-Employed,674,San Diego,Arizona,High Risk
C00294,60,Female,66600,Self-Employed,614,Orlando,Texas,High Risk
C00295,66,Male,141200,Self-Employed,688,Augusta,Texas,Medium Risk
C00296,44,Male,81400,Full-Time,528,Jacksonville,Texas,Very High Risk
C00297,52,Male,61200,Part-Time,784,San Jose,California,Low Risk
C00298,67,Male,47300,Full-Time,479,Fresno,Texas,Very High Risk
C00299,42,Male,73300,Full-Time,693,Rochester,Georgia,Medium Risk
C00300,43,Male,43200,Full-Time,604,Irving,Georgia,High Risk
C00301,22,Female,70500,Full-Time,637,Phoenix,New York,High Risk
C00302,47,Female,80900,Full-Time,647,New York,Illinois,High Risk
C00303,62,Male,59000,Full-Time,834,Dallas,Virginia,Low Risk
C00304,22,Female,48900,Full-Time,607,Arlington,Illinois,High Risk
C00305,46,Female,24300,Full-Time,759,Tempe,Arizona,Low Risk
C00306,37,Female,108800,Self-Employed,777,Naperville,Texas,Low Risk
C00307,60,Female,77900,Full-Time,515,Chicago,Illinois,Very High Risk
C00308,53,Male,78800,Self-Employed,644,Augusta,Texas,High Risk
C00309,29,Female,32200,Full-Time,801,New York,Texas,Low Risk
C00310,63,Female,120900,Full-Time,591,Jacksonville,Illinois,Very High Risk
C00311,59,Male,52700,Full-Time,780,San Jose,Illinois,Low Risk
C00312,49,Female,57100,Full-Time,689,Arlington,New York,Medium Risk
C00313,62,Female,40200,Part-Time,685,Austin,Arizona,Medium Risk
C00314,46,Male,29100,Part-Time,695,Dallas,Virginia,Medium Risk
C00315,55,Female,109400,Full-Time,716,Naperville,Florida,Medium Risk
C00316,45,Female,116000,Full-Time,618,Buffalo,New York,High Risk
C00317,44,Male,60300,Unemployed,670,Savannah,New York,High Risk
C00318,33,Male,47900,Full-Time,718,Arlington,Illinois,Medium Risk
C00319,27,Male,54900,Full-Time,703,San Jose,Virginia,Medium Risk
C00320,56,Female,55500,Part-Time,716,Fresno,Arizona,Medium Risk
C00321,65,Female,37900,Full-Time,636,Jacksonville,Georgia,High Risk
C00322,40,Male,57000,Retired,737,Tampa,Arizona,Medium Risk
C00323,21,Female,69600,Part-Time,699,Fresno,New York,Medium Risk
C00324,28,Female,102800,Full-Time,571,Atlanta,Georgia,Very High Risk
C00325,66,Female,65400,Full-Time,650,Tempe,Illinois,High Risk
C00326,36,Male,32000,Full-Time,623,Orlando,California,High Risk
C00327,34,Male,76200,Full-Time,622,Irving,Texas,High Risk
C00328,32,Female,57900,Retired,654,Naperville,Florida,High Risk
C00329,43,Female,120400,Part-Time,736,Savannah,Georgia,Medium Risk
C00330,35,Female,123700,Full-Time,643,Aurora,California,High Risk
C00331,48,Female,125600,Full-Time,707,Orlando,Georgia,Medium Risk
C00332,54,Male,50500,Full-Time,695,Arlington,Texas,Medium Risk
C00333,22,Female,159100,Full-Time,632,Orlando,Texas,High Risk
C00334,52,Male,76100,Part-Time,664,Los Angeles,Arizona,High Risk
C00335,43,Male,135100,Part-Time,755,Dallas,Florida,Low Risk
C00336,42,Male,51800,Part-Time,701,Augusta,New York,Medium Risk
C00337,45,Male,56800,Full-Time,731,Savannah,Texas,Medium Risk
C00338,42,Male,73500,Part-Time,785,Fresno,Florida,Low Risk
C00339,42,Female,69600,Full-Time,723,San Diego,Georgia,Medium Risk
C00340,62,Female,114300,Part-Time,546,Los Angeles,Georgia,Very High Risk
C00341,26,Male,58600,Full-Time,710,Arlington,Georgia,Medium Risk
C00342,35,Female,109800,Part-Time,644,Norfolk,Arizona,High Risk
C00343,63,Male,90400,Unemployed,826,Phoenix,Georgia,Low Risk
C00344,57,Male,59000,Self-Employed,720,Miami,Georgia,Medium Risk
C00345,53,Female,87300,Retired,645,Irving,Illinois,High Risk
C00346,28,Female,52500,Retired,732,Dallas,Texas,Medium Risk
C00347,64,Female,187200,Self-Employed,697,Buffalo,Arizona,Medium Risk
C00348,64,Male,22000,Retired,561,Mesa,Texas,Very High Risk
C00349,25,Female,88000,Unemployed,755,Irving,New York,Low Risk
C00350,59,Female,29400,Self-Employed,660,Atlanta,Arizona,High Risk
C00351,24,Female,58700,Full-Time,797,Los Angeles,Virginia,Low Risk
C00352,26,Male,62500,Full-Time,681,Irving,New York,Medium Risk
C00353,65,Female,128100,Self-Employed,798,Chicago,Arizona,Low Risk
C00354,52,Female,47600,Full-Time,722,Aurora,Illinois,Medium Risk
C00355,50,Female,117100,Self-Employed,763,Houston,Texas,Low Risk
C00356,67,Male,38200,Full-Time,653,Tempe,Arizona,High Risk
C00357,55,Male,119200,Full-Time,716,Savannah,New York,Medium Risk
C00358,60,Male,52500,Self-Employed,561,Phoenix,Arizona,Very High Risk
C00359,36,Male,67200,Unemployed,680,Plano,Florida,Medium Risk
C00360,33,Male,55900,Full-Time,579,San Jose,Georgia,Very High Risk
C00361,62,Male,115800,Unemployed,604,Irving,Georgia,High Risk
C00362,50,Female,106000,Self-Employed,623,Houston,Virginia,High Risk
C00363,39,Male,79400,Full-Time,740,Mesa,Texas,Medium Risk
C00364,37,Male,38700,Full-Time,679,Augusta,Georgia,High Risk
C00365,39,Male,47100,Full-Time,692,New York,Georgia,Medium Risk
C00366,48,Male,40900,Full-Time,677,Houston,Virginia,High Risk
C00367,46,Female,23600,Full-Time,771,San Jose,Florida,Low Risk
C00368,57,Female,114700,Full-Time,690,Austin,California,Medium Risk
C00369,46,Female,56100,Full-Time,709,New York,Illinois,Medium Risk
C00370,43,Male,55800,Self-Employed,647,Richmond,New York,High Risk
C00371,29,Female,127400,Full-Time,776,Aurora,California,Low Risk
C00372,32,Male,52500,Part-Time,782,Phoenix,New York,Low Risk
C00373,21,Female,44500,Full-Time,687,Tampa,California,Medium Risk
C00374,21,Male,58700,Self-Employed,646,Buffalo,Georgia,High Risk
C00375,67,Female,39000,Unemployed,569,Atlanta,New York,Very High Risk
C00376,54,Female,75900,Full-Time,625,Atlanta,Illinois,High Risk
C00377,52,Male,54900,Unemployed,527,Richmond,Texas,Very High Risk
C00378,45,Male,51700,Self-Employed,622,Fresno,Florida,High Risk
C00379,60,Female,49800,Self-Employed,717,Plano,California,Medium Risk
C00380,65,Male,62000,Self-Employed,686,Dallas,Florida,Medium Risk
C00381,21,Male,67500,Full-Time,850,Buffalo,Virginia,Low Risk
C00382,36,Male,51400,Full-Time,662,Phoenix,Florida,High Risk
C00383,59,Male,55300,Full-Time,656,Buffalo,New York,High Risk
C00384,25,Female,62700,Full-Time,770,Norfolk,Texas,Low Risk
C00385,42,Male,59900,Full-Time,545,San Jose,New York,Very High Risk
C00386,49,Male,65900,Unemployed,579,Austin,Virginia,Very High Risk
C00387,23,Female,47900,Full-Time,740,Plano,Florida,Medium Risk
C00388,32,Female,102200,Retired,675,Houston,Georgia,High Risk
C00389,46,Male,67900,Part-Time,677,Aurora,Arizona,High Risk
C00390,36,Female,51800,Full-Time,620,Tampa,Illinois,High Risk
C00391,57,Male,75900,Full-Time,708,Aurora,Texas,Medium Risk
C00392,42,Male,62900,Full-Time,629,Savannah,Texas,High Risk
C00393,49,Female,29800,Retired,695,Miami,Georgia,Medium Risk
C00394,34,Female,75800,Self-Employed,603,Savannah,Florida,High Risk
C00395,48,Male,41100,Full-Time,676,San Jose,Virginia,High Risk
C00396,25,Male,99000,Retired,842,Mesa,New York,Low Risk
C00397,67,Male,58300,Self-Employed,658,Aurora,Georgia,High Risk
C00398,50,Male,92300,Full-Time,680,Chicago,Illinois,Medium Risk
C00399,66,Male,48900,Part-Time,675,Naperville,California,High Risk
C00400,25,Male,67100,Part-Time,703,Los Angeles,New York,Medium Risk
C00401,32,Female,112100,Full-Time,725,New York,Texas,Medium Risk
C00402,36,Female,57600,Self-Employed,709,Irving,Georgia,Medium Risk
C00403,46,Male,49800,Full-Time,711,San Jose,Virginia,Medium Risk
C00404,46,Female,87300,Full-Time,676,San Jose,New York,High Risk
C00405,41,Male,86500,Full-Time,698,Aurora,California,Medium Risk
C00406,59,Male,50800,Retired,674,Fresno,Virginia,High Risk
C00407,56,Male,26600,Self-Employed,554,New York,Arizona,Very High Risk
C00408,53,Female,49400,Full-Time,850,New York,Arizona,Low Risk
C00409,50,Male,88200,Full-Time,745,Atlanta,Illinois,Medium Risk
C00410,57,Female,45900,Full-Time,617,New York,Arizona,High Risk
C00411,43,Female,64700,Self-Employed,707,Chicago,Arizona,Medium Risk
C00412,30,Male,48400,Full-Time,589,Plano,Georgia,Very High Risk
C00413,25,Male,27200,Self-Employed,653,New York,Illinois,High Risk
C00414,56,Female,48000,Retired,579,Arlington,California,Very High Risk
C00415,54,Female,88000,Part-Time,686,Augusta,California,Medium Risk
C00416,51,Female,22400,Full-Time,571,Savannah,Arizona,Very High Risk
C00417,30,Male,72800,Full-Time,719,Tampa,Florida,Medium Risk
C00418,39,Female,38100,Full-Time,741,Phoenix,Virginia,Medium Risk
C00419,52,Male,85500,Part-Time,628,Mesa,Virginia,High Risk
C00420,21,Female,89600,Part-Time,702,Rochester,Texas,Medium Risk
C00421,25,Female,60200,Full-Time,624,Augusta,Florida,High Risk
C00422,65,Female,60200,Full-Time,728,Los Angeles,New York,Medium Risk
C00423,24,Male,45200,Unemployed,638,Aurora,California,High Risk
C00424,36,Female,35500,Full-Time,749,San Diego,Florida,Medium Risk
C00425,44,Male,139600,Full-Time,554,Plano,Texas,Very High Risk
C00426,36,Male,44000,Self-Employed,615,Jacksonville,Texas,High Risk
C00427,22,Male,131600,Full-Time,607,Phoenix,California,High Risk
C00428,48,Female,44200,Self-Employed,705,San Jose,Virginia,Medium Risk
C00429,52,Female,82300,Self-Employed,732,Tampa,Georgia,Medium Risk
C00430,47,Male,39000,Part-Time,711,Dallas,Virginia,Medium Risk
C00431,40,Female,82300,Full-Time,652,Fresno,Florida,High Risk
C00432,44,Male,56100,Full-Time,480,San Jose,Illinois,Very High Risk
C00433,32,Male,56500,Full-Time,693,Fresno,Virginia,Medium Risk
C00434,55,Male,85500,Full-Time,749,Irving,California,Medium Risk
C00435,53,Female,52600,Retired,850,Jacksonville,Arizona,Low Risk
C00436,53,Female,34200,Part-Time,658,New York,New York,High Risk
C00437,63,Male,91600,Full-Time,640,Houston,Florida,High Risk
C00438,57,Female,38800,Unemployed,714,Chicago,Florida,Medium Risk
C00439,32,Male,82000,Self-Employed,671,Fresno,California,High Risk
C00440,23,Female,100700,Full-Time,786,Atlanta,Georgia,Low Risk
C00441,21,Male,54900,Full-Time,629,Buffalo,Florida,High Risk
C00442,53,Female,110700,Full-Time,671,Atlanta,Florida,High Risk
C00443,60,Female,80700,Retired,756,Houston,New York,Low Risk
C00444,30,Female,47500,Full-Time,713,Plano,Georgia,Medium Risk
C00445,63,Male,122100,Unemployed,777,Norfolk,New York,Low Risk
C00446,64,Female,38900,Full-Time,657,Arlington,Illinois,High Risk
C00447,49,Male,54900,Unemployed,785,Jacksonville,New York,Low Risk
C00448,33,Female,59200,Full-Time,565,Houston,Arizona,Very High Risk
C00449,32,Male,85300,Retired,568,Aurora,Illinois,Very High Risk
C00450,51,Male,107400,Unemployed,786,Tempe,New York,Low Risk
C00451,66,Female,104400,Full-Time,691,Rochester,Illinois,Medium Risk
C00452,22,Female,71900,Self-Employed,759,Phoenix,Georgia,Low Risk
C00453,55,Male,57300,Self-Employed,697,Arlington,New York,Medium Risk
C00454,43,Female,28600,Unemployed,689,Miami,New York,Medium Risk
C00455,37,Female,36000,Full-Time,590,Plano,California,Very High Risk
C00456,46,Female,143900,Full-Time,688,New York,New York,Medium Risk
C00457,28,Male,28500,Unemployed,792,Plano,Illinois,Low Risk
C00458,49,Female,45700,Self-Employed,694,Aurora,California,Medium Risk
C00459,46,Male,108800,Full-Time,741,Dallas,Illinois,Medium Risk
C00460,30,Male,71400,Self-Employed,739,Jacksonville,Virginia,Medium Risk
C00461,46,Female,98700,Full-Time,614,Los Angeles,New York,High Risk
C00462,54,Female,83000,Self-Employed,754,Augusta,New York,Low Risk
C00463,61,Female,125900,Full-Time,666,Chicago,Virginia,High Risk
C00464,27,Male,74200,Full-Time,671,Arlington,Illinois,High Risk
C00465,24,Male,87600,Full-Time,847,Chicago,Virginia,Low Risk
C00466,65,Male,46900,Full-Time,735,Augusta,Georgia,Medium Risk
C00467,31,Male,84600,Full-Time,642,Orlando,Georgia,High Risk
C00468,49,Male,54400,Full-Time,695,Los Angeles,Arizona,Medium Risk
C00469,56,Male,53000,Full-Time,693,Atlanta,Georgia,Medium Risk
C00470,45,Female,97200,Full-Time,816,Austin,Florida,Low Risk
C00471,41,Female,97500,Self-Employed,693,New York,California,Medium Risk
C00472,56,Female,139000,Full-Time,850,Mesa,California,Low Risk
C00473,30,Female,134900,Full-Time,593,Los Angeles,Virginia,Very High Risk
C00474,57,Male,98200,Part-Time,688,Chicago,Georgia,Medium Risk
C00475,29,Male,30000,Unemployed,633,Austin,Virginia,High Risk
C00476,44,Female,147900,Self-Employed,653,Chicago,New York,High Risk
C00477,55,Female,98200,Full-Time,655,Naperville,California,High Risk
C00478,55,Female,46100,Self-Employed,637,Aurora,Illinois,High Risk
C00479,56,Male,90200,Retired,820,Irving,New York,Low Risk
C00480,38,Male,40800,Full-Time,797,Buffalo,California,Low Risk
C00481,59,Female,85900,Retired,720,Austin,Texas,Medium Risk
C00482,52,Female,35900,Full-Time,654,Phoenix,California,High Risk
C00483,44,Female,45200,Full-Time,639,San Jose,Georgia,High Risk
C00484,43,Male,89500,Full-Time,746,San Diego,Illinois,Medium Risk
C00485,52,Female,105300,Part-Time,713,Aurora,California,Medium Risk
C00486,57,Female,75300,Full-Time,679,Miami,Virginia,High Risk
C00487,32,Female,57100,Full-Time,731,Richmond,Arizona,Medium Risk
C00488,33,Male,25100,Full-Time,757,Phoenix,Florida,Low Risk
C00489,43,Female,59200,Full-Time,678,Miami,Georgia,High Risk
C00490,45,Female,82600,Full-Time,631,Naperville,Arizona,High Risk
C00491,55,Female,56400,Full-Time,591,Phoenix,Arizona,Very High Risk
C00492,61,Male,64300,Full-Time,709,Dallas,Florida,Medium Risk
C00493,50,Male,59800,Retired,850,Plano,New York,Low Risk
C00494,37,Female,56200,Full-Time,607,Norfolk,Virginia,High Risk
C00495,40,Male,67300,Full-Time,772,Richmond,Florida,Low Risk
C00496,45,Female,57500,Full-Time,639,Dallas,Illinois,High Risk
C00497,42,Male,124400,Full-Time,654,Fresno,Texas,High Risk
C00498,33,Female,24100,Full-Time,759,Buffalo,Texas,Low Risk
C00499,39,Female,50800,Full-Time,671,Aurora,New York,High Risk
C00500,56,Male,43900,Self-Employed,709,Aurora,Virginia,Medium Risk
C00501,32,Male,71700,Full-Time,707,Augusta,New York,Medium Risk
C00502,61,Female,67300,Full-Time,639,San Diego,Virginia,High Risk
C00503,39,Female,134900,Full-Time,757,New York,Florida,Low Risk
C00504,32,Male,156400,Self-Employed,685,Aurora,Virginia,Medium Risk
C00505,29,Female,45900,Self-Employed,586,Atlanta,Arizona,Very High Risk
C00506,27,Male,65000,Full-Time,623,Naperville,Illinois,High Risk
C00507,48,Male,71000,Full-Time,456,Irving,Florida,Very High Risk
C00508,34,Male,45400,Retired,694,Fresno,Illinois,Medium Risk
C00509,51,Female,86200,Full-Time,788,Aurora,Virginia,Low Risk
C00510,39,Male,58400,Full-Time,611,Jacksonville,Illinois,High Risk
C00511,67,Male,40200,Full-Time,734,Irving,Texas,Medium Risk
C00512,36,Female,57300,Part-Time,722,Tempe,Arizona,Medium Risk
C00513,25,Male,41500,Retired,634,Augusta,Illinois,High Risk
C00514,55,Male,103600,Retired,805,Atlanta,California,Low Risk
C00515,32,Male,152900,Self-Employed,670,Buffalo,Illinois,High Risk
C00516,45,Female,72600,Full-Time,841,Richmond,Virginia,Low Risk
C00517,41,Female,68300,Full-Time,567,Tempe,Texas,Very High Risk
C00518,56,Female,69600,Full-Time,670,Naperville,Georgia,High Risk
C00519,43,Female,110700,Retired,679,Atlanta,Florida,High Risk
C00520,36,Female,109600,Self-Employed,687,Orlando,Illinois,Medium Risk
C00521,59,Female,61700,Full-Time,744,Fresno,California,Medium Risk
C00522,65,Female,72800,Full-Time,850,Savannah,Virginia,Low Risk
C00523,62,Male,87200,Full-Time,724,Augusta,New York,Medium Risk
C00524,59,Female,39000,Retired,692,Norfolk,Florida,Medium Risk
C00525,34,Female,112200,Full-Time,608,Rochester,New York,High Risk
C00526,51,Male,141900,Full-Time,548,Orlando,California,Very High Risk
C00527,25,Male,109800,Full-Time,778,Plano,Texas,Low Risk
C00528,55,Male,37100,Full-Time,649,Mesa,Georgia,High Risk
C00529,43,Male,26800,Unemployed,850,San Jose,Arizona,Low Risk
C00530,49,Male,89400,Retired,755,Phoenix,Texas,Low Risk
C00531,63,Male,46200,Retired,716,Mesa,Georgia,Medium Risk
C00532,31,Male,74000,Self-Employed,720,Savannah,Arizona,Medium Risk
C00533,38,Female,129700,Full-Time,720,Irving,Florida,Medium Risk
C00534,67,Male,48400,Part-Time,638,Orlando,Illinois,High Risk
C00535,32,Female,54800,Full-Time,559,Orlando,Illinois,Very High Risk
C00536,29,Female,73600,Self-Employed,649,Fresno,Virginia,High Risk
C00537,30,Female,36300,Full-Time,689,Orlando,New York,Medium Risk
C00538,64,Female,46200,Part-Time,641,Irving,Texas,High Risk
C00539,37,Male,65700,Full-Time,594,Fresno,Virginia,Very High Risk
C00540,58,Female,56800,Full-Time,634,Dallas,Illinois,High Risk
C00541,27,Female,85500,Self-Employed,768,Richmond,Virginia,Low Risk
C00542,66,Male,225700,Unemployed,746,Miami,Georgia,Medium Risk
C00543,33,Male,68000,Full-Time,703,Arlington,Arizona,Medium Risk
C00544,60,Male,44500,Full-Time,734,San Jose,Illinois,Medium Risk
C00545,62,Male,123100,Unemployed,605,Naperville,Texas,High Risk
C00546,29,Male,31800,Self-Employed,630,Rochester,Texas,High Risk
C00547,47,Female,34800,Full-Time,713,Jacksonville,California,Medium Risk
C00548,22,Female,49700,Part-Time,615,Tempe,Arizona,High Risk
C00549,25,Female,57200,Full-Time,698,Irving,New York,Medium Risk
C00550,49,Female,49200,Full-Time,595,Aurora,Virginia,Very High Risk
C00551,57,Female,64100,Unemployed,566,Fresno,Arizona,Very High Risk
C00552,58,Female,73600,Full-Time,745,Houston,Virginia,Medium Risk
C00553,39,Female,105200,Full-Time,767,New York,Texas,Low Risk
C00554,28,Male,67700,Full-Time,643,San Diego,Arizona,High Risk
C00555,65,Female,50500,Full-Time,576,Tampa,California,Very High Risk
C00556,21,Female,102600,Full-Time,524,Tempe,Arizona,Very High Risk
C00557,42,Male,45000,Full-Time,828,San Diego,Texas,Low Risk
C00558,37,Female,31200,Full-Time,698,Orlando,Florida,Medium Risk
C00559,27,Female,111800,Full-Time,644,Augusta,Georgia,High Risk
C00560,45,Female,108700,Full-Time,663,Buffalo,Georgia,High Risk
C00561,65,Male,45500,Full-Time,547,Norfolk,Florida,Very High Risk
C00562,24,Female,54300,Part-Time,736,San Diego,Florida,Medium Risk
C00563,56,Male,43000,Full-Time,840,Atlanta,Virginia,Low Risk
C00564,26,Male,75300,Full-Time,631,Richmond,Virginia,High Risk
C00565,51,Male,141700,Part-Time,850,Chicago,Texas,Low Risk
C00566,39,Male,89200,Retired,681,Irving,Virginia,Medium Risk
C00567,64,Female,103600,Retired,815,San Jose,Illinois,Low Risk
C00568,59,Male,94000,Full-Time,713,Miami,Illinois,Medium Risk
C00569,47,Male,65000,Self-Employed,713,Los Angeles,Florida,Medium Risk
C00570,30,Male,105800,Full-Time,828,Savannah,New York,Low Risk
C00571,46,Male,90900,Full-Time,749,Plano,Georgia,Medium Risk
C00572,39,Male,124200,Full-Time,718,Richmond,California,Medium Risk
C00573,59,Male,52900,Full-Time,544,Norfolk,Florida,Very High Risk
C00574,23,Female,29700,Full-Time,577,Irving,Georgia,Very High Risk
C00575,65,Male,104000,Part-Time,724,Miami,California,Medium Risk
C00576,33,Male,76100,Self-Employed,800,Norfolk,Arizona,Low Risk
C00577,48,Female,56900,Full-Time,700,Austin,California,Medium Risk
C00578,40,Female,58300,Full-Time,646,Jacksonville,Florida,High Risk
C00579,48,Male,205200,Full-Time,552,Rochester,Illinois,Very High Risk
C00580,28,Female,48700,Full-Time,631,Buffalo,New York,High Risk
C00581,61,Female,44300,Retired,700,Plano,Georgia,Medium Risk
C00582,59,Female,67500,Self-Employed,626,Austin,Florida,High Risk
C00583,21,Male,110600,Retired,618,Atlanta,California,High Risk
C00584,23,Female,181200,Part-Time,686,Aurora,Virginia,Medium Risk
C00585,33,Female,87400,Full-Time,799,Atlanta,Georgia,Low Risk
C00586,48,Male,36700,Full-Time,741,Atlanta,Texas,Medium Risk
C00587,45,Female,157800,Full-Time,711,Buffalo,Arizona,Medium Risk
C00588,53,Female,64400,Full-Time,704,Augusta,Virginia,Medium Risk
C00589,58,Female,44600,Self-Employed,731,Norfolk,Texas,Medium Risk
C00590,26,Female,40000,Full-Time,682,Irving,Georgia,Medium Risk
C00591,64,Female,94700,Full-Time,659,Phoenix,Georgia,High Risk
C00592,65,Female,72400,Self-Employed,745,Orlando,California,Medium Risk
C00593,52,Female,75900,Self-Employed,673,Phoenix,Virginia,High Risk
C00594,65,Female,116000,Full-Time,601,Austin,Florida,High Risk
C00595,67,Female,45300,Part-Time,798,Fresno,Virginia,Low Risk
C00596,41,Male,120200,Full-Time,550,San Diego,Illinois,Very High Risk
C00597,36,Male,51500,Full-Time,804,Phoenix,Florida,Low Risk
C00598,41,Female,172100,Full-Time,728,Plano,New York,Medium Risk
C00599,31,Male,85100,Full-Time,617,Buffalo,Georgia,High Risk
C00600,57,Female,43000,Part-Time,692,Tampa,Texas,Medium Risk
C00601,56,Female,26100,Full-Time,658,Rochester,California,High Risk
C00602,55,Female,93500,Self-Employed,751,Richmond,Virginia,Low Risk
C00603,39,Female,54900,Unemployed,749,Rochester,Illinois,Medium Risk
C00604,40,Female,60600,Full-Time,725,Rochester,Arizona,Medium Risk
C00605,38,Male,91800,Self-Employed,746,Naperville,Florida,Medium Risk
C00606,67,Female,102400,Full-Time,681,Austin,New York,Medium Risk
C00607,61,Male,112700,Full-Time,822,Norfolk,Virginia,Low Risk
C00608,34,Male,38300,Part-Time,782,Augusta,Florida,Low Risk
C00609,35,Male,123500,Part-Time,654,Atlanta,Arizona,High Risk
C00610,51,Male,50100,Full-Time,751,Houston,New York,Low Risk
C00611,21,Male,23500,Unemployed,744,Dallas,Florida,Medium Risk
C00612,23,Male,38200,Full-Time,671,Augusta,Illinois,High Risk
C00613,36,Female,71700,Retired,665,San Jose,Virginia,High Risk
C00614,43,Female,41800,Full-Time,781,Tempe,Illinois,Low Risk
C00615,31,Male,62500,Full-Time,689,Buffalo,California,Medium Risk
C00616,32,Male,75700,Full-Time,710,Tempe,Illinois,Medium Risk
C00617,30,Female,59900,Full-Time,795,Savannah,New York,Low Risk
C00618,52,Female,52000,Part-Time,850,Richmond,California,Low Risk
C00619,36,Female,37000,Part-Time,651,Augusta,Arizona,High Risk
C00620,28,Male,65600,Full-Time,673,Irving,Illinois,High Risk
C00621,58,Female,25700,Full-Time,696,Atlanta,Texas,Medium Risk
C00622,32,Male,47700,Full-Time,697,Tampa,Virginia,Medium Risk
C00623,44,Female,42800,Full-Time,718,Atlanta,Arizona,Medium Risk
C00624,48,Male,58400,Part-Time,653,Atlanta,New York,High Risk
C00625,28,Male,59100,Self-Employed,595,Houston,Arizona,Very High Risk
C00626,48,Male,100100,Retired,822,Augusta,Virginia,Low Risk
C00627,56,Male,132500,Full-Time,736,Buffalo,Arizona,Medium Risk
C00628,46,Male,39300,Full-Time,659,Los Angeles,California,High Risk
C00629,28,Female,159400,Full-Time,723,Irving,New York,Medium Risk
C00630,48,Female,45800,Unemployed,827,Norfolk,California,Low Risk
C00631,48,Female,70200,Part-Time,631,Orlando,Virginia,High Risk
C00632,57,Female,81800,Full-Time,706,New York,Virginia,Medium Risk
C00633,61,Male,195300,Full-Time,586,Orlando,New York,Very High Risk
C00634,56,Female,50900,Part-Time,681,Fresno,Texas,Medium Risk
C00635,47,Female,29000,Self-Employed,736,Tempe,Virginia,Medium Risk
C00636,37,Male,127100,Unemployed,606,Miami,Arizona,High Risk
C00637,29,Male,44700,Full-Time,676,Los Angeles,Illinois,High Risk
C00638,53,Female,55200,Retired,750,Orlando,Florida,Low Risk
C00639,40,Male,39300,Full-Time,734,Fresno,Arizona,Medium Risk
C00640,33,Male,55300,Retired,603,Irving,Florida,High Risk
C00641,48,Female,44500,Self-Employed,718,Miami,Florida,Medium Risk
C00642,49,Female,88100,Part-Time,732,Atlanta,Arizona,Medium Risk
C00643,33,Female,67400,Self-Employed,698,New York,California,Medium Risk
C00644,66,Male,47800,Full-Time,772,Los Angeles,Illinois,Low Risk
C00645,55,Male,101800,Full-Time,646,Houston,Arizona,High Risk
C00646,26,Female,72900,Full-Time,721,Tempe,Georgia,Medium Risk
C00647,38,Female,28300,Full-Time,603,Phoenix,California,High Risk
C00648,25,Male,98300,Full-Time,570,Savannah,Arizona,Very High Risk
C00649,67,Male,70600,Full-Time,749,Miami,Virginia,Medium Risk
C00650,45,Male,121500,Unemployed,692,Augusta,Arizona,Medium Risk
C00651,22,Male,68700,Full-Time,655,Orlando,California,High Risk
C00652,30,Female,45500,Part-Time,610,Rochester,Arizona,High Risk
C00653,50,Female,59300,Part-Time,752,San Diego,California,Low Risk
C00654,65,Male,93300,Full-Time,577,Aurora,Arizona,Very High Risk
C00655,25,Male,46000,Full-Time,764,Mesa,Georgia,Low Risk
C00656,53,Female,53300,Full-Time,724,San Diego,Arizona,Medium Risk
C00657,21,Male,58800,Self-Employed,581,Tempe,Virginia,Very High Risk
C00658,38,Female,38800,Part-Time,699,Savannah,Virginia,Medium Risk
C00659,52,Female,46200,Full-Time,850,Buffalo,California,Low Risk
C00660,67,Female,70200,Self-Employed,779,Naperville,Virginia,Low Risk
C00661,31,Male,111700,Full-Time,628,Aurora,Virginia,High Risk
C00662,41,Male,75000,Part-Time,744,Buffalo,Illinois,Medium Risk
C00663,46,Male,63700,Full-Time,584,Aurora,Arizona,Very High Risk
C00664,45,Male,44700,Self-Employed,587,Austin,Florida,Very High Risk
C00665,42,Male,106400,Unemployed,685,Dallas,Virginia,Medium Risk
C00666,47,Female,79000,Self-Employed,731,Dallas,New York,Medium Risk
C00667,33,Female,47300,Full-Time,751,San Diego,California,Low Risk
C00668,53,Female,97400,Full-Time,752,Miami,Arizona,Low Risk
C00669,54,Male,83600,Self-Employed,727,Tampa,Illinois,Medium Risk
C00670,61,Female,45100,Full-Time,569,Arlington,Texas,Very High Risk
C00671,55,Female,62100,Full-Time,685,San Jose,New York,Medium Risk
C00672,21,Male,52100,Self-Employed,763,Augusta,California,Low Risk
C00673,41,Female,212600,Full-Time,723,Phoenix,California,Medium Risk
C00674,26,Male,82600,Full-Time,704,Chicago,Arizona,Medium Risk
C00675,48,Male,70700,Unemployed,715,New York,New York,Medium Risk
C00676,37,Male,80400,Full-Time,713,Chicago,New York,Medium Risk
C00677,25,Female,120900,Full-Time,543,Mesa,California,Very High Risk
C00678,51,Female,62600,Self-Employed,777,Savannah,Illinois,Low Risk
C00679,25,Male,49800,Unemployed,682,Phoenix,Texas,Medium Risk
C00680,58,Male,95000,Full-Time,743,Los Angeles,Arizona,Medium Risk
C00681,23,Male,60100,Part-Time,517,Atlanta,Virginia,Very High Risk
C00682,43,Male,40200,Self-Employed,815,Chicago,Virginia,Low Risk
C00683,57,Male,36800,Full-Time,603,Atlanta,Illinois,High Risk
C00684,57,Male,129400,Full-Time,850,Richmond,Virginia,Low Risk
C00685,30,Male,69000,Full-Time,849,Richmond,Virginia,Low Risk
C00686,30,Female,49900,Self-Employed,591,San Jose,Georgia,Very High Risk
C00687,39,Male,58500,Self-Employed,751,Jacksonville,Florida,Low Risk
C00688,37,Female,93500,Full-Time,614,Rochester,Florida,High Risk
C00689,41,Male,57000,Self-Employed,642,Tampa,Florida,High Risk
C00690,34,Male,33900,Self-Employed,644,Arlington,California,High Risk
C00691,29,Male,75300,Full-Time,724,Chicago,Arizona,Medium Risk
C00692,66,Male,112000,Part-Time,714,Aurora,Arizona,Medium Risk
C00693,21,Male,108600,Full-Time,600,San Jose,Texas,High Risk
C00694,65,Female,50500,Retired,723,Aurora,Texas,Medium Risk
C00695,33,Female,115100,Full-Time,675,Orlando,Arizona,High Risk
C00696,24,Male,71500,Part-Time,553,Jacksonville,Georgia,Very High Risk
C00697,21,Male,113600,Part-Time,657,Tampa,California,High Risk
C00698,60,Female,84100,Full-Time,815,Buffalo,California,Low Risk
C00699,52,Male,32800,Self-Employed,660,Richmond,Virginia,High Risk
C00700,54,Female,142700,Part-Time,552,Mesa,Virginia,Very High Risk
C00701,48,Female,66500,Unemployed,751,Austin,California,Low Risk
C00702,51,Female,84300,Part-Time,620,Austin,Texas,High Risk
C00703,28,Male,35500,Full-Time,706,Los Angeles,Virginia,Medium Risk
C00704,59,Male,81600,Unemployed,677,Austin,California,High Risk
C00705,46,Male,106800,Part-Time,822,Fresno,New York,Low Risk
C00706,54,Female,155300,Part-Time,677,Orlando,Virginia,High Risk
C00707,23,Female,122100,Retired,604,San Jose,New York,High Risk
C00708,32,Female,83400,Full-Time,655,Houston,New York,High Risk
C00709,21,Female,32400,Full-Time,598,Augusta,California,Very High Risk
C00710,64,Female,69000,Full-Time,674,Tempe,New York,High Risk
C00711,25,Female,49800,Part-Time,823,Atlanta,Arizona,Low Risk
C00712,50,Female,72200,Self-Employed,784,Buffalo,Georgia,Low Risk
C00713,50,Female,37600,Retired,843,Irving,California,Low Risk
C00714,37,Female,59100,Full-Time,726,San Diego,Georgia,Medium Risk
C00715,67,Male,51500,Self-Employed,701,San Jose,New York,Medium Risk
C00716,43,Female,50800,Unemployed,615,San Diego,California,High Risk
C00717,35,Male,51000,Part-Time,710,San Jose,Illinois,Medium Risk
C00718,57,Male,61100,Full-Time,680,Houston,Florida,Medium Risk
C00719,41,Female,73900,Part-Time,748,Dallas,Illinois,Medium Risk
C00720,34,Female,22000,Retired,606,Augusta,Florida,High Risk
C00721,22,Female,22300,Retired,694,Irving,Florida,Medium Risk
C00722,31,Male,55800,Part-Time,572,Orlando,New York,Very High Risk
C00723,59,Female,59500,Unemployed,715,Houston,Florida,Medium Risk
C00724,58,Male,70800,Full-Time,741,Plano,Florida,Medium Risk
C00725,54,Female,46800,Full-Time,568,Chicago,Illinois,Very High Risk
C00726,58,Male,65300,Retired,590,Mesa,Florida,Very High Risk
C00727,54,Female,68800,Full-Time,593,Tampa,California,Very High Risk
C00728,38,Female,46700,Full-Time,677,Plano,Georgia,High Risk
C00729,50,Male,102600,Full-Time,585,Fresno,Arizona,Very High Risk
C00730,35,Female,70400,Part-Time,793,Los Angeles,Georgia,Low Risk
C00731,47,Female,83100,Part-Time,723,Los Angeles,Virginia,Medium Risk
C00732,54,Male,67000,Full-Time,735,Aurora,California,Medium Risk
C00733,58,Male,167500,Unemployed,571,Augusta,Virginia,Very High Risk
C00734,53,Male,85000,Unemployed,787,Austin,Arizona,Low Risk
C00735,44,Male,52200,Full-Time,739,Buffalo,Virginia,Medium Risk
C00736,35,Female,94000,Full-Time,639,San Diego,New York,High Risk
C00737,50,Female,31100,Self-Employed,574,Jacksonville,Arizona,Very High Risk
C00738,62,Male,68600,Part-Time,684,Miami,Arizona,Medium Risk
C00739,37,Male,75000,Full-Time,655,Houston,Virginia,High Risk
C00740,25,Female,68900,Full-Time,658,Rochester,Illinois,High Risk
C00741,49,Male,55900,Full-Time,637,Fresno,Arizona,High Risk
C00742,24,Male,41200,Full-Time,744,Savannah,Arizona,Medium Risk
C00743,30,Male,45600,Full-Time,495,Norfolk,Texas,Very High Risk
C00744,37,Female,68100,Part-Time,797,Miami,Georgia,Low Risk
C00745,30,Female,39400,Self-Employed,765,Naperville,Illinois,Low Risk
C00746,37,Female,144200,Self-Employed,706,Chicago,Georgia,Medium Risk
C00747,40,Male,22000,Full-Time,679,Dallas,Texas,High Risk
C00748,44,Female,56200,Self-Employed,771,Jacksonville,Virginia,Low Risk
C00749,25,Female,68300,Full-Time,687,Houston,Florida,Medium Risk
C00750,54,Female,81700,Full-Time,669,Buffalo,Texas,High Risk
C00751,26,Male,43000,Self-Employed,775,Richmond,Florida,Low Risk
C00752,22,Female,108300,Part-Time,847,Miami,Georgia,Low Risk
C00753,33,Female,34700,Full-Time,617,Atlanta,Virginia,High Risk
C00754,63,Male,50400,Part-Time,722,Fresno,Arizona,Medium Risk
C00755,63,Male,85900,Unemployed,609,San Jose,Illinois,High Risk
C00756,31,Female,103800,Full-Time,728,Atlanta,Illinois,Medium Risk
C00757,67,Female,34600,Self-Employed,632,Los Angeles,New York,High Risk
C00758,43,Female,213700,Retired,781,Phoenix,Georgia,Low Risk
C00759,36,Female,43400,Self-Employed,682,Miami,New York,Medium Risk
C00760,51,Female,36000,Full-Time,693,Tempe,Virginia,Medium Risk
C00761,31,Male,81500,Full-Time,812,Atlanta,Arizona,Low Risk
C00762,36,Male,55600,Full-Time,635,Chicago,Georgia,High Risk
C00763,28,Female,52000,Full-Time,741,Irving,Virginia,Medium Risk
C00764,24,Male,85000,Self-Employed,642,New York,Arizona,High Risk
C00765,60,Male,32700,Full-Time,780,Chicago,Florida,Low Risk
C00766,24,Female,30200,Retired,824,Orlando,Georgia,Low Risk
C00767,45,Female,49700,Full-Time,670,Arlington,Georgia,High Risk
C00768,23,Male,105600,Self-Employed,525,Houston,Florida,Very High Risk
C00769,52,Male,50700,Full-Time,638,Phoenix,California,High Risk
C00770,23,Male,133500,Full-Time,850,Phoenix,Arizona,Low Risk
C00771,47,Male,111600,Self-Employed,646,Chicago,California,High Risk
C00772,49,Female,73800,Full-Time,823,Mesa,Georgia,Low Risk
C00773,52,Male,75700,Full-Time,645,Plano,California,High Risk
C00774,39,Female,73800,Full-Time,643,Savannah,Illinois,High Risk
C00775,41,Female,69800,Full-Time,748,Augusta,Georgia,Medium Risk
C00776,25,Female,55100,Self-Employed,739,Dallas,Texas,Medium Risk
C00777,38,Male,58100,Retired,754,Norfolk,Florida,Low Risk
C00778,48,Male,40200,Full-Time,690,Aurora,New York,Medium Risk
C00779,62,Male,24000,Part-Time,768,San Diego,Virginia,Low Risk
C00780,42,Male,106800,Part-Time,762,Augusta,Virginia,Low Risk
C00781,41,Female,69800,Retired,776,Los Angeles,Florida,Low Risk
C00782,26,Male,65200,Retired,643,Los Angeles,Georgia,High Risk
C00783,21,Female,77800,Self-Employed,768,New York,Texas,Low Risk
C00784,25,Male,44800,Full-Time,651,Phoenix,Florida,High Risk
C00785,61,Male,41400,Full-Time,678,Richmond,New York,High Risk
C00786,32,Female,57200,Full-Time,677,Tampa,Virginia,High Risk
C00787,46,Female,120300,Part-Time,615,New York,New York,High Risk
C00788,66,Male,38400,Self-Employed,560,New York,Virginia,Very High Risk
C00789,54,Male,22000,Part-Time,782,Tampa,Texas,Low Risk
C00790,34,Male,51400,Self-Employed,637,Fresno,New York,High Risk
C00791,46,Female,108700,Full-Time,670,Fresno,Illinois,High Risk
C00792,65,Male,29800,Self-Employed,635,Plano,New York,High Risk
C00793,47,Female,38200,Full-Time,671,Aurora,Arizona,High Risk
C00794,29,Female,73200,Full-Time,652,Irving,Texas,High Risk
C00795,46,Female,206600,Full-Time,786,Richmond,Texas,Low Risk
C00796,67,Male,35300,Unemployed,646,Phoenix,Florida,High Risk
C00797,42,Male,34700,Full-Time,819,Tampa,New York,Low Risk
C00798,67,Female,75700,Self-Employed,775,New York,New York,Low Risk
C00799,50,Male,111800,Full-Time,654,Norfolk,Georgia,High Risk
C00800,63,Male,49100,Full-Time,714,Jacksonville,Georgia,Medium Risk
C00801,37,Male,31300,Unemployed,729,Austin,Texas,Medium Risk
C00802,46,Male,79000,Part-Time,753,Buffalo,Georgia,Low Risk
C00803,56,Male,85700,Full-Time,761,Buffalo,Florida,Low Risk
C00804,21,Male,144700,Full-Time,704,Austin,Arizona,Medium Risk
C00805,28,Female,87400,Unemployed,618,Atlanta,Florida,High Risk
C00806,55,Female,94400,Full-Time,738,Naperville,Illinois,Medium Risk
C00807,35,Male,57800,Part-Time,672,Buffalo,Arizona,High Risk
C00808,67,Male,195000,Full-Time,481,Naperville,Illinois,Very High Risk
C00809,42,Female,54300,Full-Time,719,San Jose,Texas,Medium Risk
C00810,34,Female,49400,Full-Time,635,Phoenix,Florida,High Risk
C00811,46,Male,146700,Part-Time,656,Jacksonville,Florida,High Risk
C00812,48,Female,33500,Self-Employed,690,Phoenix,Illinois,Medium Risk
C00813,43,Female,28300,Full-Time,573,Miami,Arizona,Very High Risk
C00814,34,Female,68600,Self-Employed,700,Plano,Georgia,Medium Risk
C00815,44,Female,64900,Self-Employed,666,Orlando,Illinois,High Risk
C00816,22,Female,58700,Unemployed,624,Mesa,Virginia,High Risk
C00817,65,Female,101700,Full-Time,693,Augusta,Texas,Medium Risk
C00818,46,Male,43200,Full-Time,563,Naperville,Arizona,Very High Risk
C00819,34,Female,66900,Unemployed,696,Fresno,Florida,Medium Risk
C00820,27,Female,55300,Full-Time,725,Fresno,Texas,Medium Risk
C00821,23,Male,43500,Full-Time,713,Los Angeles,Illinois,Medium Risk
C00822,67,Female,63200,Unemployed,749,Miami,Virginia,Medium Risk
C00823,43,Male,95400,Full-Time,777,Augusta,New York,Low Risk
C00824,66,Male,168800,Full-Time,684,Tempe,Illinois,Medium Risk
C00825,63,Male,84400,Full-Time,772,San Jose,Florida,Low Risk
C00826,67,Female,22000,Self-Employed,684,Buffalo,Texas,Medium Risk
C00827,65,Female,63900,Full-Time,638,Los Angeles,Georgia,High Risk
C00828,38,Male,66500,Unemployed,661,San Diego,Georgia,High Risk
C00829,58,Female,99100,Part-Time,710,Atlanta,Florida,Medium Risk
C00830,55,Male,70600,Full-Time,771,Chicago,Illinois,Low Risk
C00831,35,Female,114200,Full-Time,690,Houston,Illinois,Medium Risk
C00832,45,Female,77500,Full-Time,639,San Jose,California,High Risk
C00833,57,Female,131100,Part-Time,798,Norfolk,Illinois,Low Risk
C00834,48,Female,53400,Full-Time,582,Jacksonville,Florida,Very High Risk
C00835,30,Male,69400,Unemployed,640,Tempe,Arizona,High Risk
C00836,59,Male,94300,Full-Time,757,New York,Virginia,Low Risk
C00837,37,Female,50200,Full-Time,822,Aurora,Arizona,Low Risk
C00838,59,Male,45600,Full-Time,726,Phoenix,Texas,Medium Risk
C00839,42,Female,49000,Self-Employed,709,Chicago,Texas,Medium Risk
C00840,46,Female,46400,Full-Time,668,Aurora,California,High Risk
C00841,64,Male,82200,Full-Time,731,New York,Georgia,Medium Risk
C00842,45,Female,28500,Unemployed,700,Tempe,Florida,Medium Risk
C00843,37,Female,32300,Part-Time,633,Orlando,Virginia,High Risk
C00844,33,Female,150300,Part-Time,667,Miami,Illinois,High Risk
C00845,40,Male,46900,Part-Time,625,Jacksonville,New York,High Risk
C00846,45,Male,71100,Self-Employed,691,Atlanta,Texas,Medium Risk
C00847,24,Male,33300,Full-Time,702,Rochester,Florida,Medium Risk
C00848,30,Female,67800,Full-Time,813,New York,Arizona,Low Risk
C00849,23,Female,47000,Self-Employed,645,Austin,California,High Risk
C00850,61,Female,32200,Full-Time,676,Aurora,New York,High Risk
C00851,65,Male,118600,Self-Employed,784,Arlington,Georgia,Low Risk
C00852,38,Male,110700,Full-Time,825,Los Angeles,Florida,Low Risk
C00853,67,Female,61900,Full-Time,726,Atlanta,Virginia,Medium Risk
C00854,56,Female,101900,Full-Time,671,Austin,Illinois,High Risk
C00855,67,Female,153100,Full-Time,655,Naperville,Georgia,High Risk
C00856,42,Female,91300,Part-Time,552,Richmond,Arizona,Very High Risk
C00857,54,Female,80700,Full-Time,620,Austin,Texas,High Risk
C00858,67,Female,71100,Full-Time,698,Tampa,Arizona,Medium Risk
C00859,28,Female,87100,Retired,676,San Jose,Illinois,High Risk
C00860,60,Male,55200,Full-Time,737,Mesa,California,Medium Risk
C00861,64,Female,57400,Self-Employed,675,Mesa,Texas,High Risk
C00862,39,Female,79600,Unemployed,636,Irving,New York,High Risk
C00863,62,Male,52500,Retired,716,Chicago,Texas,Medium Risk
C00864,61,Male,55100,Unemployed,850,Miami,Arizona,Low Risk
C00865,57,Male,65000,Full-Time,666,Savannah,Illinois,High Risk
C00866,26,Female,109100,Retired,700,Chicago,Georgia,Medium Risk
C00867,46,Male,39000,Self-Employed,754,Fresno,Florida,Low Risk
C00868,54,Male,91500,Self-Employed,647,Jacksonville,Arizona,High Risk
C00869,65,Male,92800,Full-Time,785,Miami,Florida,Low Risk
C00870,26,Male,92600,Retired,572,San Jose,Florida,Very High Risk
C00871,57,Female,45200,Self-Employed,659,San Diego,Virginia,High Risk
C00872,53,Male,30300,Self-Employed,667,Plano,Arizona,High Risk
C00873,42,Female,83600,Full-Time,701,Plano,Arizona,Medium Risk
C00874,41,Male,70700,Full-Time,542,Houston,Arizona,Very High Risk
C00875,26,Male,102100,Retired,791,Fresno,California,Low Risk
C00876,26,Male,47400,Full-Time,721,Mesa,California,Medium Risk
C00877,24,Female,91500,Full-Time,774,New York,Florida,Low Risk
C00878,50,Female,104500,Self-Employed,811,Tempe,New York,Low Risk
C00879,31,Male,62300,Full-Time,634,Orlando,Illinois,High Risk
C00880,50,Female,78400,Full-Time,503,Savannah,New York,Very High Risk
C00881,51,Male,77200,Full-Time,776,San Diego,Arizona,Low Risk
C00882,44,Female,44900,Full-Time,669,Norfolk,Arizona,High Risk
C00883,29,Female,82500,Full-Time,605,Mesa,Virginia,High Risk
C00884,23,Female,134900,Full-Time,733,Naperville,Florida,Medium Risk
C00885,51,Female,65700,Full-Time,850,Houston,Illinois,Low Risk
C00886,60,Female,33700,Part-Time,682,Plano,California,Medium Risk
C00887,57,Female,47700,Unemployed,761,Mesa,Texas,Low Risk
C00888,56,Female,29200,Full-Time,616,Phoenix,Texas,High Risk
C00889,44,Female,116200,Full-Time,563,Augusta,Illinois,Very High Risk
C00890,51,Female,91700,Full-Time,759,Savannah,New York,Low Risk
C00891,26,Female,51900,Self-Employed,731,Norfolk,Virginia,Medium Risk
C00892,22,Female,34300,Retired,655,Phoenix,Illinois,High Risk
C00893,40,Female,44700,Full-Time,818,Naperville,New York,Low Risk
C00894,48,Female,48800,Full-Time,558,Savannah,Arizona,Very High Risk
C00895,31,Male,68300,Part-Time,598,Aurora,Georgia,Very High Risk
C00896,24,Male,67300,Self-Employed,649,Savannah,New York,High Risk
C00897,35,Male,118900,Full-Time,663,San Diego,Virginia,High Risk
C00898,26,Male,47600,Part-Time,800,Orlando,Texas,Low Risk
C00899,50,Male,33000,Self-Employed,694,Miami,California,Medium Risk
C00900,58,Female,38600,Retired,676,Orlando,Florida,High Risk
C00901,22,Female,64300,Full-Time,595,Phoenix,Arizona,Very High Risk
C00902,35,Female,46800,Retired,771,Fresno,California,Low Risk
C00903,31,Male,57000,Full-Time,605,Austin,Florida,High Risk
C00904,28,Female,53000,Self-Employed,594,Tempe,Georgia,Very High Risk
C00905,46,Female,101500,Full-Time,660,Irving,Texas,High Risk
C00906,65,Female,49900,Full-Time,702,Phoenix,Arizona,Medium Risk
C00907,64,Male,54800,Part-Time,636,Dallas,Florida,High Risk
C00908,25,Female,89800,Full-Time,743,Dallas,Georgia,Medium Risk
C00909,26,Female,50400,Full-Time,669,Atlanta,Arizona,High Risk
C00910,46,Female,78600,Full-Time,769,Irving,New York,Low Risk
C00911,24,Female,75500,Full-Time,728,Richmond,Illinois,Medium Risk
C00912,39,Female,69300,Full-Time,824,Naperville,Arizona,Low Risk
C00913,40,Female,39000,Retired,657,Los Angeles,Arizona,High Risk
C00914,53,Female,113000,Full-Time,753,Austin,Florida,Low Risk
C00915,40,Female,176600,Full-Time,556,Savannah,California,Very High Risk
C00916,32,Female,65300,Full-Time,850,Arlington,Texas,Low Risk
C00917,67,Male,40600,Full-Time,750,Jacksonville,Texas,Low Risk
C00918,21,Male,65900,Full-Time,668,Chicago,Arizona,High Risk
C00919,46,Male,101500,Full-Time,671,Austin,Arizona,High Risk
C00920,34,Male,49300,Full-Time,671,Phoenix,Georgia,High Risk
C00921,58,Male,61300,Full-Time,828,Austin,Illinois,Low Risk
C00922,57,Male,75800,Self-Employed,757,Savannah,New York,Low Risk
C00923,31,Female,111700,Part-Time,657,Phoenix,Arizona,High Risk
C00924,56,Male,92100,Full-Time,597,Jacksonville,New York,Very High Risk
C00925,33,Male,93900,Full-Time,780,Plano,Virginia,Low Risk
C00926,63,Female,53700,Unemployed,753,Austin,Texas,Low Risk
C00927,23,Female,77900,Full-Time,743,Atlanta,New York,Medium Risk
C00928,53,Female,47000,Retired,684,Rochester,Arizona,Medium Risk
C00929,26,Female,95100,Full-Time,668,Savannah,Arizona,High Risk
C00930,30,Male,109100,Full-Time,816,Tampa,Georgia,Low Risk
C00931,25,Male,83400,Self-Employed,823,Mesa,Illinois,Low Risk
C00932,43,Male,55100,Unemployed,738,Fresno,Texas,Medium Risk
C00933,30,Male,59300,Full-Time,763,Rochester,New York,Low Risk
C00934,64,Male,146500,Full-Time,708,Houston,Florida,Medium Risk
C00935,22,Female,55500,Full-Time,587,Mesa,Florida,Very High Risk
C00936,33,Male,104300,Unemployed,617,Atlanta,Georgia,High Risk
C00937,60,Male,75700,Part-Time,776,Aurora,New York,Low Risk
C00938,22,Male,55900,Full-Time,786,Richmond,Florida,Low Risk
C00939,40,Female,35500,Full-Time,769,Dallas,Illinois,Low Risk
C00940,21,Male,71500,Full-Time,716,San Diego,California,Medium Risk
C00941,57,Male,67700,Full-Time,772,Atlanta,Illinois,Low Risk
C00942,29,Male,146500,Full-Time,686,Tampa,Georgia,Medium Risk
C00943,37,Male,44100,Part-Time,737,San Jose,Illinois,Medium Risk
C00944,29,Male,182600,Full-Time,675,San Jose,New York,High Risk
C00945,31,Female,77100,Full-Time,611,Norfolk,Arizona,High Risk
C00946,35,Male,77000,Part-Time,755,Tempe,Illinois,Low Risk
C00947,44,Female,49800,Full-Time,786,Augusta,New York,Low Risk
C00948,58,Female,74900,Full-Time,850,Fresno,Texas,Low Risk
C00949,55,Female,80400,Full-Time,710,New York,New York,Medium Risk
C00950,50,Male,99100,Full-Time,611,Atlanta,Georgia,High Risk
C00951,51,Male,41900,Self-Employed,665,Irving,New York,High Risk
C00952,25,Male,122400,Part-Time,680,Atlanta,Texas,Medium Risk
C00953,64,Male,76500,Full-Time,701,Savannah,Arizona,Medium Risk
C00954,34,Male,85500,Full-Time,725,Plano,California,Medium Risk
C00955,31,Male,58800,Full-Time,717,Savannah,Georgia,Medium Risk
C00956,29,Female,42800,Full-Time,748,Miami,Virginia,Medium Risk
C00957,54,Female,67200,Full-Time,705,Tempe,Texas,Medium Risk
C00958,32,Female,70700,Full-Time,523,Fresno,New York,Very High Risk
C00959,55,Male,34800,Full-Time,707,San Diego,Georgia,Medium Risk
C00960,55,Female,92900,Full-Time,697,Phoenix,Florida,Medium Risk
C00961,21,Male,101800,Self-Employed,731,Augusta,New York,Medium Risk
C00962,60,Female,46800,Unemployed,663,Aurora,Texas,High Risk
C00963,42,Male,41000,Retired,707,Richmond,Virginia,Medium Risk
C00964,49,Male,56700,Full-Time,732,Tampa,Virginia,Medium Risk
C00965,28,Female,65700,Self-Employed,678,Orlando,New York,High Risk
C00966,31,Female,57700,Self-Employed,741,Miami,Arizona,Medium Risk
C00967,61,Male,63200,Retired,695,Jacksonville,Texas,Medium Risk
C00968,57,Male,71800,Full-Time,702,Fresno,Illinois,Medium Risk
C00969,34,Female,35100,Self-Employed,471,Rochester,California,Very High Risk
C00970,50,Female,37000,Full-Time,604,Savannah,California,High Risk
C00971,55,Female,22000,Part-Time,604,Augusta,Virginia,High Risk
C00972,41,Female,99300,Full-Time,706,Chicago,Georgia,Medium Risk
C00973,57,Male,65400,Self-Employed,785,Irving,Texas,Low Risk
C00974,25,Female,104200,Unemployed,681,Los Angeles,Virginia,Medium Risk
C00975,39,Female,39000,Full-Time,754,Miami,California,Low Risk
C00976,34,Male,65700,Full-Time,739,Orlando,Florida,Medium Risk
C00977,46,Male,71600,Full-Time,700,Plano,Georgia,Medium Risk
C00978,24,Female,50500,Full-Time,733,San Diego,Florida,Medium Risk
C00979,45,Female,32300,Full-Time,708,New York,California,Medium Risk
C00980,65,Female,142600,Full-Time,679,Houston,Texas,High Risk
C00981,62,Female,122000,Unemployed,719,Irving,Georgia,Medium Risk
C00982,45,Female,54700,Full-Time,798,Naperville,Florida,Low Risk
C00983,38,Female,81800,Part-Time,725,Savannah,Arizona,Medium Risk
C00984,60,Male,52300,Unemployed,706,Norfolk,California,Medium Risk
C00985,28,Male,41500,Unemployed,624,Atlanta,New York,High Risk
C00986,59,Female,147900,Self-Employed,796,Norfolk,Florida,Low Risk
C00987,60,Female,30900,Full-Time,584,Miami,Illinois,Very High Risk
C00988,34,Male,57200,Self-Employed,562,Los Angeles,Georgia,Very High Risk
C00989,52,Female,67500,Full-Time,718,Plano,Florida,Medium Risk
C00990,58,Male,136700,Unemployed,624,Austin,Georgia,High Risk
C00991,53,Male,97300,Self-Employed,772,Norfolk,California,Low Risk
C00992,43,Male,30600,Self-Employed,564,Buffalo,Virginia,Very High Risk
C00993,35,Female,64900,Full-Time,762,Miami,California,Low Risk
C00994,53,Male,65600,Part-Time,752,Chicago,Georgia,Low Risk
C00995,45,Female,58700,Self-Employed,699,San Diego,California,Medium Risk
C00996,37,Female,85900,Unemployed,533,Mesa,Texas,Very High Risk
C00997,53,Female,34500,Full-Time,561,Plano,Georgia,Very High Risk
C00998,67,Male,54100,Retired,708,San Diego,Texas,Medium Risk
C00999,22,Female,80600,Full-Time,673,Buffalo,Georgia,High Risk
C01000,34,Male,88300,Part-Time,745,Austin,New York,Medium Risk
C01001,60,Male,69500,Part-Time,685,Irving,New York,Medium Risk
C01002,60,Female,57100,Full-Time,678,Augusta,Florida,High Risk
C01003,59,Female,61600,Full-Time,508,San Jose,California,Very High Risk
C01004,26,Male,90700,Self-Employed,752,Houston,Virginia,Low Risk
C01005,26,Female,66000,Full-Time,641,Aurora,New York,High Risk
C01006,23,Female,40700,Full-Time,660,Naperville,California,High Risk
C01007,27,Female,37300,Self-Employed,610,San Jose,Florida,High Risk
C01008,28,Female,33200,Self-Employed,574,Phoenix,Texas,Very High Risk
C01009,62,Male,125100,Part-Time,800,Los Angeles,New York,Low Risk
C01010,35,Female,93500,Full-Time,750,Irving,Virginia,Low Risk
C01011,67,Male,62000,Full-Time,751,Arlington,Illinois,Low Risk
C01012,49,Female,53000,Self-Employed,674,Irving,Virginia,High Risk
C01013,53,Male,50200,Full-Time,560,Chicago,Illinois,Very High Risk
C01014,50,Male,106300,Part-Time,848,Los Angeles,Illinois,Low Risk
C01015,59,Female,153100,Self-Employed,722,Jacksonville,Arizona,Medium Risk
C01016,47,Male,49500,Full-Time,700,Fresno,Illinois,Medium Risk
C01017,56,Male,108500,Full-Time,663,Tempe,Illinois,High Risk
C01018,49,Male,65800,Retired,537,Tampa,Illinois,Very High Risk
C01019,58,Female,59100,Full-Time,776,Miami,Illinois,Low Risk
C01020,53,Male,127900,Part-Time,611,Dallas,New York,High Risk
C01021,57,Male,64700,Retired,731,Orlando,Illinois,Medium Risk
C01022,47,Male,74300,Retired,748,Los Angeles,Virginia,Medium Risk
C01023,53,Male,72700,Full-Time,715,Austin,Georgia,Medium Risk
C01024,24,Male,31300,Full-Time,725,Los Angeles,Georgia,Medium Risk
C01025,42,Female,74000,Retired,791,Fresno,Illinois,Low Risk
C01026,22,Male,50500,Part-Time,631,Augusta,Arizona,High Risk
C01027,30,Male,34300,Full-Time,702,San Jose,Florida,Medium Risk
C01028,25,Male,51500,Full-Time,673,Buffalo,New York,High Risk
C01029,30,Male,51300,Full-Time,552,Augusta,Virginia,Very High Risk
C01030,53,Male,103300,Unemployed,711,Los Angeles,Georgia,Medium Risk
C01031,58,Female,40300,Full-Time,784,Phoenix,Virginia,Low Risk
C01032,33,Male,45600,Self-Employed,793,Orlando,Florida,Low Risk
C01033,51,Male,72300,Self-Employed,829,Miami,California,Low Risk
C01034,67,Female,35800,Self-Employed,557,Orlando,Illinois,Very High Risk
C01035,56,Male,48300,Self-Employed,812,Houston,Virginia,Low Risk
C01036,65,Female,30700,Self-Employed,704,Jacksonville,Texas,Medium Risk
C01037,44,Female,98300,Full-Time,810,San Jose,Virginia,Low Risk
C01038,35,Male,56800,Full-Time,660,Atlanta,Arizona,High Risk
C01039,49,Female,64500,Self-Employed,650,Buffalo,Virginia,High Risk
C01040,28,Male,98200,Full-Time,599,San Diego,Arizona,Very High Risk
C01041,25,Female,47000,Full-Time,748,Dallas,Arizona,Medium Risk
C01042,49,Female,56500,Full-Time,729,Norfolk,Illinois,Medium Risk
C01043,67,Female,40400,Full-Time,606,Mesa,Virginia,High Risk
C01044,24,Female,40400,Self-Employed,528,Richmond,Illinois,Very High Risk
C01045,32,Female,43000,Self-Employed,721,Fresno,Florida,Medium Risk
C01046,65,Female,52100,Full-Time,730,Phoenix,Arizona,Medium Risk
C01047,22,Female,54700,Self-Employed,616,San Jose,Arizona,High Risk
C01048,47,Male,74000,Full-Time,601,Plano,Arizona,High Risk
C01049,51,Female,43500,Self-Employed,739,Richmond,California,Medium Risk
C01050,56,Male,75100,Full-Time,829,New York,Florida,Low Risk
C01051,56,Male,80900,Self-Employed,653,Tampa,New York,High Risk
C01052,46,Female,52700,Full-Time,624,Richmond,Arizona,High Risk
C01053,63,Male,45300,Full-Time,712,Phoenix,California,Medium Risk
C01054,47,Male,67500,Self-Employed,738,Chicago,Virginia,Medium Risk
C01055,25,Female,59300,Full-Time,663,Naperville,Georgia,High Risk
C01056,40,Male,71800,Retired,842,Los Angeles,California,Low Risk
C01057,31,Male,131700,Part-Time,758,Savannah,Virginia,Low Risk
C01058,30,Female,67000,Full-Time,661,Irving,California,High Risk
C01059,60,Female,48800,Part-Time,571,Mesa,Florida,Very High Risk
C01060,58,Female,43500,Full-Time,789,Los Angeles,Illinois,Low Risk
C01061,26,Male,44300,Full-Time,779,Austin,Illinois,Low Risk
C01062,28,Male,33700,Retired,667,Rochester,Illinois,High Risk
C01063,43,Female,98900,Full-Time,716,Aurora,Virginia,Medium Risk
C01064,67,Male,23800,Self-Employed,679,New York,Virginia,High Risk
C01065,46,Female,81000,Full-Time,729,Mesa,Virginia,Medium Risk
C01066,66,Female,44000,Part-Time,613,Buffalo,Illinois,High Risk
C01067,63,Male,51600,Full-Time,602,Richmond,Illinois,High Risk
C01068,32,Male,43400,Full-Time,751,Houston,New York,Low Risk
C01069,46,Male,124600,Retired,760,Orlando,Texas,Low Risk
C01070,33,Female,65500,Full-Time,653,Irving,Georgia,High Risk
C01071,60,Male,92800,Part-Time,634,Fresno,California,High Risk
C01072,38,Male,116700,Full-Time,776,Irving,Texas,Low Risk
C01073,45,Female,70000,Full-Time,636,San Diego,New York,High Risk
C01074,53,Female,38000,Part-Time,694,Aurora,Arizona,Medium Risk
C01075,67,Male,58900,Full-Time,685,Aurora,Arizona,Medium Risk
C01076,60,Female,46500,Full-Time,580,Atlanta,Illinois,Very High Risk
C01077,63,Male,51800,Unemployed,704,Tempe,Arizona,Medium Risk
C01078,32,Female,62300,Self-Employed,697,Plano,New York,Medium Risk
C01079,64,Female,61200,Full-Time,717,Richmond,Georgia,Medium Risk
C01080,56,Male,78200,Full-Time,702,Phoenix,Georgia,Medium Risk
C01081,24,Female,83500,Self-Employed,850,Jacksonville,New York,Low Risk
C01082,25,Male,61200,Retired,777,Jacksonville,Arizona,Low Risk
C01083,57,Female,77900,Retired,693,Chicago,Texas,Medium Risk
C01084,28,Male,50800,Unemployed,700,Mesa,California,Medium Risk
C01085,62,Male,117500,Full-Time,822,Richmond,Florida,Low Risk
C01086,48,Male,50400,Unemployed,755,Augusta,Florida,Low Risk
C01087,51,Male,111400,Unemployed,598,Arlington,Georgia,Very High Risk
C01088,29,Female,33500,Full-Time,761,Chicago,California,Low Risk
C01089,49,Female,54800,Full-Time,783,Richmond,Illinois,Low Risk
C01090,34,Female,56000,Full-Time,811,Los Angeles,New York,Low Risk
C01091,60,Male,73700,Part-Time,660,New York,Arizona,High Risk
C01092,61,Male,95800,Full-Time,654,Savannah,Illinois,High Risk
C01093,42,Female,37000,Full-Time,619,New York,Georgia,High Risk
C01094,31,Male,39500,Full-Time,713,Tampa,Virginia,Medium Risk
C01095,43,Female,34600,Full-Time,745,Irving,New York,Medium Risk
C01096,21,Female,117700,Full-Time,652,Irving,Florida,High Risk
C01097,66,Male,74300,Self-Employed,679,Houston,Virginia,High Risk
C01098,57,Female,39900,Full-Time,536,Phoenix,Georgia,Very High Risk
C01099,41,Female,53200,Unemployed,803,Mesa,Georgia,Low Risk
C01100,46,Female,110600,Unemployed,573,Jacksonville,California,Very High Risk
C01101,66,Male,57400,Unemployed,718,Houston,Texas,Medium Risk
C01102,56,Male,55800,Self-Employed,708,Aurora,Georgia,Medium Risk
C01103,43,Male,45700,Full-Time,693,Rochester,Texas,Medium Risk
C01104,21,Male,41000,Full-Time,695,Aurora,California,Medium Risk
C01105,60,Male,110700,Full-Time,614,Plano,Georgia,High Risk
C01106,35,Female,138100,Retired,665,Phoenix,Virginia,High Risk
C01107,41,Female,41700,Full-Time,763,Houston,Arizona,Low Risk
C01108,67,Female,122300,Part-Time,785,Atlanta,Georgia,Low Risk
C01109,29,Male,52200,Self-Employed,658,Chicago,Virginia,High Risk
C01110,29,Female,82600,Unemployed,573,Atlanta,Virginia,Very High Risk
C01111,30,Male,122600,Self-Employed,632,Los Angeles,Florida,High Risk
C01112,46,Female,60900,Part-Time,829,Aurora,New York,Low Risk
C01113,61,Female,56100,Full-Time,636,Atlanta,Virginia,High Risk
C01114,55,Female,93200,Part-Time,683,Arlington,Arizona,Medium Risk
C01115,45,Female,39400,Full-Time,796,San Diego,Texas,Low Risk
C01116,46,Female,108900,Unemployed,650,Jacksonville,Florida,High Risk
C01117,31,Male,69300,Full-Time,678,Fresno,Arizona,High Risk
C01118,58,Male,50100,Full-Time,750,Plano,Georgia,Low Risk
C01119,22,Male,49500,Unemployed,818,San Jose,California,Low Risk
C01120,27,Male,34900,Full-Time,642,New York,Illinois,High Risk
C01121,38,Female,51100,Unemployed,794,Augusta,Florida,Low Risk
C01122,47,Male,57700,Self-Employed,669,Tempe,Florida,High Risk
C01123,54,Female,40300,Self-Employed,624,Aurora,Illinois,High Risk
C01124,47,Male,63700,Full-Time,709,Arlington,Georgia,Medium Risk
C01125,37,Male,80400,Full-Time,603,Dallas,Florida,High Risk
C01126,63,Female,59000,Unemployed,725,Phoenix,Texas,Medium Risk
C01127,64,Male,87600,Unemployed,850,Fresno,Georgia,Low Risk
C01128,44,Female,45200,Full-Time,773,Fresno,Virginia,Low Risk
C01129,45,Female,102100,Full-Time,682,Plano,Texas,Medium Risk
C01130,27,Male,68700,Full-Time,769,Rochester,Texas,Low Risk
C01131,26,Male,130300,Retired,620,Houston,Florida,High Risk
C01132,44,Male,192600,Full-Time,633,Jacksonville,Virginia,High Risk
C01133,53,Female,52600,Full-Time,684,Chicago,Georgia,Medium Risk
C01134,49,Female,53600,Part-Time,697,Orlando,Virginia,Medium Risk
C01135,63,Male,58200,Full-Time,593,Phoenix,Florida,Very High Risk
C01136,42,Female,85000,Retired,667,Plano,Florida,High Risk
C01137,46,Male,118000,Full-Time,679,Houston,Georgia,High Risk
C01138,48,Female,48500,Full-Time,806,Tampa,Georgia,Low Risk
C01139,41,Female,77200,Full-Time,593,Plano,Georgia,Very High Risk
C01140,27,Female,61100,Full-Time,586,Dallas,Arizona,Very High Risk
C01141,37,Female,85800,Full-Time,703,Phoenix,Georgia,Medium Risk
C01142,40,Male,128200,Full-Time,776,Los Angeles,California,Low Risk
C01143,61,Female,58300,Full-Time,731,Rochester,Georgia,Medium Risk
C01144,40,Male,30700,Unemployed,713,Plano,Illinois,Medium Risk
C01145,42,Female,90800,Full-Time,668,New York,Georgia,High Risk
C01146,48,Male,44700,Retired,741,Atlanta,Florida,Medium Risk
C01147,60,Female,60900,Part-Time,752,Tampa,Illinois,Low Risk
C01148,27,Female,92600,Full-Time,671,Arlington,Arizona,High Risk
C01149,21,Female,74300,Full-Time,619,Naperville,New York,High Risk
C01150,52,Male,62100,Full-Time,619,Norfolk,Texas,High Risk
C01151,33,Female,50200,Full-Time,756,Austin,California,Low Risk
C01152,50,Female,22000,Full-Time,574,Naperville,Illinois,Very High Risk
C01153,43,Female,89000,Full-Time,816,Orlando,Arizona,Low Risk
C01154,39,Male,58000,Part-Time,656,Houston,Texas,High Risk
C01155,52,Male,128400,Full-Time,713,Chicago,Virginia,Medium Risk
C01156,50,Male,77800,Full-Time,743,Chicago,California,Medium Risk
C01157,49,Male,51000,Full-Time,639,San Diego,Georgia,High Risk
C01158,65,Male,105100,Self-Employed,656,Irving,Virginia,High Risk
C01159,49,Male,109100,Full-Time,700,Naperville,Arizona,Medium Risk
C01160,50,Male,58900,Unemployed,626,Mesa,Texas,High Risk
C01161,36,Male,111200,Full-Time,610,Savannah,Arizona,High Risk
C01162,60,Male,50600,Retired,617,Richmond,Florida,High Risk
C01163,39,Female,69800,Full-Time,781,Naperville,Florida,Low Risk
C01164,38,Female,84100,Retired,720,Fresno,Georgia,Medium Risk
C01165,21,Male,92500,Part-Time,631,Chicago,Texas,High Risk
C01166,34,Female,86000,Full-Time,755,Fresno,Georgia,Low Risk
C01167,67,Female,56000,Full-Time,635,New York,Georgia,High Risk
C01168,22,Female,106300,Full-Time,544,Irving,California,Very High Risk
C01169,48,Male,61500,Retired,742,Augusta,Texas,Medium Risk
C01170,50,Male,50300,Part-Time,813,Plano,New York,Low Risk
C01171,58,Female,50600,Full-Time,732,Tempe,Georgia,Medium Risk
C01172,24,Male,155600,Full-Time,548,Buffalo,California,Very High Risk
C01173,21,Male,46500,Full-Time,688,Rochester,California,Medium Risk
C01174,28,Male,116200,Part-Time,669,Naperville,Texas,High Risk
C01175,49,Male,39000,Part-Time,718,Dallas,Illinois,Medium Risk
C01176,59,Female,81000,Full-Time,626,Phoenix,Arizona,High Risk
C01177,23,Male,74300,Full-Time,665,Tampa,Georgia,High Risk
C01178,52,Female,134800,Full-Time,583,Naperville,Georgia,Very High Risk
C01179,30,Female,48400,Full-Time,707,Atlanta,Texas,Medium Risk
C01180,30,Female,42800,Full-Time,586,Buffalo,Illinois,Very High Risk
C01181,39,Male,61700,Full-Time,723,Irving,California,Medium Risk
C01182,66,Male,137500,Full-Time,634,Dallas,Virginia,High Risk
C01183,54,Male,43700,Unemployed,454,Orlando,Arizona,Very High Risk
C01184,53,Male,22000,Self-Employed,750,Arlington,Florida,Low Risk
C01185,43,Female,66800,Retired,727,Fresno,Georgia,Medium Risk
C01186,48,Male,99700,Full-Time,791,San Diego,Florida,Low Risk
C01187,52,Female,41200,Unemployed,533,Plano,Arizona,Very High Risk
C01188,27,Female,95200,Part-Time,641,Chicago,Georgia,High Risk
C01189,49,Female,40800,Full-Time,700,Rochester,Arizona,Medium Risk
C01190,28,Female,60900,Full-Time,733,Rochester,Texas,Medium Risk
C01191,21,Male,91200,Self-Employed,580,New York,Georgia,Very High Risk
C01192,23,Male,38100,Unemployed,722,Arlington,Illinois,Medium Risk
C01193,44,Male,70500,Full-Time,647,Plano,Georgia,High Risk
C01194,43,Male,112300,Full-Time,551,Naperville,Texas,Very High Risk
C01195,28,Male,80500,Part-Time,634,Norfolk,Arizona,High Risk
C01196,67,Male,47000,Retired,729,Austin,New York,Medium Risk
C01197,57,Male,128700,Self-Employed,554,San Jose,Texas,Very High Risk
C01198,23,Female,87400,Full-Time,738,Savannah,Texas,Medium Risk
C01199,53,Male,28100,Full-Time,711,Mesa,Virginia,Medium Risk
C01200,48,Female,95900,Full-Time,671,Naperville,Virginia,High Risk
C01201,67,Male,50300,Self-Employed,567,Rochester,Texas,Very High Risk
C01202,28,Male,71000,Self-Employed,573,Augusta,Texas,Very High Risk
C01203,54,Male,102300,Part-Time,660,Houston,Illinois,High Risk
C01204,55,Female,50800,Full-Time,606,San Jose,Georgia,High Risk
C01205,52,Male,31000,Retired,665,Norfolk,Illinois,High Risk
C01206,44,Male,128000,Part-Time,758,Dallas,Illinois,Low Risk
C01207,34,Male,109800,Retired,670,Houston,New York,High Risk
C01208,52,Male,62500,Part-Time,667,San Diego,New York,High Risk
C01209,66,Male,95400,Self-Employed,668,Mesa,Georgia,High Risk
C01210,63,Female,55000,Self-Employed,766,Dallas,Georgia,Low Risk
C01211,36,Male,67900,Full-Time,787,Tempe,Arizona,Low Risk
C01212,24,Male,60900,Retired,722,Aurora,Texas,Medium Risk
C01213,57,Female,56100,Full-Time,700,Houston,Illinois,Medium Risk
C01214,41,Male,76400,Self-Employed,707,Atlanta,New York,Medium Risk
C01215,34,Male,37700,Retired,797,New York,Florida,Low Risk
C01216,51,Female,58000,Full-Time,726,San Jose,Texas,Medium Risk
C01217,38,Male,74900,Part-Time,804,Arlington,Arizona,Low Risk
C01218,27,Female,148600,Full-Time,659,Aurora,California,High Risk
C01219,30,Male,38400,Self-Employed,590,San Diego,Illinois,Very High Risk
C01220,27,Male,82200,Unemployed,640,Austin,Texas,High Risk
C01221,53,Male,86300,Part-Time,648,Mesa,Georgia,High Risk
C01222,43,Male,27900,Self-Employed,810,Savannah,Texas,Low Risk
C01223,41,Male,78200,Full-Time,745,New York,California,Medium Risk
C01224,39,Male,96600,Full-Time,642,Tampa,Georgia,High Risk
C01225,39,Female,84700,Full-Time,751,Buffalo,Florida,Low Risk
C01226,56,Female,62600,Part-Time,680,San Jose,New York,Medium Risk
C01227,49,Male,75500,Full-Time,813,Irving,New York,Low Risk
C01228,38,Female,70200,Part-Time,665,Chicago,California,High Risk
C01229,22,Female,30400,Full-Time,575,Mesa,Arizona,Very High Risk
C01230,21,Female,70900,Self-Employed,676,Miami,California,High Risk
C01231,67,Male,55100,Full-Time,665,Orlando,Arizona,High Risk
C01232,25,Female,47300,Part-Time,589,Norfolk,Arizona,Very High Risk
C01233,40,Male,198900,Part-Time,734,Phoenix,Virginia,Medium Risk
C01234,31,Male,114200,Retired,797,Rochester,New York,Low Risk
C01235,62,Male,38700,Self-Employed,606,Rochester,Florida,High Risk
C01236,22,Female,76000,Self-Employed,763,Houston,Virginia,Low Risk
C01237,23,Female,125300,Unemployed,645,Phoenix,Florida,High Risk
C01238,43,Female,33200,Part-Time,688,Irving,Texas,Medium Risk
C01239,32,Male,67300,Full-Time,680,Miami,California,Medium Risk
C01240,40,Female,68700,Unemployed,688,New York,Virginia,Medium Risk
C01241,25,Male,36600,Self-Employed,725,Fresno,California,Medium Risk
C01242,57,Male,77100,Full-Time,613,Aurora,Virginia,High Risk
C01243,58,Male,107400,Self-Employed,787,Atlanta,California,Low Risk
C01244,50,Male,128100,Unemployed,728,Los Angeles,Georgia,Medium Risk
C01245,29,Female,58100,Retired,753,Orlando,New York,Low Risk
C01246,54,Male,200400,Retired,631,Savannah,Virginia,High Risk
C01247,64,Female,25700,Full-Time,606,Chicago,New York,High Risk
C01248,55,Male,76300,Full-Time,779,Fresno,New York,Low Risk
C01249,42,Male,34400,Full-Time,603,Mesa,Florida,High Risk
C01250,64,Female,67700,Full-Time,701,Austin,Virginia,Medium Risk
C01251,44,Male,51400,Unemployed,766,Rochester,New York,Low Risk
C01252,37,Female,81700,Full-Time,680,Atlanta,Virginia,Medium Risk
C01253,30,Female,61400,Part-Time,778,Houston,Texas,Low Risk
C01254,50,Male,44800,Part-Time,670,Richmond,Georgia,High Risk
C01255,66,Female,46200,Self-Employed,594,Tempe,New York,Very High Risk
C01256,43,Male,155100,Full-Time,718,Augusta,Virginia,Medium Risk
C01257,52,Female,79400,Full-Time,705,Buffalo,Georgia,Medium Risk
C01258,37,Male,30200,Full-Time,850,Plano,Georgia,Low Risk
C01259,37,Male,83300,Full-Time,619,Atlanta,Florida,High Risk
C01260,34,Male,59500,Retired,671,Chicago,California,High Risk
C01261,29,Female,65100,Self-Employed,635,Naperville,Georgia,High Risk
C01262,60,Female,94000,Full-Time,679,Atlanta,Texas,High Risk
C01263,22,Female,110700,Unemployed,676,Rochester,Florida,High Risk
C01264,65,Female,44200,Full-Time,625,Tempe,Illinois,High Risk
C01265,45,Female,64100,Self-Employed,725,Naperville,Georgia,Medium Risk
C01266,59,Female,50800,Full-Time,674,Savannah,Virginia,High Risk
C01267,29,Male,85000,Self-Employed,791,Chicago,Arizona,Low Risk
C01268,42,Female,58500,Full-Time,641,Houston,Georgia,High Risk
C01269,63,Female,65900,Full-Time,830,Aurora,California,Low Risk
C01270,66,Male,57600,Full-Time,711,Houston,New York,Medium Risk
C01271,24,Female,62000,Full-Time,785,Savannah,Virginia,Low Risk
C01272,46,Male,140000,Self-Employed,699,Austin,Virginia,Medium Risk
C01273,49,Female,190600,Full-Time,631,Augusta,Florida,High Risk
C01274,65,Female,77000,Part-Time,670,Norfolk,Illinois,High Risk
C01275,54,Female,62100,Self-Employed,586,Aurora,Florida,Very High Risk
C01276,43,Female,31700,Part-Time,682,Savannah,New York,Medium Risk
C01277,57,Male,46200,Self-Employed,703,Atlanta,Florida,Medium Risk
C01278,31,Female,61400,Full-Time,693,Irving,Virginia,Medium Risk
C01279,26,Male,47100,Part-Time,790,Fresno,Illinois,Low Risk
C01280,38,Male,49400,Retired,679,Augusta,Florida,High Risk
C01281,41,Female,132100,Part-Time,548,Phoenix,Texas,Very High Risk
C01282,62,Female,65800,Part-Time,850,Arlington,Texas,Low Risk
C01283,56,Female,68600,Self-Employed,638,Tempe,New York,High Risk
C01284,61,Male,48000,Full-Time,763,Buffalo,Arizona,Low Risk
C01285,58,Female,110400,Self-Employed,577,Fresno,Arizona,Very High Risk
C01286,54,Female,59100,Unemployed,708,New York,Illinois,Medium Risk
C01287,37,Male,51400,Full-Time,630,Savannah,Virginia,High Risk
C01288,57,Male,31900,Unemployed,478,Tempe,Illinois,Very High Risk
C01289,45,Female,63200,Full-Time,669,Plano,Illinois,High Risk
C01290,58,Female,50700,Full-Time,686,Richmond,Illinois,Medium Risk
C01291,32,Female,138700,Self-Employed,674,Mesa,Illinois,High Risk
C01292,43,Male,149000,Self-Employed,708,Aurora,Arizona,Medium Risk
C01293,62,Female,37300,Unemployed,670,Jacksonville,California,High Risk
C01294,42,Female,39200,Retired,695,Norfolk,Florida,Medium Risk
C01295,41,Male,57400,Full-Time,703,Savannah,Virginia,Medium Risk
C01296,47,Female,45000,Part-Time,687,Rochester,Georgia,Medium Risk
C01297,51,Female,71700,Full-Time,677,Los Angeles,Illinois,High Risk
C01298,26,Male,56100,Full-Time,623,Rochester,Arizona,High Risk
C01299,47,Male,73700,Full-Time,735,Houston,Georgia,Medium Risk
C01300,60,Male,102700,Self-Employed,669,Tempe,Texas,High Risk
C01301,54,Female,40300,Full-Time,663,Miami,Arizona,High Risk
C01302,32,Female,101700,Self-Employed,728,Naperville,Georgia,Medium Risk
C01303,65,Male,46800,Self-Employed,706,Orlando,Arizona,Medium Risk
C01304,27,Male,170900,Full-Time,638,Irving,Georgia,High Risk
C01305,30,Male,134800,Part-Time,784,Aurora,Virginia,Low Risk
C01306,65,Female,61800,Full-Time,601,Austin,Arizona,High Risk
C01307,37,Female,42100,Full-Time,613,San Jose,Florida,High Risk
C01308,46,Female,38700,Self-Employed,740,Orlando,Georgia,Medium Risk
C01309,41,Female,96300,Full-Time,821,Savannah,New York,Low Risk
C01310,48,Female,64100,Unemployed,647,Naperville,Arizona,High Risk
C01311,66,Male,98600,Self-Employed,721,Savannah,Virginia,Medium Risk
C01312,22,Female,175300,Full-Time,601,Mesa,New York,High Risk
C01313,63,Female,46000,Self-Employed,620,Austin,Arizona,High Risk
C01314,21,Female,37400,Full-Time,775,Tampa,Illinois,Low Risk
C01315,56,Female,70900,Full-Time,717,Buffalo,California,Medium Risk
C01316,46,Female,108800,Full-Time,777,Richmond,Arizona,Low Risk
C01317,49,Female,42600,Full-Time,771,Phoenix,Virginia,Low Risk
C01318,41,Female,66000,Full-Time,533,Tempe,California,Very High Risk
C01319,31,Female,120400,Retired,600,Rochester,Florida,High Risk
C01320,60,Female,31200,Full-Time,711,Irving,California,Medium Risk
C01321,31,Male,72300,Part-Time,563,Naperville,Georgia,Very High Risk
C01322,56,Male,51000,Full-Time,611,Arlington,New York,High Risk
C01323,59,Female,68700,Full-Time,797,Los Angeles,Illinois,Low Risk
C01324,60,Male,89500,Full-Time,649,Tampa,Texas,High Risk
C01325,55,Male,71800,Part-Time,743,Naperville,Georgia,Medium Risk
C01326,54,Male,41300,Full-Time,688,Fresno,New York,Medium Risk
C01327,67,Female,51900,Full-Time,639,Aurora,New York,High Risk
C01328,44,Male,123500,Part-Time,565,Austin,Florida,Very High Risk
C01329,42,Male,75400,Self-Employed,707,Phoenix,Georgia,Medium Risk
C01330,25,Male,94900,Full-Time,799,New York,Arizona,Low Risk
C01331,53,Female,72700,Self-Employed,641,Richmond,Virginia,High Risk
C01332,56,Male,93500,Full-Time,695,Tempe,California,Medium Risk
C01333,67,Male,54400,Part-Time,576,Savannah,Texas,Very High Risk
C01334,40,Female,46000,Full-Time,640,Irving,Texas,High Risk
C01335,39,Female,91700,Full-Time,716,Irving,Arizona,Medium Risk
C01336,55,Male,108000,Full-Time,746,Houston,California,Medium Risk
C01337,63,Female,43100,Retired,732,Mesa,Virginia,Medium Risk
C01338,37,Male,50200,Full-Time,538,Augusta,Arizona,Very High Risk
C01339,65,Female,60400,Retired,656,Norfolk,Illinois,High Risk
C01340,63,Male,134700,Full-Time,617,Rochester,Virginia,High Risk
C01341,54,Male,83700,Full-Time,667,Jacksonville,California,High Risk
C01342,29,Female,35800,Full-Time,682,San Jose,Illinois,Medium Risk
C01343,46,Female,62300,Full-Time,770,Tempe,Virginia,Low Risk
C01344,22,Male,58200,Unemployed,712,Savannah,Texas,Medium Risk
C01345,29,Male,38300,Self-Employed,796,Rochester,Georgia,Low Risk
C01346,29,Female,62000,Self-Employed,638,Norfolk,Florida,High Risk
C01347,60,Female,57000,Part-Time,584,Mesa,New York,Very High Risk
C01348,37,Male,55200,Full-Time,799,Plano,Virginia,Low Risk
C01349,21,Female,54100,Retired,723,San Jose,Georgia,Medium Risk
C01350,45,Male,126000,Full-Time,634,Austin,Texas,High Risk
C01351,63,Male,55200,Self-Employed,723,Phoenix,Texas,Medium Risk
C01352,60,Male,66500,Part-Time,753,Fresno,Texas,Low Risk
C01353,62,Male,63300,Retired,699,Orlando,Virginia,Medium Risk
C01354,45,Male,51800,Self-Employed,635,Savannah,New York,High Risk
C01355,59,Male,67400,Retired,657,Arlington,Illinois,High Risk
C01356,55,Male,66900,Part-Time,712,Tempe,Virginia,Medium Risk
C01357,23,Male,67400,Full-Time,705,Atlanta,Florida,Medium Risk
C01358,57,Male,44200,Full-Time,781,Dallas,Georgia,Low Risk
C01359,64,Male,59200,Self-Employed,669,Dallas,Georgia,High Risk
C01360,64,Female,91500,Self-Employed,618,Augusta,Virginia,High Risk
C01361,50,Male,59900,Full-Time,850,San Jose,Florida,Low Risk
C01362,58,Female,69900,Full-Time,703,Rochester,Florida,Medium Risk
C01363,54,Male,70100,Full-Time,753,Miami,Illinois,Low Risk
C01364,32,Male,78400,Unemployed,729,Plano,Georgia,Medium Risk
C01365,39,Female,83600,Full-Time,704,Rochester,California,Medium Risk
C01366,57,Female,60100,Part-Time,673,Arlington,California,High Risk
C01367,64,Male,43100,Full-Time,480,Houston,Virginia,Very High Risk
C01368,37,Male,37600,Full-Time,610,Naperville,Florida,High Risk
C01369,30,Female,102800,Retired,715,Fresno,Texas,Medium Risk
C01370,67,Female,91900,Full-Time,486,Austin,Virginia,Very High Risk
C01371,32,Female,87100,Full-Time,695,Orlando,Texas,Medium Risk
C01372,36,Male,93600,Full-Time,740,San Jose,New York,Medium Risk
C01373,44,Male,60400,Full-Time,752,San Diego,California,Low Risk
C01374,39,Female,49100,Part-Time,735,Dallas,Texas,Medium Risk
C01375,28,Female,41800,Full-Time,762,San Jose,Arizona,Low Risk
C01376,51,Female,39800,Part-Time,810,Mesa,Florida,Low Risk
C01377,41,Female,112200,Full-Time,772,Tempe,New York,Low Risk
C01378,37,Female,52100,Self-Employed,705,Richmond,California,Medium Risk
C01379,43,Male,104500,Self-Employed,680,Richmond,New York,Medium Risk
C01380,57,Male,59800,Retired,699,Chicago,Texas,Medium Risk
C01381,36,Female,47900,Retired,669,Arlington,Florida,High Risk
C01382,26,Male,39700,Full-Time,774,Orlando,Arizona,Low Risk
C01383,28,Male,49900,Full-Time,733,San Diego,Florida,Medium Risk
C01384,45,Male,123100,Self-Employed,661,Fresno,Florida,High Risk
C01385,38,Male,39900,Full-Time,789,New York,Texas,Low Risk
C01386,45,Male,168500,Full-Time,668,Irving,Arizona,High Risk
C01387,32,Female,44500,Full-Time,619,Aurora,Virginia,High Risk
C01388,35,Male,91100,Full-Time,689,Tempe,Arizona,Medium Risk
C01389,46,Male,60900,Full-Time,628,Mesa,Illinois,High Risk
C01390,61,Male,56300,Full-Time,760,Phoenix,Georgia,Low Risk
C01391,65,Male,36700,Full-Time,627,Norfolk,Georgia,High Risk
C01392,46,Female,62200,Self-Employed,681,Jacksonville,Florida,Medium Risk
C01393,67,Female,38600,Full-Time,760,Irving,Georgia,Low Risk
C01394,52,Male,30500,Retired,637,San Jose,Illinois,High Risk
C01395,30,Female,68600,Full-Time,721,Buffalo,Florida,Medium Risk
C01396,36,Male,48800,Part-Time,617,Augusta,Illinois,High Risk
C01397,27,Female,138700,Full-Time,708,Norfolk,California,Medium Risk
C01398,37,Male,101900,Full-Time,733,Houston,Georgia,Medium Risk
C01399,43,Male,139500,Full-Time,687,Dallas,Arizona,Medium Risk
C01400,46,Female,47800,Full-Time,693,Los Angeles,California,Medium Risk
C01401,41,Female,69100,Self-Employed,723,Tempe,Florida,Medium Risk
C01402,42,Male,22000,Self-Employed,669,Naperville,Arizona,High Risk
C01403,27,Female,57300,Full-Time,757,Tampa,New York,Low Risk
C01404,34,Male,67900,Full-Time,793,San Diego,Virginia,Low Risk
C01405,35,Female,69700,Full-Time,621,Jacksonville,New York,High Risk
C01406,27,Male,63800,Full-Time,823,Norfolk,Texas,Low Risk
C01407,29,Female,67000,Full-Time,667,San Diego,California,High Risk
C01408,28,Male,22000,Retired,840,Fresno,California,Low Risk
C01409,43,Male,72900,Full-Time,668,Dallas,New York,High Risk
C01410,49,Female,80800,Self-Employed,743,Savannah,Florida,Medium Risk
C01411,38,Female,118700,Part-Time,743,Tempe,Arizona,Medium Risk
C01412,51,Female,76700,Self-Employed,661,Jacksonville,Arizona,High Risk
C01413,50,Male,61300,Full-Time,695,Naperville,Arizona,Medium Risk
C01414,59,Male,106900,Self-Employed,798,Savannah,Texas,Low Risk
C01415,55,Male,22500,Unemployed,666,Dallas,California,High Risk
C01416,38,Male,51600,Full-Time,659,Mesa,Virginia,High Risk
C01417,62,Female,46100,Full-Time,603,Atlanta,Texas,High Risk
C01418,59,Male,64000,Retired,808,Savannah,California,Low Risk
C01419,37,Female,24200,Self-Employed,654,Naperville,Illinois,High Risk
C01420,34,Female,117700,Full-Time,780,Aurora,Arizona,Low Risk
C01421,51,Male,58100,Full-Time,645,Norfolk,Illinois,High Risk
C01422,44,Female,75000,Full-Time,778,Phoenix,Texas,Low Risk
C01423,55,Female,71900,Full-Time,750,Arlington,Arizona,Low Risk
C01424,64,Female,114700,Full-Time,673,Irving,Arizona,High Risk
C01425,65,Male,28100,Full-Time,635,Arlington,New York,High Risk
C01426,54,Female,68400,Part-Time,641,Richmond,New York,High Risk
C01427,23,Male,108900,Self-Employed,640,Austin,California,High Risk
C01428,57,Male,62200,Unemployed,770,Plano,Virginia,Low Risk
C01429,63,Female,42400,Full-Time,702,Richmond,Virginia,Medium Risk
C01430,60,Female,49500,Self-Employed,606,Augusta,Georgia,High Risk
C01431,46,Male,54500,Full-Time,671,Miami,Illinois,High Risk
C01432,43,Female,47000,Full-Time,680,Los Angeles,Illinois,Medium Risk
C01433,64,Female,60700,Unemployed,530,Naperville,Texas,Very High Risk
C01434,59,Male,128100,Full-Time,675,Mesa,Arizona,High Risk
C01435,35,Female,49700,Full-Time,744,Chicago,Georgia,Medium Risk
C01436,24,Female,52200,Full-Time,680,Naperville,Texas,Medium Risk
C01437,49,Female,79900,Full-Time,709,Jacksonville,New York,Medium Risk
C01438,42,Male,60100,Self-Employed,726,Chicago,New York,Medium Risk
C01439,45,Male,35700,Retired,664,Phoenix,Virginia,High Risk
C01440,33,Female,63200,Self-Employed,745,Aurora,Georgia,Medium Risk
C01441,38,Male,62200,Unemployed,799,Orlando,Georgia,Low Risk
C01442,53,Male,100800,Self-Employed,576,Arlington,New York,Very High Risk
C01443,36,Female,42000,Unemployed,664,Norfolk,Florida,High Risk
C01444,65,Male,101100,Full-Time,850,Atlanta,Arizona,Low Risk
C01445,62,Female,62200,Unemployed,703,Atlanta,Illinois,Medium Risk
C01446,64,Female,39500,Full-Time,687,Jacksonville,Illinois,Medium Risk
C01447,22,Female,36100,Unemployed,671,Tempe,Texas,High Risk
C01448,55,Female,155200,Full-Time,786,Orlando,Illinois,Low Risk
C01449,62,Male,60500,Self-Employed,620,Atlanta,Texas,High Risk
C01450,54,Male,99100,Self-Employed,759,Naperville,Georgia,Low Risk
C01451,50,Female,30100,Retired,669,Miami,Georgia,High Risk
C01452,33,Male,213000,Self-Employed,634,Norfolk,Florida,High Risk
C01453,33,Female,97200,Full-Time,673,Austin,Arizona,High Risk
C01454,38,Female,57900,Full-Time,687,Savannah,Georgia,Medium Risk
C01455,52,Male,56600,Full-Time,653,Los Angeles,Arizona,High Risk
C01456,52,Female,90500,Full-Time,773,San Diego,New York,Low Risk
C01457,55,Male,88200,Full-Time,634,Savannah,Florida,High Risk
C01458,59,Male,70600,Full-Time,701,Phoenix,New York,Medium Risk
C01459,66,Female,65300,Full-Time,730,Atlanta,New York,Medium Risk
C01460,49,Female,83700,Unemployed,700,Irving,Texas,Medium Risk
C01461,49,Female,29700,Unemployed,748,Augusta,Arizona,Medium Risk
C01462,64,Male,55000,Full-Time,657,Fresno,New York,High Risk
C01463,36,Male,31000,Full-Time,737,Augusta,Arizona,Medium Risk
C01464,64,Male,85300,Full-Time,739,Miami,Florida,Medium Risk
C01465,67,Male,48000,Full-Time,763,New York,California,Low Risk
C01466,30,Male,32000,Full-Time,549,Orlando,Georgia,Very High Risk
C01467,50,Female,45500,Full-Time,728,Chicago,Texas,Medium Risk
C01468,45,Female,69500,Part-Time,758,Norfolk,Arizona,Low Risk
C01469,59,Male,59300,Full-Time,659,Orlando,Georgia,High Risk
C01470,40,Male,38300,Full-Time,649,San Diego,New York,High Risk
C01471,25,Female,30200,Full-Time,637,Orlando,New York,High Risk
C01472,21,Female,67200,Self-Employed,613,Jacksonville,Illinois,High Risk
C01473,50,Female,50100,Self-Employed,740,Arlington,Virginia,Medium Risk
C01474,23,Male,57900,Full-Time,850,Naperville,Arizona,Low Risk
C01475,65,Male,60500,Full-Time,648,Los Angeles,Virginia,High Risk
C01476,34,Female,78900,Full-Time,655,Plano,Texas,High Risk
C01477,50,Female,95200,Full-Time,691,New York,Texas,Medium Risk
C01478,24,Male,69400,Full-Time,570,Norfolk,Virginia,Very High Risk
C01479,38,Female,56300,Full-Time,638,Rochester,Florida,High Risk
C01480,57,Male,65700,Full-Time,686,San Diego,California,Medium Risk
C01481,45,Male,55800,Full-Time,623,Dallas,Florida,High Risk
C01482,21,Female,31000,Self-Employed,780,Plano,Florida,Low Risk
C01483,66,Male,106200,Full-Time,593,Fresno,Florida,Very High Risk
C01484,35,Female,97600,Full-Time,758,Mesa,Virginia,Low Risk
C01485,29,Male,159000,Full-Time,800,Phoenix,California,Low Risk
C01486,35,Male,181400,Full-Time,719,Aurora,Florida,Medium Risk
C01487,44,Male,38300,Unemployed,680,Savannah,Georgia,Medium Risk
C01488,24,Male,55900,Part-Time,708,Atlanta,Texas,Medium Risk
C01489,32,Male,201300,Full-Time,657,Aurora,California,High Risk
C01490,57,Female,63800,Part-Time,537,Aurora,New York,Very High Risk
C01491,57,Female,72600,Part-Time,617,Miami,Illinois,High Risk
C01492,63,Male,32800,Full-Time,689,San Jose,Illinois,Medium Risk
C01493,26,Male,69500,Full-Time,619,Savannah,Arizona,High Risk
C01494,59,Female,155100,Unemployed,659,San Jose,Georgia,High Risk
C01495,66,Male,116000,Full-Time,726,Plano,Texas,Medium Risk
C01496,44,Male,49400,Full-Time,701,Aurora,Illinois,Medium Risk
C01497,31,Male,54400,Full-Time,769,Orlando,Georgia,Low Risk
C01498,33,Female,39100,Self-Employed,712,Orlando,Georgia,Medium Risk
C01499,54,Male,44300,Unemployed,716,Naperville,Illinois,Medium Risk
C01500,45,Female,27500,Self-Employed,637,Orlando,Illinois,High Risk
C01501,27,Male,62600,Self-Employed,590,Miami,Georgia,Very High Risk
C01502,24,Male,128200,Retired,659,San Jose,Virginia,High Risk
C01503,28,Male,76300,Part-Time,635,Buffalo,Georgia,High Risk
C01504,40,Female,120200,Self-Employed,677,San Jose,New York,High Risk
C01505,49,Female,105400,Retired,610,Naperville,Illinois,High Risk
C01506,65,Male,50800,Full-Time,753,Dallas,Florida,Low Risk
C01507,66,Male,46200,Part-Time,635,Phoenix,Georgia,High Risk
C01508,30,Female,47000,Self-Employed,663,Atlanta,Texas,High Risk
C01509,63,Female,30000,Unemployed,688,Austin,Texas,Medium Risk
C01510,54,Male,66000,Unemployed,774,Savannah,Arizona,Low Risk
C01511,46,Female,22000,Self-Employed,822,Tampa,Georgia,Low Risk
C01512,61,Male,84800,Retired,827,Rochester,Texas,Low Risk
C01513,23,Male,67100,Full-Time,594,Augusta,New York,Very High Risk
C01514,26,Male,80400,Full-Time,662,Rochester,Arizona,High Risk
C01515,25,Female,104600,Full-Time,648,Chicago,New York,High Risk
C01516,25,Male,71100,Full-Time,718,Norfolk,Georgia,Medium Risk
C01517,67,Female,135400,Full-Time,713,Norfolk,Virginia,Medium Risk
C01518,43,Female,86000,Full-Time,646,Rochester,Arizona,High Risk
C01519,29,Female,46200,Full-Time,640,Fresno,Illinois,High Risk
C01520,55,Male,58400,Unemployed,615,Augusta,Florida,High Risk
C01521,40,Male,23500,Full-Time,491,Naperville,Illinois,Very High Risk
C01522,62,Female,43300,Self-Employed,593,Dallas,Texas,Very High Risk
C01523,55,Female,54800,Unemployed,755,Mesa,Virginia,Low Risk
C01524,38,Female,83100,Full-Time,800,Aurora,Arizona,Low Risk
C01525,37,Male,46400,Full-Time,791,Richmond,Florida,Low Risk
C01526,44,Male,37100,Self-Employed,758,Los Angeles,Texas,Low Risk
C01527,23,Female,27800,Self-Employed,614,Los Angeles,Florida,High Risk
C01528,52,Male,49700,Full-Time,601,Tampa,Georgia,High Risk
C01529,55,Female,156400,Full-Time,554,Austin,California,Very High Risk
C01530,58,Male,73400,Full-Time,646,Orlando,Virginia,High Risk
C01531,33,Male,99200,Full-Time,697,Los Angeles,New York,Medium Risk
C01532,67,Male,43400,Full-Time,614,New York,Arizona,High Risk
C01533,45,Male,32000,Full-Time,722,Aurora,New York,Medium Risk
C01534,29,Male,37500,Part-Time,739,Rochester,Arizona,Medium Risk
C01535,24,Female,62200,Retired,654,Tempe,Virginia,High Risk
C01536,34,Male,26500,Part-Time,589,Jacksonville,Georgia,Very High Risk
C01537,57,Male,41300,Unemployed,794,Dallas,Texas,Low Risk
C01538,54,Female,49900,Self-Employed,693,Los Angeles,Texas,Medium Risk
C01539,31,Male,35900,Self-Employed,836,New York,California,Low Risk
C01540,61,Male,25000,Full-Time,697,Chicago,Illinois,Medium Risk
C01541,23,Female,74000,Full-Time,702,Mesa,Arizona,Medium Risk
C01542,48,Female,66400,Self-Employed,618,Jacksonville,Florida,High Risk
C01543,49,Male,92300,Unemployed,658,Jacksonville,Georgia,High Risk
C01544,29,Male,39400,Full-Time,573,Fresno,California,Very High Risk
C01545,23,Female,91500,Full-Time,589,Los Angeles,Georgia,Very High Risk
C01546,45,Male,129400,Self-Employed,746,Los Angeles,California,Medium Risk
C01547,54,Female,73100,Full-Time,669,Mesa,Texas,High Risk
C01548,32,Female,49400,Full-Time,658,Irving,Texas,High Risk
C01549,62,Female,69400,Self-Employed,634,Mesa,Illinois,High Risk
C01550,29,Male,48300,Full-Time,661,Savannah,Arizona,High Risk
C01551,35,Male,44900,Part-Time,775,New York,Virginia,Low Risk
C01552,60,Female,88400,Unemployed,701,New York,Arizona,Medium Risk
C01553,45,Male,61100,Full-Time,601,Houston,Virginia,High Risk
C01554,25,Male,111800,Full-Time,767,Plano,Georgia,Low Risk
C01555,31,Female,53300,Full-Time,819,Plano,Georgia,Low Risk
C01556,54,Male,55700,Full-Time,727,Chicago,Illinois,Medium Risk
C01557,44,Male,50400,Self-Employed,757,Miami,Texas,Low Risk
C01558,35,Female,39300,Full-Time,782,New York,Virginia,Low Risk
C01559,58,Male,93800,Full-Time,566,Naperville,New York,Very High Risk
C01560,28,Male,173800,Full-Time,830,Chicago,Illinois,Low Risk
C01561,25,Male,54700,Full-Time,772,Augusta,California,Low Risk
C01562,46,Female,47900,Full-Time,727,Orlando,Texas,Medium Risk
C01563,38,Male,46500,Part-Time,681,San Diego,Georgia,Medium Risk
C01564,26,Male,47900,Full-Time,590,Fresno,Georgia,Very High Risk
C01565,57,Female,136600,Full-Time,665,New York,Florida,High Risk
C01566,33,Female,47000,Full-Time,724,Phoenix,Florida,Medium Risk
C01567,48,Male,49900,Unemployed,607,Houston,New York,High Risk
C01568,25,Female,37200,Full-Time,685,New York,Georgia,Medium Risk
C01569,33,Male,74200,Part-Time,601,Atlanta,Texas,High Risk
C01570,37,Female,63100,Part-Time,661,Tempe,Georgia,High Risk
C01571,60,Male,39000,Self-Employed,589,Atlanta,Virginia,Very High Risk
C01572,65,Male,43500,Full-Time,581,Chicago,Georgia,Very High Risk
C01573,52,Female,129600,Retired,716,Mesa,California,Medium Risk
C01574,49,Male,66000,Part-Time,647,Naperville,New York,High Risk
C01575,23,Male,68000,Self-Employed,654,Chicago,California,High Risk
C01576,60,Male,68200,Full-Time,642,Mesa,Arizona,High Risk
C01577,54,Female,121700,Self-Employed,850,Arlington,Virginia,Low Risk
C01578,60,Male,40600,Self-Employed,736,Arlington,Florida,Medium Risk
C01579,47,Male,54400,Full-Time,744,New York,Virginia,Medium Risk
C01580,33,Male,60200,Full-Time,632,Jacksonville,California,High Risk
C01581,65,Male,30000,Part-Time,728,Richmond,Florida,Medium Risk
C01582,53,Male,43000,Full-Time,673,New York,Arizona,High Risk
C01583,26,Male,104100,Self-Employed,631,Richmond,Illinois,High Risk
C01584,44,Male,91500,Full-Time,835,Rochester,Arizona,Low Risk
C01585,39,Male,99100,Full-Time,733,Savannah,Florida,Medium Risk
C01586,36,Female,49900,Part-Time,729,Norfolk,Georgia,Medium Risk
C01587,60,Female,52700,Full-Time,617,Buffalo,Arizona,High Risk
C01588,48,Female,29100,Retired,595,Mesa,Florida,Very High Risk
C01589,53,Male,98900,Unemployed,686,Naperville,Arizona,Medium Risk
C01590,61,Female,106500,Part-Time,647,Augusta,Georgia,High Risk
C01591,33,Male,105900,Self-Employed,736,Orlando,New York,Medium Risk
C01592,63,Female,133800,Unemployed,741,Tampa,Georgia,Medium Risk
C01593,65,Male,78600,Full-Time,695,Orlando,Arizona,Medium Risk
C01594,45,Male,131000,Self-Employed,752,Norfolk,Virginia,Low Risk
C01595,62,Male,59400,Full-Time,704,Phoenix,Georgia,Medium Risk
C01596,56,Male,29300,Full-Time,625,Irving,Georgia,High Risk
C01597,47,Female,95700,Full-Time,675,Norfolk,New York,High Risk
C01598,58,Female,28900,Self-Employed,700,San Jose,Texas,Medium Risk
C01599,27,Female,70200,Full-Time,760,Richmond,Arizona,Low Risk
C01600,25,Female,99900,Full-Time,707,Los Angeles,Texas,Medium Risk
C01601,63,Male,75200,Part-Time,647,Rochester,Arizona,High Risk
C01602,65,Male,181200,Full-Time,762,Tampa,Florida,Low Risk
C01603,51,Female,26800,Self-Employed,719,Los Angeles,Illinois,Medium Risk
C01604,43,Female,62600,Part-Time,806,Jacksonville,Texas,Low Risk
C01605,62,Female,65500,Full-Time,697,San Diego,Florida,Medium Risk
C01606,30,Male,35500,Full-Time,612,San Jose,New York,High Risk
C01607,52,Female,38700,Part-Time,778,Tampa,Virginia,Low Risk
C01608,63,Female,44400,Full-Time,647,Plano,Texas,High Risk
C01609,50,Male,39600,Full-Time,712,Phoenix,Texas,Medium Risk
C01610,59,Male,61900,Full-Time,704,Fresno,Georgia,Medium Risk
C01611,51,Male,49600,Full-Time,693,Jacksonville,Virginia,Medium Risk
C01612,38,Female,75000,Full-Time,677,Chicago,Virginia,High Risk
C01613,56,Male,87100,Full-Time,566,Jacksonville,Arizona,Very High Risk
C01614,22,Male,84500,Self-Employed,615,Rochester,Georgia,High Risk
C01615,34,Male,54000,Full-Time,774,Norfolk,Florida,Low Risk
C01616,33,Male,73900,Self-Employed,722,Dallas,Georgia,Medium Risk
C01617,49,Male,103600,Full-Time,833,San Diego,Virginia,Low Risk
C01618,32,Male,79400,Full-Time,612,Jacksonville,Florida,High Risk
C01619,59,Female,150000,Part-Time,688,New York,California,Medium Risk
C01620,22,Female,101100,Part-Time,777,Savannah,Arizona,Low Risk
C01621,52,Male,140800,Part-Time,648,Chicago,California,High Risk
C01622,33,Female,22000,Self-Employed,654,Rochester,Illinois,High Risk
C01623,66,Female,67900,Part-Time,668,Buffalo,Arizona,High Risk
C01624,47,Male,56200,Full-Time,657,Chicago,Texas,High Risk
C01625,61,Male,61400,Part-Time,730,Plano,California,Medium Risk
C01626,37,Male,45200,Self-Employed,556,Arlington,Florida,Very High Risk
C01627,60,Male,77700,Retired,813,Richmond,Georgia,Low Risk
C01628,51,Male,28800,Part-Time,618,Mesa,Georgia,High Risk
C01629,54,Female,77900,Part-Time,531,Norfolk,Texas,Very High Risk
C01630,44,Male,45900,Full-Time,689,Tampa,Arizona,Medium Risk
C01631,65,Female,51900,Unemployed,662,Austin,Virginia,High Risk
C01632,55,Male,79200,Retired,677,Fresno,California,High Risk
C01633,26,Female,67300,Self-Employed,713,Los Angeles,Illinois,Medium Risk
C01634,39,Male,104400,Part-Time,738,Richmond,Virginia,Medium Risk
C01635,50,Male,42000,Full-Time,816,Los Angeles,Illinois,Low Risk
C01636,27,Female,62700,Self-Employed,638,San Diego,Illinois,High Risk
C01637,30,Female,97000,Self-Employed,748,Richmond,Illinois,Medium Risk
C01638,61,Male,76500,Self-Employed,743,Arlington,Georgia,Medium Risk
C01639,52,Female,78700,Full-Time,492,San Jose,Virginia,Very High Risk
C01640,54,Female,107000,Part-Time,628,Arlington,Georgia,High Risk
C01641,48,Female,54100,Full-Time,593,Austin,Georgia,Very High Risk
C01642,35,Male,49200,Self-Employed,724,Tempe,Arizona,Medium Risk
C01643,50,Female,84200,Full-Time,715,Buffalo,Virginia,Medium Risk
C01644,57,Male,60800,Part-Time,717,Augusta,Florida,Medium Risk
C01645,49,Female,107700,Full-Time,667,Los Angeles,Illinois,High Risk
C01646,42,Male,76800,Full-Time,675,Orlando,Virginia,High Risk
C01647,24,Male,49100,Part-Time,688,Austin,New York,Medium Risk
C01648,40,Male,75700,Full-Time,660,Rochester,Georgia,High Risk
C01649,52,Male,43300,Part-Time,748,Los Angeles,Illinois,Medium Risk
C01650,56,Female,99500,Unemployed,610,Orlando,California,High Risk
C01651,24,Male,34700,Retired,631,San Jose,Arizona,High Risk
C01652,47,Male,112700,Full-Time,699,Phoenix,Texas,Medium Risk
C01653,37,Female,75100,Self-Employed,662,Miami,Georgia,High Risk
C01654,32,Male,60400,Full-Time,607,Miami,Georgia,High Risk
C01655,42,Male,91600,Unemployed,730,Phoenix,California,Medium Risk
C01656,37,Female,81800,Self-Employed,647,Austin,Texas,High Risk
C01657,30,Male,118300,Full-Time,627,Richmond,Florida,High Risk
C01658,21,Male,117800,Full-Time,677,New York,Virginia,High Risk
C01659,42,Male,76200,Full-Time,623,Naperville,Georgia,High Risk
C01660,46,Female,43900,Self-Employed,687,Savannah,Texas,Medium Risk
C01661,38,Female,50900,Full-Time,663,Norfolk,New York,High Risk
C01662,34,Male,62900,Part-Time,652,Savannah,Georgia,High Risk
C01663,67,Male,105800,Part-Time,652,Fresno,Illinois,High Risk
C01664,49,Male,52900,Retired,765,Jacksonville,Arizona,Low Risk
C01665,32,Female,55000,Retired,718,Fresno,California,Medium Risk
C01666,56,Male,149300,Full-Time,562,Richmond,Texas,Very High Risk
C01667,55,Female,62000,Self-Employed,756,Savannah,California,Low Risk
C01668,32,Male,48900,Self-Employed,729,Tampa,Illinois,Medium Risk
C01669,27,Female,92200,Unemployed,724,New York,Florida,Medium Risk
C01670,49,Female,63400,Full-Time,757,Irving,Arizona,Low Risk
C01671,31,Female,34800,Full-Time,691,Los Angeles,Illinois,Medium Risk
C01672,53,Male,103800,Full-Time,737,Jacksonville,Virginia,Medium Risk
C01673,26,Female,46400,Full-Time,655,Jacksonville,Florida,High Risk
C01674,67,Male,66300,Full-Time,754,Tempe,California,Low Risk
C01675,35,Male,63000,Full-Time,706,Los Angeles,Florida,Medium Risk
C01676,52,Male,72100,Part-Time,587,New York,Georgia,Very High Risk
C01677,31,Female,24200,Full-Time,768,Orlando,Florida,Low Risk
C01678,43,Female,55900,Part-Time,680,Jacksonville,Florida,Medium Risk
C01679,46,Male,107800,Full-Time,670,Tampa,Georgia,High Risk
C01680,54,Female,114900,Unemployed,657,Rochester,Florida,High Risk
C01681,66,Male,41600,Retired,662,Los Angeles,Georgia,High Risk
C01682,54,Female,98400,Part-Time,707,Fresno,Georgia,Medium Risk
C01683,49,Female,46100,Unemployed,616,Chicago,Arizona,High Risk
C01684,24,Female,54900,Full-Time,572,Atlanta,Florida,Very High Risk
C01685,37,Male,56200,Self-Employed,610,Rochester,Georgia,High Risk
C01686,55,Female,68300,Full-Time,719,Richmond,Texas,Medium Risk
C01687,33,Female,102000,Full-Time,678,Richmond,Florida,High Risk
C01688,61,Female,73200,Full-Time,773,Tampa,Virginia,Low Risk
C01689,59,Male,61400,Part-Time,685,Aurora,Florida,Medium Risk
C01690,35,Female,100500,Full-Time,753,Fresno,Illinois,Low Risk
C01691,49,Female,45300,Part-Time,638,Austin,Illinois,High Risk
C01692,49,Male,62800,Full-Time,657,Miami,Arizona,High Risk
C01693,31,Male,101700,Unemployed,691,Orlando,Arizona,Medium Risk
C01694,52,Male,82500,Part-Time,679,Plano,Virginia,High Risk
C01695,22,Female,52700,Full-Time,672,San Jose,Arizona,High Risk
C01696,67,Male,32900,Full-Time,625,Atlanta,Illinois,High Risk
C01697,34,Male,74800,Self-Employed,571,Orlando,Virginia,Very High Risk
C01698,40,Female,31900,Full-Time,737,Aurora,Florida,Medium Risk
C01699,42,Female,59100,Full-Time,729,Atlanta,Virginia,Medium Risk
C01700,31,Male,110500,Part-Time,644,San Diego,Virginia,High Risk
C01701,47,Male,85000,Full-Time,718,New York,Illinois,Medium Risk
C01702,23,Female,26100,Full-Time,678,San Diego,Texas,High Risk
C01703,37,Female,71100,Full-Time,773,Dallas,California,Low Risk
C01704,64,Male,56300,Full-Time,592,Tampa,Illinois,Very High Risk
C01705,48,Female,36600,Full-Time,680,Norfolk,Georgia,Medium Risk
C01706,49,Male,75600,Full-Time,675,Dallas,Illinois,High Risk
C01707,41,Female,52100,Full-Time,702,Austin,Texas,Medium Risk
C01708,67,Male,52200,Full-Time,805,Plano,Georgia,Low Risk
C01709,36,Male,68700,Retired,681,Austin,Georgia,Medium Risk
C01710,57,Male,49000,Part-Time,746,Houston,Georgia,Medium Risk
C01711,40,Male,67900,Self-Employed,679,New York,Virginia,High Risk
C01712,26,Female,49800,Full-Time,770,Phoenix,Georgia,Low Risk
C01713,39,Female,51000,Full-Time,746,Aurora,New York,Medium Risk
C01714,25,Female,101600,Self-Employed,665,Phoenix,New York,High Risk
C01715,23,Male,106400,Part-Time,660,Irving,Georgia,High Risk
C01716,21,Male,30100,Full-Time,727,Buffalo,Georgia,Medium Risk
C01717,58,Male,91000,Full-Time,641,Rochester,Georgia,High Risk
C01718,35,Male,122000,Full-Time,704,San Jose,Texas,Medium Risk
C01719,54,Female,131000,Self-Employed,663,Tempe,Illinois,High Risk
C01720,55,Male,82200,Full-Time,718,Savannah,California,Medium Risk
C01721,45,Female,40400,Part-Time,678,Richmond,Arizona,High Risk
C01722,44,Female,86300,Self-Employed,638,San Jose,Georgia,High Risk
C01723,32,Male,44000,Retired,773,Norfolk,Arizona,Low Risk
C01724,38,Female,55700,Self-Employed,708,Mesa,Illinois,Medium Risk
C01725,35,Male,77200,Full-Time,686,San Diego,Texas,Medium Risk
C01726,64,Male,45300,Self-Employed,721,Los Angeles,Arizona,Medium Risk
C01727,36,Female,38800,Self-Employed,565,San Diego,Texas,Very High Risk
C01728,47,Male,80200,Self-Employed,847,Phoenix,Georgia,Low Risk
C01729,28,Male,150600,Self-Employed,692,Naperville,Arizona,Medium Risk
C01730,66,Female,113700,Unemployed,543,Augusta,Florida,Very High Risk
C01731,45,Male,89400,Full-Time,780,Augusta,Virginia,Low Risk
C01732,37,Female,101000,Full-Time,634,Arlington,Texas,High Risk
C01733,49,Male,86600,Self-Employed,768,Mesa,Florida,Low Risk
C01734,28,Male,79600,Full-Time,699,Dallas,Arizona,Medium Risk
C01735,35,Female,97400,Full-Time,572,Jacksonville,Arizona,Very High Risk
C01736,47,Female,35100,Full-Time,710,San Diego,Texas,Medium Risk
C01737,66,Male,71100,Self-Employed,704,Dallas,Florida,Medium Risk
C01738,27,Male,62700,Full-Time,776,Miami,Florida,Low Risk
C01739,23,Female,67300,Part-Time,729,Jacksonville,Georgia,Medium Risk
C01740,49,Male,52800,Full-Time,597,Houston,Georgia,Very High Risk
C01741,64,Female,82200,Full-Time,765,San Diego,Virginia,Low Risk
C01742,44,Female,45000,Full-Time,659,Los Angeles,Arizona,High Risk
C01743,23,Female,51100,Full-Time,819,Los Angeles,Illinois,Low Risk
C01744,40,Female,48400,Self-Employed,663,Savannah,Virginia,High Risk
C01745,66,Female,95900,Unemployed,674,Orlando,Virginia,High Risk
C01746,35,Female,64700,Self-Employed,628,Phoenix,Virginia,High Risk
C01747,45,Female,52800,Full-Time,653,Fresno,Florida,High Risk
C01748,50,Female,54900,Full-Time,633,Augusta,New York,High Risk
C01749,34,Male,65100,Full-Time,778,Richmond,Texas,Low Risk
C01750,27,Male,134900,Full-Time,590,San Diego,Georgia,Very High Risk
C01751,37,Female,37300,Full-Time,750,Fresno,California,Low Risk
C01752,64,Female,88100,Self-Employed,752,Phoenix,Arizona,Low Risk
C01753,40,Male,80400,Full-Time,793,Los Angeles,Texas,Low Risk
C01754,56,Male,43700,Full-Time,693,Naperville,Illinois,Medium Risk
C01755,29,Female,125800,Unemployed,613,New York,Illinois,High Risk
C01756,58,Female,82900,Full-Time,677,Dallas,Florida,High Risk
C01757,42,Male,51700,Retired,735,Richmond,Illinois,Medium Risk
C01758,22,Female,28200,Retired,696,Rochester,Georgia,Medium Risk
C01759,44,Female,72100,Full-Time,718,Fresno,Illinois,Medium Risk
C01760,28,Female,63700,Full-Time,792,Phoenix,Texas,Low Risk
C01761,31,Female,40900,Self-Employed,734,Buffalo,Arizona,Medium Risk
C01762,33,Male,40600,Full-Time,705,Naperville,New York,Medium Risk
C01763,37,Female,96100,Full-Time,552,Miami,New York,Very High Risk
C01764,28,Male,27000,Self-Employed,631,Rochester,Arizona,High Risk
C01765,41,Female,74900,Full-Time,660,Mesa,Arizona,High Risk
C01766,38,Male,59700,Full-Time,542,Austin,Florida,Very High Risk
C01767,50,Male,81300,Part-Time,607,Naperville,Arizona,High Risk
C01768,38,Male,56900,Self-Employed,670,Jacksonville,Illinois,High Risk
C01769,66,Male,74200,Full-Time,682,New York,Illinois,Medium Risk
C01770,67,Female,46500,Full-Time,728,San Diego,New York,Medium Risk
C01771,51,Female,63600,Full-Time,675,Plano,Arizona,High Risk
C01772,58,Female,81000,Full-Time,709,Richmond,Florida,Medium Risk
C01773,52,Female,69600,Self-Employed,659,New York,Illinois,High Risk
C01774,31,Male,77100,Self-Employed,693,Phoenix,Florida,Medium Risk
C01775,65,Female,42800,Part-Time,724,Phoenix,Georgia,Medium Risk
C01776,45,Female,49800,Full-Time,800,Chicago,Texas,Low Risk
C01777,53,Female,50200,Full-Time,651,Jacksonville,Georgia,High Risk
C01778,58,Male,57400,Full-Time,701,Richmond,Illinois,Medium Risk
C01779,61,Female,119800,Full-Time,755,Arlington,Illinois,Low Risk
C01780,28,Female,55400,Full-Time,582,Plano,Illinois,Very High Risk
C01781,31,Male,38900,Full-Time,840,Irving,New York,Low Risk
C01782,42,Female,82900,Full-Time,778,Houston,New York,Low Risk
C01783,44,Female,119100,Self-Employed,562,Austin,Illinois,Very High Risk
C01784,61,Male,36800,Self-Employed,718,Richmond,Illinois,Medium Risk
C01785,37,Female,157900,Full-Time,648,New York,Texas,High Risk
C01786,32,Female,78400,Full-Time,660,Orlando,Texas,High Risk
C01787,66,Female,103500,Unemployed,716,San Jose,Florida,Medium Risk
C01788,52,Female,125800,Retired,769,Phoenix,Arizona,Low Risk
C01789,35,Female,100700,Full-Time,655,Fresno,Florida,High Risk
C01790,36,Male,61800,Self-Employed,656,Rochester,New York,High Risk
C01791,42,Male,112400,Self-Employed,718,Austin,California,Medium Risk
C01792,48,Female,72900,Full-Time,733,Miami,Texas,Medium Risk
C01793,40,Female,106200,Full-Time,614,Dallas,Florida,High Risk
C01794,53,Female,111500,Full-Time,819,Fresno,Arizona,Low Risk
C01795,30,Male,39800,Full-Time,642,Rochester,Arizona,High Risk
C01796,60,Male,92900,Full-Time,762,Fresno,Texas,Low Risk
C01797,52,Female,59900,Unemployed,724,Norfolk,Texas,Medium Risk
C01798,53,Male,69200,Self-Employed,735,Tampa,Georgia,Medium Risk
C01799,22,Female,68800,Full-Time,643,Dallas,Virginia,High Risk
C01800,53,Female,67600,Part-Time,561,Rochester,California,Very High Risk
C01801,53,Female,129000,Part-Time,688,San Jose,Texas,Medium Risk
C01802,61,Male,35100,Full-Time,689,New York,Georgia,Medium Risk
C01803,33,Female,29900,Full-Time,618,New York,Arizona,High Risk
C01804,50,Female,27200,Unemployed,759,Miami,California,Low Risk
C01805,53,Male,105200,Full-Time,686,Dallas,Arizona,Medium Risk
C01806,33,Male,45900,Full-Time,629,Los Angeles,Georgia,High Risk
C01807,46,Male,69000,Full-Time,734,Fresno,Arizona,Medium Risk
C01808,42,Male,61700,Full-Time,736,Naperville,Georgia,Medium Risk
C01809,59,Female,43600,Full-Time,636,Augusta,Virginia,High Risk
C01810,22,Female,95300,Full-Time,783,Rochester,California,Low Risk
C01811,58,Female,61400,Part-Time,850,Naperville,Texas,Low Risk
C01812,59,Female,58400,Full-Time,608,Orlando,Texas,High Risk
C01813,46,Female,72200,Full-Time,676,Savannah,Florida,High Risk
C01814,66,Male,89900,Full-Time,715,Orlando,Texas,Medium Risk
C01815,35,Female,42200,Full-Time,850,New York,Arizona,Low Risk
C01816,54,Female,96300,Unemployed,635,San Diego,Virginia,High Risk
C01817,62,Female,124800,Full-Time,620,Arlington,Texas,High Risk
C01818,64,Female,34200,Part-Time,619,Richmond,Texas,High Risk
C01819,60,Female,73700,Full-Time,782,Tampa,Florida,Low Risk
C01820,31,Female,56700,Full-Time,637,Atlanta,Virginia,High Risk
C01821,23,Female,89000,Self-Employed,626,Atlanta,Virginia,High Risk
C01822,26,Male,37600,Full-Time,707,Phoenix,California,Medium Risk
C01823,29,Female,135300,Self-Employed,713,Irving,Florida,Medium Risk
C01824,26,Female,31500,Full-Time,770,Dallas,Arizona,Low Risk
C01825,29,Male,58200,Part-Time,697,Orlando,Virginia,Medium Risk
C01826,59,Male,79000,Self-Employed,709,Buffalo,Arizona,Medium Risk
C01827,51,Female,47700,Part-Time,682,Miami,Texas,Medium Risk
C01828,52,Male,44500,Part-Time,592,Buffalo,Illinois,Very High Risk
C01829,61,Male,71800,Self-Employed,675,Norfolk,Texas,High Risk
C01830,32,Female,67300,Retired,695,Jacksonville,Florida,Medium Risk
C01831,28,Female,65200,Full-Time,657,Buffalo,Georgia,High Risk
C01832,28,Female,95700,Full-Time,573,Plano,Georgia,Very High Risk
C01833,48,Male,54400,Full-Time,605,Augusta,Virginia,High Risk
C01834,40,Male,75100,Full-Time,687,Jacksonville,Florida,Medium Risk
C01835,67,Male,51700,Full-Time,760,Tampa,New York,Low Risk
C01836,27,Male,44400,Self-Employed,816,Mesa,Arizona,Low Risk
C01837,31,Male,57200,Full-Time,676,Phoenix,Georgia,High Risk
C01838,40,Female,51900,Self-Employed,636,Houston,Illinois,High Risk
C01839,36,Female,53100,Full-Time,662,Norfolk,Florida,High Risk
C01840,24,Male,109800,Full-Time,612,Tampa,Georgia,High Risk
C01841,26,Male,58000,Unemployed,749,Buffalo,Georgia,Medium Risk
C01842,42,Female,48200,Full-Time,850,Jacksonville,California,Low Risk
C01843,46,Female,65800,Full-Time,638,Plano,Texas,High Risk
C01844,23,Male,68100,Full-Time,601,Atlanta,Georgia,High Risk
C01845,61,Female,38100,Self-Employed,765,Rochester,Virginia,Low Risk
C01846,62,Male,56800,Full-Time,714,New York,Georgia,Medium Risk
C01847,34,Male,55800,Full-Time,715,Savannah,California,Medium Risk
C01848,31,Male,60200,Part-Time,809,Plano,Arizona,Low Risk
C01849,38,Female,90100,Full-Time,588,Chicago,Florida,Very High Risk
C01850,32,Male,69100,Self-Employed,585,Rochester,Florida,Very High Risk
C01851,43,Male,113000,Full-Time,678,Houston,California,High Risk
C01852,32,Male,64700,Full-Time,695,Orlando,California,Medium Risk
C01853,33,Female,144600,Part-Time,663,Jacksonville,New York,High Risk
C01854,45,Male,52800,Self-Employed,850,Los Angeles,Texas,Low Risk
C01855,65,Male,46000,Self-Employed,667,Chicago,California,High Risk
C01856,39,Male,83200,Self-Employed,649,Dallas,Texas,High Risk
C01857,66,Male,120100,Full-Time,699,Fresno,Georgia,Medium Risk
C01858,56,Male,35000,Full-Time,763,Savannah,Illinois,Low Risk
C01859,65,Male,59500,Full-Time,636,Aurora,Florida,High Risk
C01860,28,Male,49400,Unemployed,679,Orlando,California,High Risk
C01861,49,Male,69300,Self-Employed,765,New York,Virginia,Low Risk
C01862,52,Male,65300,Retired,769,Plano,Illinois,Low Risk
C01863,64,Male,119100,Full-Time,706,Atlanta,Florida,Medium Risk
C01864,38,Male,61900,Full-Time,850,Orlando,New York,Low Risk
C01865,26,Female,120700,Part-Time,839,Plano,Florida,Low Risk
C01866,38,Female,56400,Self-Employed,585,Houston,California,Very High Risk
C01867,39,Female,98600,Part-Time,563,Arlington,Virginia,Very High Risk
C01868,42,Female,72000,Self-Employed,750,Jacksonville,Illinois,Low Risk
C01869,57,Female,141600,Full-Time,792,Los Angeles,Illinois,Low Risk
C01870,52,Female,33400,Full-Time,673,San Diego,Virginia,High Risk
C01871,61,Female,38500,Full-Time,652,Augusta,Illinois,High Risk
C01872,23,Male,148200,Full-Time,628,Atlanta,Florida,High Risk
C01873,48,Male,46700,Full-Time,602,Richmond,Virginia,High Risk
C01874,30,Female,48100,Full-Time,775,Austin,Texas,Low Risk
C01875,55,Female,43800,Full-Time,661,Houston,Arizona,High Risk
C01876,49,Male,109000,Part-Time,713,Norfolk,Texas,Medium Risk
C01877,35,Female,37000,Unemployed,553,Savannah,Florida,Very High Risk
C01878,53,Male,65700,Self-Employed,765,Atlanta,California,Low Risk
C01879,27,Male,57700,Full-Time,734,Austin,Florida,Medium Risk
C01880,32,Male,103600,Full-Time,589,Dallas,Texas,Very High Risk
C01881,50,Male,50400,Full-Time,709,Naperville,Florida,Medium Risk
C01882,41,Male,78400,Retired,690,Arlington,Illinois,Medium Risk
C01883,51,Female,38400,Full-Time,656,Savannah,Virginia,High Risk
C01884,44,Female,180800,Full-Time,472,Jacksonville,Virginia,Very High Risk
C01885,40,Female,58400,Self-Employed,640,New York,California,High Risk
C01886,57,Male,65300,Full-Time,713,Augusta,Arizona,Medium Risk
C01887,24,Female,136900,Unemployed,649,Norfolk,California,High Risk
C01888,48,Male,49900,Full-Time,673,Rochester,New York,High Risk
C01889,64,Male,137600,Full-Time,802,Houston,Arizona,Low Risk
C01890,40,Female,54000,Full-Time,684,Chicago,Florida,Medium Risk
C01891,44,Male,87900,Unemployed,533,Miami,Georgia,Very High Risk
C01892,52,Male,50200,Unemployed,676,San Diego,Georgia,High Risk
C01893,61,Male,35300,Full-Time,697,Jacksonville,Arizona,Medium Risk
C01894,56,Female,78300,Full-Time,628,Mesa,Arizona,High Risk
C01895,54,Male,86700,Full-Time,745,Jacksonville,Arizona,Medium Risk
C01896,56,Female,36000,Retired,580,Augusta,Georgia,Very High Risk
C01897,22,Female,56600,Part-Time,680,New York,Illinois,Medium Risk
C01898,35,Female,111600,Self-Employed,579,Los Angeles,Virginia,Very High Risk
C01899,54,Female,85200,Full-Time,668,Rochester,Virginia,High Risk
C01900,56,Male,54400,Full-Time,743,Fresno,Georgia,Medium Risk
C01901,26,Male,49700,Full-Time,678,Atlanta,Florida,High Risk
C01902,59,Male,156200,Self-Employed,673,Rochester,Virginia,High Risk
C01903,62,Male,33900,Self-Employed,692,Savannah,New York,Medium Risk
C01904,32,Female,63300,Full-Time,696,Savannah,New York,Medium Risk
C01905,23,Male,33600,Full-Time,742,Tampa,Virginia,Medium Risk
C01906,65,Male,117500,Full-Time,742,Rochester,Florida,Medium Risk
C01907,38,Female,64800,Full-Time,797,Irving,Georgia,Low Risk
C01908,60,Female,70400,Retired,703,Tempe,Florida,Medium Risk
C01909,41,Female,226000,Full-Time,565,Orlando,Arizona,Very High Risk
C01910,35,Female,49800,Self-Employed,754,Dallas,Virginia,Low Risk
C01911,53,Female,142800,Self-Employed,791,Miami,Virginia,Low Risk
C01912,55,Female,54500,Self-Employed,850,Orlando,Arizona,Low Risk
C01913,46,Male,58500,Retired,799,Buffalo,Florida,Low Risk
C01914,28,Female,213100,Part-Time,653,Richmond,Arizona,High Risk
C01915,56,Female,60500,Unemployed,704,Arlington,Texas,Medium Risk
C01916,50,Male,35000,Full-Time,670,Austin,New York,High Risk
C01917,43,Male,73800,Part-Time,660,Tempe,California,High Risk
C01918,62,Female,60100,Self-Employed,681,Buffalo,Georgia,Medium Risk
C01919,64,Female,76700,Full-Time,786,Orlando,Georgia,Low Risk
C01920,34,Male,61200,Self-Employed,571,Fresno,Texas,Very High Risk
C01921,34,Male,176200,Self-Employed,615,Plano,Illinois,High Risk
C01922,22,Female,83500,Self-Employed,781,Tampa,California,Low Risk
C01923,57,Female,40100,Full-Time,799,Atlanta,California,Low Risk
C01924,25,Male,68700,Part-Time,641,Rochester,California,High Risk
C01925,58,Male,45400,Full-Time,814,Tempe,Arizona,Low Risk
C01926,65,Female,58100,Self-Employed,763,Rochester,New York,Low Risk
C01927,61,Male,43200,Full-Time,670,Savannah,Illinois,High Risk
C01928,67,Female,167800,Part-Time,507,Dallas,Texas,Very High Risk
C01929,34,Male,47600,Full-Time,565,Rochester,Arizona,Very High Risk
C01930,59,Male,88600,Full-Time,641,Los Angeles,Illinois,High Risk
C01931,45,Male,56200,Full-Time,747,New York,Georgia,Medium Risk
C01932,40,Male,38600,Full-Time,747,Mesa,Texas,Medium Risk
C01933,22,Male,71000,Part-Time,655,Mesa,Arizona,High Risk
C01934,59,Male,77800,Self-Employed,673,Orlando,New York,High Risk
C01935,26,Female,83600,Full-Time,688,Dallas,Georgia,Medium Risk
C01936,37,Male,22000,Full-Time,674,Atlanta,Illinois,High Risk
C01937,45,Female,37300,Full-Time,702,Chicago,California,Medium Risk
C01938,48,Male,100000,Self-Employed,688,Phoenix,Virginia,Medium Risk
C01939,22,Female,42900,Full-Time,564,Naperville,Illinois,Very High Risk
C01940,55,Male,71200,Full-Time,674,Plano,Georgia,High Risk
C01941,57,Male,36900,Full-Time,688,New York,Arizona,Medium Risk
C01942,25,Female,90300,Full-Time,764,San Jose,Arizona,Low Risk
C01943,21,Female,98800,Full-Time,628,Mesa,New York,High Risk
C01944,60,Female,90400,Full-Time,705,Phoenix,New York,Medium Risk
C01945,32,Female,103400,Self-Employed,732,Augusta,New York,Medium Risk
C01946,56,Female,131400,Part-Time,679,Richmond,Texas,High Risk
C01947,65,Male,38300,Full-Time,558,Arlington,Virginia,Very High Risk
C01948,43,Female,45600,Part-Time,766,Los Angeles,Illinois,Low Risk
C01949,67,Female,97300,Full-Time,746,Fresno,California,Medium Risk
C01950,51,Female,108100,Retired,707,Irving,Arizona,Medium Risk
C01951,31,Female,48000,Full-Time,693,Irving,California,Medium Risk
C01952,30,Male,46500,Self-Employed,556,Aurora,Florida,Very High Risk
C01953,23,Male,48500,Self-Employed,748,Augusta,New York,Medium Risk
C01954,34,Female,31600,Full-Time,801,New York,Georgia,Low Risk
C01955,36,Female,36700,Unemployed,606,Tampa,California,High Risk
C01956,30,Female,37100,Full-Time,791,Norfolk,New York,Low Risk
C01957,49,Female,56900,Part-Time,775,Tampa,California,Low Risk
C01958,30,Male,73400,Full-Time,604,Augusta,Illinois,High Risk
C01959,32,Male,79000,Full-Time,660,Los Angeles,Florida,High Risk
C01960,50,Male,51700,Part-Time,585,Houston,New York,Very High Risk
C01961,61,Female,52300,Full-Time,685,Arlington,Texas,Medium Risk
C01962,21,Female,68700,Full-Time,724,Buffalo,Texas,Medium Risk
C01963,25,Male,33200,Full-Time,591,Phoenix,Virginia,Very High Risk
C01964,40,Female,100100,Part-Time,719,Buffalo,California,Medium Risk
C01965,28,Male,115900,Full-Time,738,Mesa,Arizona,Medium Risk
C01966,63,Male,49100,Full-Time,739,Chicago,Illinois,Medium Risk
C01967,32,Female,54300,Part-Time,724,Austin,Georgia,Medium Risk
C01968,21,Male,113700,Full-Time,598,Miami,Virginia,Very High Risk
C01969,40,Female,61500,Full-Time,681,Mesa,Virginia,Medium Risk
C01970,48,Female,84700,Full-Time,716,Savannah,Arizona,Medium Risk
C01971,63,Female,62400,Full-Time,800,Augusta,New York,Low Risk
C01972,57,Male,130900,Full-Time,690,San Jose,Florida,Medium Risk
C01973,67,Male,81000,Retired,722,Fresno,Virginia,Medium Risk
C01974,57,Female,83200,Full-Time,620,Tempe,Virginia,High Risk
C01975,32,Female,83900,Full-Time,603,Austin,Illinois,High Risk
C01976,57,Female,50600,Full-Time,594,Richmond,California,Very High Risk
C01977,64,Male,52800,Full-Time,658,Dallas,Illinois,High Risk
C01978,48,Male,91900,Part-Time,845,Orlando,Florida,Low Risk
C01979,67,Female,68800,Full-Time,660,Jacksonville,Illinois,High Risk
C01980,35,Female,38300,Full-Time,717,Tampa,New York,Medium Risk
C01981,26,Male,151000,Full-Time,732,Savannah,Virginia,Medium Risk
C01982,64,Male,100900,Self-Employed,608,San Diego,California,High Risk
C01983,40,Female,66100,Full-Time,657,Plano,Florida,High Risk
C01984,34,Male,57500,Full-Time,737,Dallas,Virginia,Medium Risk
C01985,22,Male,71100,Self-Employed,722,Atlanta,California,Medium Risk
C01986,29,Male,82000,Full-Time,540,Austin,Georgia,Very High Risk
C01987,57,Male,26000,Self-Employed,735,Houston,Virginia,Medium Risk
C01988,40,Female,168200,Part-Time,649,Chicago,New York,High Risk
C01989,46,Male,45600,Full-Time,651,Aurora,Florida,High Risk
C01990,49,Male,64900,Full-Time,720,Chicago,Georgia,Medium Risk
C01991,21,Male,66000,Retired,804,Naperville,Georgia,Low Risk
C01992,55,Male,159600,Part-Time,675,Houston,Georgia,High Risk
C01993,26,Female,62500,Unemployed,778,Chicago,Florida,Low Risk
C01994,57,Male,132800,Full-Time,582,Augusta,California,Very High Risk
C01995,25,Female,78100,Full-Time,700,Plano,Illinois,Medium Risk
C01996,53,Male,42200,Unemployed,649,Miami,Illinois,High Risk
C01997,34,Male,69100,Full-Time,711,Tampa,Georgia,Medium Risk
C01998,32,Male,61600,Retired,668,Jacksonville,Texas,High Risk
C01999,62,Male,39900,Full-Time,589,Orlando,Texas,Very High Risk
C02000,40,Female,76400,Unemployed,623,Savannah,Florida,High Risk
C02001,44,Male,65600,Full-Time,567,San Jose,California,Very High Risk
C02002,63,Female,83500,Full-Time,592,Norfolk,Florida,Very High Risk
C02003,54,Male,70900,Unemployed,726,Atlanta,California,Medium Risk
C02004,45,Male,48500,Full-Time,671,Irving,New York,High Risk
C02005,49,Male,91800,Full-Time,707,Mesa,Texas,Medium Risk
C02006,59,Female,49100,Full-Time,826,Plano,Florida,Low Risk
C02007,51,Male,22000,Part-Time,668,Tampa,Arizona,High Risk
C02008,67,Male,68900,Retired,738,Norfolk,Virginia,Medium Risk
C02009,63,Male,50700,Full-Time,692,Plano,New York,Medium Risk
C02010,43,Male,77200,Full-Time,850,Los Angeles,Illinois,Low Risk
C02011,64,Female,159800,Full-Time,464,Augusta,Texas,Very High Risk
C02012,58,Female,161900,Self-Employed,636,Naperville,California,High Risk
C02013,40,Female,60300,Full-Time,739,Tampa,Georgia,Medium Risk
C02014,43,Female,44800,Full-Time,634,Mesa,Virginia,High Risk
C02015,65,Male,84600,Full-Time,732,Jacksonville,Illinois,Medium Risk
C02016,36,Male,55000,Full-Time,685,Chicago,Illinois,Medium Risk
C02017,62,Female,77500,Unemployed,755,Tampa,New York,Low Risk
C02018,28,Male,48300,Full-Time,605,Austin,Virginia,High Risk
C02019,41,Male,72800,Full-Time,703,Tempe,Arizona,Medium Risk
C02020,21,Female,45100,Full-Time,725,San Jose,Virginia,Medium Risk
C02021,28,Female,110800,Self-Employed,700,Rochester,Florida,Medium Risk
C02022,49,Female,49800,Full-Time,701,Houston,Georgia,Medium Risk
C02023,52,Female,87500,Full-Time,780,Tempe,Virginia,Low Risk
C02024,58,Male,36800,Full-Time,564,Arlington,Virginia,Very High Risk
C02025,25,Male,92400,Self-Employed,699,Richmond,Virginia,Medium Risk
C02026,67,Male,42100,Part-Time,599,Jacksonville,Florida,Very High Risk
C02027,42,Female,73100,Full-Time,747,San Jose,New York,Medium Risk
C02028,67,Female,103000,Full-Time,627,Dallas,Virginia,High Risk
C02029,54,Male,59400,Full-Time,505,Austin,Illinois,Very High Risk
C02030,21,Male,40900,Retired,749,Dallas,Texas,Medium Risk
C02031,46,Male,81300,Full-Time,670,Buffalo,Illinois,High Risk
C02032,63,Female,44500,Unemployed,717,Aurora,New York,Medium Risk
C02033,30,Female,54200,Part-Time,797,Atlanta,Illinois,Low Risk
C02034,50,Male,73200,Full-Time,718,Austin,Georgia,Medium Risk
C02035,38,Female,119900,Full-Time,703,Buffalo,Illinois,Medium Risk
C02036,37,Female,65800,Retired,686,Arlington,Virginia,Medium Risk
C02037,46,Male,65700,Full-Time,604,Augusta,Illinois,High Risk
C02038,28,Female,90600,Unemployed,674,Norfolk,Illinois,High Risk
C02039,67,Male,66500,Full-Time,838,Norfolk,Texas,Low Risk
C02040,60,Male,86500,Full-Time,662,Irving,California,High Risk
C02041,32,Male,105600,Self-Employed,678,Savannah,California,High Risk
C02042,47,Female,56100,Unemployed,784,Miami,Florida,Low Risk
C02043,28,Female,22000,Full-Time,574,San Diego,Virginia,Very High Risk
C02044,45,Male,45000,Part-Time,737,Phoenix,California,Medium Risk
C02045,66,Female,112000,Full-Time,571,Mesa,California,Very High Risk
C02046,24,Male,64000,Full-Time,720,San Jose,California,Medium Risk
C02047,53,Female,55800,Full-Time,688,Austin,Virginia,Medium Risk
C02048,21,Female,109900,Full-Time,736,Aurora,Arizona,Medium Risk
C02049,39,Male,62100,Full-Time,614,Chicago,Virginia,High Risk
C02050,51,Male,25300,Full-Time,650,Rochester,Illinois,High Risk
C02051,36,Female,33000,Retired,740,Richmond,Arizona,Medium Risk
C02052,34,Male,78500,Part-Time,652,Augusta,Illinois,High Risk
C02053,25,Female,63100,Full-Time,747,Jacksonville,Georgia,Medium Risk
C02054,61,Male,125100,Retired,706,Houston,Virginia,Medium Risk
C02055,46,Female,46700,Full-Time,657,Austin,Texas,High Risk
C02056,48,Male,56500,Full-Time,666,Orlando,Arizona,High Risk
C02057,22,Male,43700,Part-Time,690,Arlington,Illinois,Medium Risk
C02058,26,Male,51400,Full-Time,673,Plano,Illinois,High Risk
C02059,29,Female,27700,Self-Employed,745,Aurora,California,Medium Risk
C02060,53,Male,54600,Full-Time,662,Arlington,Texas,High Risk
C02061,61,Male,63500,Full-Time,647,Houston,Texas,High Risk
C02062,45,Female,61100,Full-Time,758,Chicago,California,Low Risk
C02063,33,Female,171000,Unemployed,658,Los Angeles,Arizona,High Risk
C02064,29,Male,148300,Part-Time,649,Miami,California,High Risk
C02065,33,Female,46400,Part-Time,504,Orlando,Texas,Very High Risk
C02066,51,Female,25900,Full-Time,612,Irving,New York,High Risk
C02067,61,Male,62200,Full-Time,627,Richmond,California,High Risk
C02068,31,Male,77000,Part-Time,649,Mesa,California,High Risk
C02069,24,Female,44100,Full-Time,636,Aurora,Texas,High Risk
C02070,54,Female,45100,Full-Time,764,Mesa,Virginia,Low Risk
C02071,58,Male,132500,Part-Time,632,Mesa,Arizona,High Risk
C02072,66,Male,57900,Full-Time,637,Miami,New York,High Risk
C02073,24,Male,87600,Full-Time,702,Fresno,Georgia,Medium Risk
C02074,58,Female,42800,Self-Employed,607,Rochester,New York,High Risk
C02075,39,Male,63400,Part-Time,807,Miami,Florida,Low Risk
C02076,26,Male,55900,Part-Time,750,Miami,Virginia,Low Risk
C02077,54,Female,48000,Full-Time,602,Houston,New York,High Risk
C02078,38,Female,109300,Full-Time,766,Savannah,Virginia,Low Risk
C02079,33,Male,34800,Part-Time,782,Tempe,California,Low Risk
C02080,61,Male,74400,Self-Employed,604,New York,Illinois,High Risk
C02081,43,Male,55400,Full-Time,603,San Jose,Texas,High Risk
C02082,39,Male,78300,Retired,644,Dallas,Virginia,High Risk
C02083,65,Female,55700,Retired,584,Rochester,Georgia,Very High Risk
C02084,31,Female,96000,Full-Time,631,Richmond,California,High Risk
C02085,21,Male,42600,Self-Employed,660,Chicago,Georgia,High Risk
C02086,44,Male,109400,Full-Time,728,Miami,Texas,Medium Risk
C02087,27,Female,64200,Full-Time,696,Los Angeles,Georgia,Medium Risk
C02088,45,Female,35800,Full-Time,679,San Diego,New York,High Risk
C02089,41,Male,88300,Full-Time,654,Aurora,Texas,High Risk
C02090,35,Female,59400,Unemployed,592,Plano,California,Very High Risk
C02091,21,Female,30100,Self-Employed,734,Savannah,Virginia,Medium Risk
C02092,32,Male,75500,Self-Employed,733,Fresno,Illinois,Medium Risk
C02093,27,Female,102200,Full-Time,644,Irving,California,High Risk
C02094,35,Female,115700,Full-Time,607,San Jose,Arizona,High Risk
C02095,41,Female,54800,Full-Time,807,Tempe,Virginia,Low Risk
C02096,39,Female,69400,Full-Time,709,Irving,Florida,Medium Risk
C02097,49,Male,66500,Full-Time,720,Tempe,Texas,Medium Risk
C02098,45,Male,127100,Full-Time,723,Buffalo,California,Medium Risk
C02099,53,Female,45100,Full-Time,600,San Jose,New York,High Risk
C02100,52,Female,52700,Full-Time,802,Irving,New York,Low Risk
C02101,55,Female,44600,Full-Time,660,Irving,Virginia,High Risk
C02102,64,Male,33900,Full-Time,752,Atlanta,Arizona,Low Risk
C02103,58,Female,72700,Unemployed,799,Chicago,Georgia,Low Risk
C02104,46,Male,133600,Full-Time,696,Fresno,California,Medium Risk
C02105,31,Male,59400,Full-Time,601,Plano,Georgia,High Risk
C02106,55,Male,43700,Self-Employed,503,Dallas,Florida,Very High Risk
C02107,28,Male,70700,Retired,687,Augusta,Texas,Medium Risk
C02108,66,Male,84700,Self-Employed,709,Savannah,Florida,Medium Risk
C02109,34,Female,60600,Full-Time,646,Orlando,Illinois,High Risk
C02110,30,Male,122200,Full-Time,700,Buffalo,Arizona,Medium Risk
C02111,22,Male,45100,Retired,722,Dallas,Georgia,Medium Risk
C02112,66,Male,57100,Self-Employed,765,San Diego,California,Low Risk
C02113,29,Male,74300,Full-Time,673,Phoenix,Georgia,High Risk
C02114,23,Female,77600,Full-Time,687,Naperville,Florida,Medium Risk
C02115,41,Male,66400,Full-Time,677,Tempe,Virginia,High Risk
C02116,46,Male,36600,Full-Time,693,Buffalo,Arizona,Medium Risk
C02117,28,Female,186100,Part-Time,652,Los Angeles,Illinois,High Risk
C02118,22,Female,58500,Full-Time,651,Atlanta,Florida,High Risk
C02119,26,Female,68300,Retired,656,Richmond,Illinois,High Risk
C02120,48,Female,85800,Full-Time,702,Richmond,Arizona,Medium Risk
C02121,49,Female,48800,Self-Employed,626,Miami,New York,High Risk
C02122,46,Male,66700,Full-Time,656,Tampa,New York,High Risk
C02123,45,Female,47900,Full-Time,826,Jacksonville,California,Low Risk
C02124,32,Female,78400,Full-Time,757,Buffalo,Virginia,Low Risk
C02125,25,Female,57400,Self-Employed,618,Naperville,Florida,High Risk
C02126,54,Female,73400,Part-Time,755,Chicago,New York,Low Risk
C02127,57,Female,40600,Full-Time,737,Jacksonville,Georgia,Medium Risk
C02128,35,Male,44800,Self-Employed,682,Plano,Arizona,Medium Risk
C02129,64,Male,35200,Full-Time,637,Aurora,Texas,High Risk
C02130,56,Female,47200,Unemployed,628,Orlando,Arizona,High Risk
C02131,35,Female,22000,Unemployed,707,Irving,Georgia,Medium Risk
C02132,63,Male,56600,Unemployed,627,Houston,New York,High Risk
C02133,43,Female,51100,Full-Time,772,Plano,New York,Low Risk
C02134,26,Male,69600,Full-Time,794,Arlington,Florida,Low Risk
C02135,66,Male,66300,Retired,687,Rochester,Illinois,Medium Risk
C02136,64,Female,114400,Full-Time,775,Mesa,Texas,Low Risk
C02137,63,Female,208900,Full-Time,659,San Diego,Texas,High Risk
C02138,65,Male,108400,Self-Employed,636,San Jose,Illinois,High Risk
C02139,41,Female,53000,Full-Time,773,San Jose,Florida,Low Risk
C02140,43,Male,52100,Self-Employed,808,Plano,New York,Low Risk
C02141,63,Male,96100,Self-Employed,837,Buffalo,Illinois,Low Risk
C02142,36,Male,30500,Self-Employed,715,Irving,Arizona,Medium Risk
C02143,67,Female,56400,Full-Time,755,Naperville,Arizona,Low Risk
C02144,35,Male,58400,Full-Time,713,Miami,Arizona,Medium Risk
C02145,45,Male,84500,Full-Time,795,Fresno,Texas,Low Risk
C02146,56,Female,85700,Full-Time,722,Mesa,Texas,Medium Risk
C02147,31,Male,46500,Full-Time,750,Augusta,Arizona,Low Risk
C02148,35,Female,53900,Full-Time,605,Atlanta,Arizona,High Risk
C02149,24,Female,79400,Full-Time,673,San Jose,Arizona,High Risk
C02150,41,Female,45400,Full-Time,751,Irving,New York,Low Risk
C02151,33,Female,111800,Self-Employed,744,Naperville,New York,Medium Risk
C02152,42,Male,85500,Full-Time,757,Jacksonville,California,Low Risk
C02153,39,Male,70200,Full-Time,699,Arlington,Georgia,Medium Risk
C02154,54,Female,77500,Part-Time,641,New York,Illinois,High Risk
C02155,34,Female,52700,Self-Employed,686,San Jose,New York,Medium Risk
C02156,24,Male,49000,Full-Time,694,Rochester,California,Medium Risk
C02157,66,Female,53700,Part-Time,708,Norfolk,Florida,Medium Risk
C02158,47,Male,81400,Full-Time,617,Augusta,Arizona,High Risk
C02159,49,Female,71200,Full-Time,670,Irving,Texas,High Risk
C02160,67,Female,53700,Unemployed,683,Dallas,Illinois,Medium Risk
C02161,48,Female,91100,Unemployed,522,Naperville,Georgia,Very High Risk
C02162,55,Female,60100,Full-Time,752,Phoenix,Florida,Low Risk
C02163,28,Female,47600,Self-Employed,702,Naperville,Illinois,Medium Risk
C02164,36,Male,72900,Self-Employed,710,Chicago,Illinois,Medium Risk
C02165,62,Female,41200,Retired,651,Tempe,New York,High Risk
C02166,56,Female,30400,Full-Time,734,Phoenix,California,Medium Risk
C02167,50,Female,64900,Full-Time,628,Savannah,Illinois,High Risk
C02168,38,Female,48400,Full-Time,639,Norfolk,Georgia,High Risk
C02169,22,Male,58000,Full-Time,737,Miami,Florida,Medium Risk
C02170,33,Female,42100,Full-Time,717,Irving,Georgia,Medium Risk
C02171,24,Female,112000,Self-Employed,594,Augusta,Illinois,Very High Risk
C02172,46,Male,48300,Self-Employed,808,San Diego,Virginia,Low Risk
C02173,45,Male,53500,Unemployed,633,Rochester,Georgia,High Risk
C02174,50,Female,77000,Full-Time,680,Austin,Georgia,Medium Risk
C02175,31,Male,35000,Full-Time,821,Arlington,Arizona,Low Risk
C02176,27,Male,33800,Full-Time,536,Tampa,Virginia,Very High Risk
C02177,51,Male,77200,Full-Time,562,New York,California,Very High Risk
C02178,64,Female,53200,Unemployed,723,Norfolk,Virginia,Medium Risk
C02179,30,Female,43300,Full-Time,504,Atlanta,Texas,Very High Risk
C02180,59,Male,85300,Self-Employed,537,Dallas,Virginia,Very High Risk
C02181,33,Female,45100,Full-Time,778,San Diego,Illinois,Low Risk
C02182,51,Female,57400,Full-Time,659,Richmond,Florida,High Risk
C02183,27,Male,43400,Part-Time,850,Aurora,Arizona,Low Risk
C02184,62,Male,74500,Full-Time,612,Phoenix,Arizona,High Risk
C02185,62,Female,118400,Full-Time,666,Augusta,Texas,High Risk
C02186,56,Male,28100,Full-Time,731,Houston,Georgia,Medium Risk
C02187,40,Female,68400,Part-Time,725,Rochester,Texas,Medium Risk
C02188,24,Male,95600,Retired,671,Orlando,New York,High Risk
C02189,27,Male,53800,Self-Employed,641,Aurora,New York,High Risk
C02190,21,Female,39100,Retired,707,Phoenix,Illinois,Medium Risk
C02191,64,Male,78600,Self-Employed,793,Rochester,Arizona,Low Risk
C02192,65,Female,102000,Self-Employed,747,San Diego,Florida,Medium Risk
C02193,62,Male,97000,Full-Time,643,Savannah,Virginia,High Risk
C02194,67,Male,76600,Full-Time,616,Mesa,New York,High Risk
C02195,33,Male,67900,Full-Time,638,Austin,Georgia,High Risk
C02196,42,Male,43400,Self-Employed,594,Mesa,California,Very High Risk
C02197,41,Male,95900,Full-Time,701,Irving,California,Medium Risk
C02198,42,Male,93600,Full-Time,751,Aurora,Virginia,Low Risk
C02199,48,Female,38900,Retired,685,Mesa,Georgia,Medium Risk
C02200,29,Female,76600,Full-Time,819,Chicago,Virginia,Low Risk
C02201,46,Male,87200,Retired,823,Dallas,Virginia,Low Risk
C02202,29,Female,96700,Self-Employed,713,Rochester,Texas,Medium Risk
C02203,35,Male,62800,Full-Time,743,Buffalo,Georgia,Medium Risk
C02204,30,Male,44200,Part-Time,622,Jacksonville,Texas,High Risk
C02205,44,Female,51900,Self-Employed,663,San Diego,Texas,High Risk
C02206,62,Male,41300,Full-Time,785,Austin,California,Low Risk
C02207,28,Male,63500,Self-Employed,647,Tempe,Virginia,High Risk
C02208,44,Male,58200,Self-Employed,802,Phoenix,Virginia,Low Risk
C02209,36,Female,170700,Full-Time,773,Arlington,New York,Low Risk
C02210,46,Female,97200,Full-Time,746,Jacksonville,Georgia,Medium Risk
C02211,47,Male,100600,Full-Time,602,Rochester,New York,High Risk
C02212,57,Male,80400,Full-Time,667,Phoenix,Illinois,High Risk
C02213,24,Female,55100,Full-Time,738,Dallas,Florida,Medium Risk
C02214,44,Female,57400,Self-Employed,616,Dallas,California,High Risk
C02215,39,Male,59800,Full-Time,676,Norfolk,Arizona,High Risk
C02216,56,Male,70700,Unemployed,746,Rochester,Texas,Medium Risk
C02217,59,Male,77400,Full-Time,647,Plano,Florida,High Risk
C02218,30,Male,65000,Full-Time,627,Aurora,Texas,High Risk
C02219,45,Female,57000,Part-Time,555,Arlington,Florida,Very High Risk
C02220,38,Male,49800,Unemployed,661,Savannah,Florida,High Risk
C02221,39,Male,34700,Full-Time,748,Mesa,New York,Medium Risk
C02222,56,Female,115800,Full-Time,625,Phoenix,Arizona,High Risk
C02223,30,Female,175400,Unemployed,691,Aurora,Illinois,Medium Risk
C02224,53,Female,111500,Full-Time,673,Irving,Illinois,High Risk
C02225,25,Male,36900,Full-Time,640,Irving,Texas,High Risk
C02226,67,Female,92600,Full-Time,753,San Jose,California,Low Risk
C02227,55,Female,103000,Self-Employed,813,Fresno,Illinois,Low Risk
C02228,64,Male,54200,Full-Time,765,Tempe,California,Low Risk
C02229,54,Female,81000,Part-Time,638,New York,Texas,High Risk
C02230,53,Female,52900,Part-Time,839,Jacksonville,California,Low Risk
C02231,41,Female,129300,Unemployed,765,Aurora,Florida,Low Risk
C02232,37,Female,76600,Full-Time,656,Houston,Florida,High Risk
C02233,42,Male,43000,Full-Time,632,Aurora,Texas,High Risk
C02234,57,Male,87900,Full-Time,774,Augusta,California,Low Risk
C02235,35,Male,104700,Full-Time,703,Atlanta,Virginia,Medium Risk
C02236,55,Female,71100,Self-Employed,626,Buffalo,Virginia,High Risk
C02237,48,Male,80700,Part-Time,679,San Diego,Virginia,High Risk
C02238,27,Female,63000,Self-Employed,659,Jacksonville,Arizona,High Risk
C02239,52,Male,39000,Self-Employed,628,Plano,Arizona,High Risk
C02240,31,Male,60700,Unemployed,766,Fresno,California,Low Risk
C02241,30,Female,82200,Full-Time,749,Irving,Texas,Medium Risk
C02242,29,Male,61400,Retired,753,Dallas,Arizona,Low Risk
C02243,34,Female,93200,Full-Time,752,Norfolk,Illinois,Low Risk
C02244,33,Female,54500,Self-Employed,621,Arlington,New York,High Risk
C02245,45,Male,56100,Full-Time,645,Naperville,Virginia,High Risk
C02246,22,Male,94500,Self-Employed,799,Atlanta,Illinois,Low Risk
C02247,55,Male,71800,Full-Time,698,Naperville,Georgia,Medium Risk
C02248,27,Female,54000,Self-Employed,580,Augusta,New York,Very High Risk
C02249,41,Male,103500,Retired,706,Jacksonville,California,Medium Risk
C02250,38,Female,47700,Self-Employed,739,Los Angeles,New York,Medium Risk
C02251,23,Male,46900,Self-Employed,729,Miami,Arizona,Medium Risk
C02252,62,Female,22000,Full-Time,620,Orlando,New York,High Risk
C02253,59,Female,50700,Full-Time,832,Phoenix,California,Low Risk
C02254,61,Female,117100,Retired,577,Mesa,Florida,Very High Risk
C02255,31,Female,25600,Part-Time,698,Rochester,New York,Medium Risk
C02256,59,Male,42400,Full-Time,820,Richmond,Arizona,Low Risk
C02257,44,Male,79200,Full-Time,734,Mesa,Arizona,Medium Risk
C02258,66,Female,23700,Full-Time,753,Phoenix,Virginia,Low Risk
C02259,39,Male,51700,Full-Time,611,Arlington,Texas,High Risk
C02260,24,Female,108600,Full-Time,716,Dallas,Illinois,Medium Risk
C02261,46,Female,163000,Full-Time,687,Naperville,California,Medium Risk
C02262,58,Female,74100,Full-Time,605,Irving,California,High Risk
C02263,62,Male,42800,Full-Time,755,Richmond,New York,Low Risk
C02264,52,Female,42200,Part-Time,629,Norfolk,Florida,High Risk
C02265,59,Male,69400,Full-Time,637,Arlington,Florida,High Risk
C02266,65,Male,73800,Part-Time,722,Los Angeles,Illinois,Medium Risk
C02267,66,Male,150000,Unemployed,679,Los Angeles,Illinois,High Risk
C02268,56,Male,100600,Full-Time,703,Irving,Arizona,Medium Risk
C02269,60,Male,67500,Self-Employed,675,Los Angeles,Florida,High Risk
C02270,57,Male,55900,Unemployed,796,Mesa,Georgia,Low Risk
C02271,53,Female,250000,Full-Time,621,Jacksonville,Florida,High Risk
C02272,56,Male,86200,Full-Time,655,Dallas,Florida,High Risk
C02273,23,Female,48100,Full-Time,726,Dallas,New York,Medium Risk
C02274,29,Male,58800,Part-Time,616,Mesa,Arizona,High Risk
C02275,28,Male,43800,Full-Time,613,New York,Texas,High Risk
C02276,53,Male,22000,Full-Time,700,San Jose,Illinois,Medium Risk
C02277,26,Female,74800,Part-Time,755,Fresno,Georgia,Low Risk
C02278,61,Male,145000,Full-Time,765,Phoenix,Georgia,Low Risk
C02279,59,Male,31200,Retired,697,Miami,Virginia,Medium Risk
C02280,24,Male,66600,Full-Time,640,Los Angeles,California,High Risk
C02281,33,Male,47300,Unemployed,711,Fresno,Florida,Medium Risk
C02282,22,Female,82200,Full-Time,732,Aurora,Florida,Medium Risk
C02283,25,Male,60100,Full-Time,710,Buffalo,Virginia,Medium Risk
C02284,64,Male,35200,Full-Time,783,Houston,Texas,Low Risk
C02285,47,Female,41800,Retired,614,Plano,Arizona,High Risk
C02286,52,Male,44700,Full-Time,638,Los Angeles,Florida,High Risk
C02287,41,Female,119000,Part-Time,772,Chicago,Virginia,Low Risk
C02288,28,Female,116300,Unemployed,580,San Diego,Illinois,Very High Risk
C02289,58,Female,56500,Part-Time,650,Phoenix,Georgia,High Risk
C02290,28,Male,112900,Full-Time,635,Phoenix,Florida,High Risk
C02291,23,Female,60100,Retired,573,Atlanta,Texas,Very High Risk
C02292,64,Male,56100,Unemployed,676,Buffalo,Virginia,High Risk
C02293,23,Female,66700,Full-Time,746,Tempe,New York,Medium Risk
C02294,42,Male,73900,Full-Time,702,Savannah,Illinois,Medium Risk
C02295,26,Male,50600,Retired,750,Plano,New York,Low Risk
C02296,22,Female,65600,Retired,779,Savannah,California,Low Risk
C02297,43,Male,92600,Full-Time,661,Tampa,Texas,High Risk
C02298,64,Female,68900,Self-Employed,850,Miami,California,Low Risk
C02299,22,Female,66300,Full-Time,664,Mesa,Virginia,High Risk
C02300,58,Male,81200,Full-Time,674,Richmond,California,High Risk
C02301,37,Male,87700,Full-Time,637,Chicago,Georgia,High Risk
C02302,55,Male,63200,Full-Time,731,Arlington,California,Medium Risk
C02303,54,Female,52500,Part-Time,668,Aurora,California,High Risk
C02304,43,Male,70800,Full-Time,684,Rochester,Texas,Medium Risk
C02305,50,Female,31700,Full-Time,675,Miami,Virginia,High Risk
C02306,28,Female,59100,Full-Time,673,San Jose,New York,High Risk
C02307,42,Female,22000,Full-Time,702,Savannah,Florida,Medium Risk
C02308,64,Female,30600,Retired,656,Norfolk,California,High Risk
C02309,56,Female,28600,Self-Employed,660,Mesa,Georgia,High Risk
C02310,25,Male,104100,Full-Time,770,Augusta,Arizona,Low Risk
C02311,33,Male,65400,Unemployed,668,Jacksonville,Florida,High Risk
C02312,49,Male,36800,Full-Time,719,Rochester,Georgia,Medium Risk
C02313,51,Female,81100,Part-Time,623,San Jose,Virginia,High Risk
C02314,67,Female,101400,Retired,657,Tampa,Florida,High Risk
C02315,36,Female,81700,Full-Time,598,Chicago,California,Very High Risk
C02316,62,Female,59700,Part-Time,829,Rochester,Virginia,Low Risk
C02317,50,Male,72200,Full-Time,793,Fresno,Illinois,Low Risk
C02318,36,Male,97500,Full-Time,735,Mesa,Arizona,Medium Risk
C02319,32,Male,52600,Full-Time,850,Naperville,Florida,Low Risk
C02320,37,Male,65900,Retired,748,Chicago,Virginia,Medium Risk
C02321,36,Female,57900,Full-Time,677,Tempe,Illinois,High Risk
C02322,32,Male,31400,Retired,718,San Jose,New York,Medium Risk
C02323,28,Female,98200,Unemployed,792,Tampa,Florida,Low Risk
C02324,40,Female,164000,Full-Time,624,Fresno,Texas,High Risk
C02325,23,Male,43900,Full-Time,602,Los Angeles,Georgia,High Risk
C02326,36,Male,100200,Part-Time,720,Mesa,Arizona,Medium Risk
C02327,50,Male,44500,Full-Time,646,Norfolk,Virginia,High Risk
C02328,65,Male,69000,Full-Time,521,Miami,Virginia,Very High Risk
C02329,43,Female,128100,Retired,597,Fresno,New York,Very High Risk
C02330,48,Male,51400,Self-Employed,667,Norfolk,New York,High Risk
C02331,60,Female,64600,Full-Time,694,Houston,Virginia,Medium Risk
C02332,25,Female,28900,Part-Time,696,Orlando,Arizona,Medium Risk
C02333,40,Male,48200,Full-Time,840,Savannah,Illinois,Low Risk
C02334,60,Female,27600,Full-Time,674,Augusta,Virginia,High Risk
C02335,64,Female,78800,Retired,711,Los Angeles,Virginia,Medium Risk
C02336,21,Female,94500,Unemployed,568,Richmond,California,Very High Risk
C02337,50,Male,58800,Full-Time,688,Aurora,Georgia,Medium Risk
C02338,41,Male,73900,Full-Time,715,Houston,Texas,Medium Risk
C02339,40,Male,56100,Part-Time,587,Tampa,Arizona,Very High Risk
C02340,26,Male,90700,Full-Time,620,Fresno,Arizona,High Risk
C02341,42,Female,68900,Full-Time,727,Buffalo,Texas,Medium Risk
C02342,38,Female,26600,Full-Time,649,Phoenix,Illinois,High Risk
C02343,28,Female,99200,Part-Time,682,Fresno,Illinois,Medium Risk
C02344,59,Male,54500,Full-Time,731,Los Angeles,New York,Medium Risk
C02345,52,Male,36700,Full-Time,843,Orlando,Arizona,Low Risk
C02346,53,Female,53300,Full-Time,673,San Diego,Illinois,High Risk
C02347,36,Male,27600,Full-Time,823,Mesa,California,Low Risk
C02348,32,Male,37000,Full-Time,543,New York,New York,Very High Risk
C02349,58,Female,69300,Full-Time,701,Norfolk,New York,Medium Risk
C02350,54,Male,72000,Full-Time,665,Rochester,Virginia,High Risk
C02351,34,Female,74600,Unemployed,650,Buffalo,New York,High Risk
C02352,56,Male,65100,Full-Time,739,Atlanta,Texas,Medium Risk
C02353,53,Female,47600,Full-Time,674,Fresno,Virginia,High Risk
C02354,43,Female,63400,Retired,538,Naperville,Georgia,Very High Risk
C02355,65,Male,53400,Part-Time,571,Tampa,Georgia,Very High Risk
C02356,22,Female,31300,Self-Employed,744,Orlando,Texas,Medium Risk
C02357,61,Female,45900,Full-Time,567,Norfolk,New York,Very High Risk
C02358,41,Female,97000,Full-Time,746,San Jose,California,Medium Risk
C02359,22,Male,132800,Part-Time,699,Austin,Florida,Medium Risk
C02360,47,Female,87100,Part-Time,677,Naperville,New York,High Risk
C02361,29,Male,130200,Full-Time,684,Austin,Illinois,Medium Risk
C02362,21,Female,67500,Full-Time,729,Mesa,Arizona,Medium Risk
C02363,31,Female,142400,Unemployed,602,Richmond,Virginia,High Risk
C02364,23,Male,163800,Full-Time,693,Austin,Arizona,Medium Risk
C02365,43,Female,29800,Full-Time,605,Los Angeles,Virginia,High Risk
C02366,46,Male,71800,Full-Time,702,Orlando,Virginia,Medium Risk
C02367,24,Male,67600,Self-Employed,738,Atlanta,Georgia,Medium Risk
C02368,38,Female,53700,Self-Employed,702,New York,Arizona,Medium Risk
C02369,26,Female,81100,Self-Employed,736,Plano,Florida,Medium Risk
C02370,55,Male,66200,Full-Time,637,Tampa,Texas,High Risk
C02371,42,Male,46700,Full-Time,685,Rochester,Texas,Medium Risk
C02372,63,Female,64200,Full-Time,672,Norfolk,Florida,High Risk
C02373,35,Female,111800,Part-Time,667,Austin,Georgia,High Risk
C02374,42,Male,70600,Self-Employed,630,Savannah,Georgia,High Risk
C02375,57,Male,86200,Retired,658,Rochester,Virginia,High Risk
C02376,62,Female,57400,Full-Time,607,Miami,Illinois,High Risk
C02377,32,Female,79700,Part-Time,563,Atlanta,Texas,Very High Risk
C02378,67,Female,37700,Full-Time,637,Irving,Texas,High Risk
C02379,62,Male,51900,Full-Time,737,Jacksonville,New York,Medium Risk
C02380,58,Female,62100,Full-Time,708,Tampa,California,Medium Risk
C02381,38,Female,36600,Full-Time,596,Arlington,Illinois,Very High Risk
C02382,65,Male,44700,Retired,660,Dallas,New York,High Risk
C02383,55,Female,74800,Full-Time,742,Atlanta,Arizona,Medium Risk
C02384,50,Female,68900,Retired,656,Orlando,California,High Risk
C02385,44,Male,93400,Full-Time,584,Richmond,Arizona,Very High Risk
C02386,62,Female,49600,Full-Time,850,Naperville,Texas,Low Risk
C02387,50,Female,66700,Full-Time,677,Buffalo,Virginia,High Risk
C02388,34,Female,48000,Full-Time,603,Aurora,California,High Risk
C02389,26,Female,89300,Full-Time,703,Rochester,Texas,Medium Risk
C02390,23,Male,111100,Full-Time,684,San Diego,Georgia,Medium Risk
C02391,36,Male,80800,Full-Time,574,Miami,New York,Very High Risk
C02392,27,Female,104800,Retired,697,Mesa,Virginia,Medium Risk
C02393,34,Male,66000,Part-Time,764,Rochester,Texas,Low Risk
C02394,29,Male,93400,Self-Employed,673,Chicago,California,High Risk
C02395,35,Male,67200,Full-Time,535,Norfolk,New York,Very High Risk
C02396,41,Male,41000,Full-Time,716,San Diego,California,Medium Risk
C02397,55,Female,72600,Full-Time,735,Orlando,California,Medium Risk
C02398,22,Male,41500,Unemployed,646,Norfolk,Florida,High Risk
C02399,47,Male,186200,Full-Time,647,Chicago,Texas,High Risk
C02400,22,Female,55900,Full-Time,850,Irving,Texas,Low Risk
C02401,55,Female,86900,Part-Time,641,Dallas,California,High Risk
C02402,38,Female,64600,Full-Time,606,Austin,Arizona,High Risk
C02403,34,Female,37300,Self-Employed,692,Rochester,Georgia,Medium Risk
C02404,40,Female,27700,Full-Time,733,Tempe,Texas,Medium Risk
C02405,38,Female,91100,Full-Time,730,Buffalo,Illinois,Medium Risk
C02406,30,Female,130500,Self-Employed,505,Houston,Georgia,Very High Risk
C02407,45,Female,46700,Full-Time,640,Tampa,Georgia,High Risk
C02408,22,Male,30800,Full-Time,776,Dallas,Georgia,Low Risk
C02409,45,Female,56200,Full-Time,715,Chicago,Texas,Medium Risk
C02410,53,Male,42600,Self-Employed,597,Tempe,Georgia,Very High Risk
C02411,56,Male,48500,Retired,783,Buffalo,Georgia,Low Risk
C02412,51,Male,85500,Part-Time,762,Tempe,New York,Low Risk
C02413,34,Female,63500,Self-Employed,668,Atlanta,Texas,High Risk
C02414,21,Female,44800,Full-Time,756,Atlanta,Georgia,Low Risk
C02415,66,Female,84700,Full-Time,840,Miami,Arizona,Low Risk
C02416,36,Female,87700,Full-Time,611,Orlando,Illinois,High Risk
C02417,66,Female,55900,Part-Time,732,Aurora,Georgia,Medium Risk
C02418,23,Male,69200,Full-Time,839,Plano,California,Low Risk
C02419,55,Female,82200,Self-Employed,739,Norfolk,Virginia,Medium Risk
C02420,61,Male,78700,Part-Time,633,Los Angeles,Virginia,High Risk
C02421,26,Female,66200,Retired,708,Rochester,Texas,Medium Risk
C02422,45,Male,123800,Full-Time,793,Tempe,Virginia,Low Risk
C02423,33,Male,84500,Full-Time,614,San Diego,New York,High Risk
C02424,54,Female,53100,Full-Time,688,Phoenix,Illinois,Medium Risk
C02425,28,Female,53200,Full-Time,672,Naperville,Florida,High Risk
C02426,41,Female,50600,Unemployed,643,Tampa,California,High Risk
C02427,54,Female,86400,Full-Time,708,Aurora,California,Medium Risk
C02428,24,Male,49100,Retired,682,Miami,Virginia,Medium Risk
C02429,45,Female,53700,Retired,738,San Diego,California,Medium Risk
C02430,35,Female,104600,Part-Time,776,Houston,Virginia,Low Risk
C02431,24,Male,70900,Full-Time,595,Chicago,Illinois,Very High Risk
C02432,65,Male,111500,Full-Time,695,Chicago,Texas,Medium Risk
C02433,32,Male,93100,Full-Time,686,Houston,Texas,Medium Risk
C02434,52,Female,38300,Full-Time,705,Savannah,Georgia,Medium Risk
C02435,52,Male,62100,Full-Time,689,Irving,Virginia,Medium Risk
C02436,48,Male,101500,Full-Time,616,Dallas,Virginia,High Risk
C02437,33,Male,37500,Self-Employed,799,Naperville,Georgia,Low Risk
C02438,51,Female,78500,Full-Time,831,Augusta,Texas,Low Risk
C02439,34,Female,63900,Full-Time,731,Richmond,Arizona,Medium Risk
C02440,40,Female,29500,Full-Time,735,Phoenix,Virginia,Medium Risk
C02441,38,Male,68600,Retired,700,Orlando,Virginia,Medium Risk
C02442,49,Male,44600,Part-Time,763,Dallas,Georgia,Low Risk
C02443,26,Male,38400,Full-Time,507,San Jose,Arizona,Very High Risk
C02444,52,Female,65300,Self-Employed,690,Houston,Texas,Medium Risk
C02445,49,Male,27300,Self-Employed,647,Mesa,Virginia,High Risk
C02446,63,Male,48000,Unemployed,701,Arlington,California,Medium Risk
C02447,22,Female,204900,Full-Time,772,Arlington,Florida,Low Risk
C02448,43,Male,87100,Self-Employed,691,Augusta,California,Medium Risk
C02449,39,Female,43700,Full-Time,663,Buffalo,Arizona,High Risk
C02450,51,Male,122300,Retired,585,Chicago,Georgia,Very High Risk
C02451,25,Female,41600,Full-Time,682,Aurora,Florida,Medium Risk
C02452,39,Male,50700,Unemployed,740,Austin,Virginia,Medium Risk
C02453,54,Male,38800,Retired,627,Aurora,Florida,High Risk
C02454,30,Male,72900,Full-Time,540,Richmond,Texas,Very High Risk
C02455,45,Female,120300,Retired,850,San Diego,New York,Low Risk
C02456,22,Female,41500,Full-Time,715,Norfolk,Illinois,Medium Risk
C02457,31,Male,25700,Full-Time,673,Chicago,New York,High Risk
C02458,51,Female,106200,Full-Time,794,Mesa,Florida,Low Risk
C02459,35,Female,130800,Retired,701,Aurora,New York,Medium Risk
C02460,29,Female,26500,Full-Time,790,Atlanta,Georgia,Low Risk
C02461,43,Female,80000,Full-Time,783,San Jose,Florida,Low Risk
C02462,39,Male,72000,Part-Time,594,Orlando,California,Very High Risk
C02463,29,Female,45600,Retired,724,Austin,Georgia,Medium Risk
C02464,55,Female,34700,Self-Employed,819,Mesa,California,Low Risk
C02465,41,Male,101600,Full-Time,615,San Diego,Georgia,High Risk
C02466,29,Male,70500,Full-Time,616,Buffalo,Texas,High Risk
C02467,48,Female,72900,Full-Time,629,Miami,Arizona,High Risk
C02468,66,Female,49100,Part-Time,757,Tampa,Georgia,Low Risk
C02469,27,Female,45300,Full-Time,711,Tampa,Illinois,Medium Risk
C02470,36,Female,22000,Full-Time,545,Naperville,Virginia,Very High Risk
C02471,36,Female,58700,Unemployed,716,Naperville,California,Medium Risk
C02472,53,Male,124200,Full-Time,671,Buffalo,Georgia,High Risk
C02473,24,Male,43500,Full-Time,682,Savannah,Illinois,Medium Risk
C02474,24,Male,32800,Full-Time,627,Savannah,Virginia,High Risk
C02475,59,Male,79100,Full-Time,716,Richmond,Virginia,Medium Risk
C02476,60,Male,85900,Full-Time,769,Irving,Texas,Low Risk
C02477,37,Male,49900,Full-Time,642,Norfolk,Georgia,High Risk
C02478,57,Female,55600,Unemployed,564,Jacksonville,Arizona,Very High Risk
C02479,59,Female,73200,Full-Time,667,Mesa,Illinois,High Risk
C02480,49,Female,60600,Full-Time,747,Fresno,Arizona,Medium Risk
C02481,56,Female,101900,Self-Employed,658,Augusta,Georgia,High Risk
C02482,58,Male,194600,Self-Employed,578,Arlington,California,Very High Risk
C02483,59,Female,30100,Self-Employed,747,Arlington,Virginia,Medium Risk
C02484,57,Male,113000,Retired,796,Phoenix,California,Low Risk
C02485,55,Male,68200,Self-Employed,692,Miami,New York,Medium Risk
C02486,27,Female,121400,Full-Time,570,San Jose,New York,Very High Risk
C02487,47,Male,90000,Self-Employed,666,Fresno,Georgia,High Risk
C02488,48,Male,66800,Full-Time,701,Los Angeles,New York,Medium Risk
C02489,42,Male,91500,Full-Time,629,Tempe,Georgia,High Risk
C02490,34,Female,54400,Full-Time,734,Aurora,Virginia,Medium Risk
C02491,27,Female,45900,Full-Time,622,Miami,Virginia,High Risk
C02492,57,Male,93600,Full-Time,692,Tempe,Georgia,Medium Risk
C02493,42,Female,44500,Full-Time,673,Buffalo,Arizona,High Risk
C02494,25,Male,86800,Full-Time,736,Jacksonville,Illinois,Medium Risk
C02495,22,Male,65900,Unemployed,689,Orlando,California,Medium Risk
C02496,47,Male,22800,Retired,675,Plano,Virginia,High Risk
C02497,41,Female,50200,Part-Time,630,San Jose,Texas,High Risk
C02498,58,Male,75600,Self-Employed,693,Aurora,Florida,Medium Risk
C02499,35,Female,54100,Full-Time,670,Austin,California,High Risk
C02500,41,Male,22000,Unemployed,625,Phoenix,Virginia,High Risk
C02501,30,Male,117800,Full-Time,702,Arlington,New York,Medium Risk
C02502,43,Female,70100,Full-Time,717,Mesa,Georgia,Medium Risk
C02503,59,Male,79400,Full-Time,665,Austin,New York,High Risk
C02504,25,Male,52500,Full-Time,760,Savannah,Illinois,Low Risk
C02505,21,Male,82600,Full-Time,710,Mesa,New York,Medium Risk
C02506,33,Female,148400,Full-Time,594,San Diego,Illinois,Very High Risk
C02507,41,Female,46700,Full-Time,790,Aurora,Texas,Low Risk
C02508,46,Male,137600,Full-Time,748,Savannah,Georgia,Medium Risk
C02509,65,Male,77800,Full-Time,765,Savannah,New York,Low Risk
C02510,41,Male,44000,Retired,720,Fresno,Illinois,Medium Risk
C02511,38,Male,175900,Full-Time,515,Aurora,New York,Very High Risk
C02512,57,Female,77500,Full-Time,772,Dallas,Illinois,Low Risk
C02513,65,Female,88100,Part-Time,695,Houston,Arizona,Medium Risk
C02514,52,Female,57600,Self-Employed,716,Houston,Georgia,Medium Risk
C02515,56,Male,45400,Full-Time,731,Chicago,Georgia,Medium Risk
C02516,37,Female,70100,Unemployed,835,Richmond,California,Low Risk
C02517,55,Female,132400,Full-Time,649,Phoenix,Illinois,High Risk
C02518,31,Female,56500,Full-Time,651,Plano,Florida,High Risk
C02519,41,Female,64200,Full-Time,626,Arlington,Texas,High Risk
C02520,46,Female,125200,Part-Time,610,Buffalo,California,High Risk
C02521,24,Female,56800,Full-Time,611,Jacksonville,Texas,High Risk
C02522,54,Male,81800,Part-Time,551,Fresno,California,Very High Risk
C02523,38,Female,96500,Full-Time,722,San Diego,New York,Medium Risk
C02524,60,Male,59500,Self-Employed,839,Tampa,Illinois,Low Risk
C02525,55,Female,74700,Full-Time,844,Tampa,New York,Low Risk
C02526,61,Female,87500,Full-Time,626,New York,Texas,High Risk
C02527,49,Female,54300,Full-Time,670,Phoenix,Georgia,High Risk
C02528,49,Male,93800,Part-Time,783,Buffalo,Virginia,Low Risk
C02529,58,Male,50800,Full-Time,722,Dallas,Texas,Medium Risk
C02530,62,Male,48000,Self-Employed,700,Fresno,California,Medium Risk
C02531,41,Female,32700,Self-Employed,671,Richmond,Texas,High Risk
C02532,62,Female,51800,Full-Time,778,Rochester,Virginia,Low Risk
C02533,33,Female,45000,Retired,610,Fresno,Illinois,High Risk
C02534,61,Male,54300,Part-Time,726,Rochester,Texas,Medium Risk
C02535,37,Female,85600,Full-Time,716,Plano,New York,Medium Risk
C02536,29,Female,29900,Full-Time,693,Miami,Georgia,Medium Risk
C02537,61,Male,26700,Full-Time,749,Mesa,Illinois,Medium Risk
C02538,21,Female,46400,Full-Time,693,Aurora,Texas,Medium Risk
C02539,22,Female,80000,Full-Time,650,Jacksonville,Florida,High Risk
C02540,49,Female,74000,Full-Time,697,Plano,Florida,Medium Risk
C02541,53,Female,46100,Self-Employed,571,Jacksonville,Georgia,Very High Risk
C02542,30,Male,110000,Full-Time,736,Tempe,New York,Medium Risk
C02543,60,Female,48300,Self-Employed,755,Austin,California,Low Risk
C02544,41,Female,80000,Full-Time,641,Buffalo,California,High Risk
C02545,48,Female,55200,Full-Time,623,Austin,Georgia,High Risk
C02546,31,Female,44000,Self-Employed,644,Phoenix,Texas,High Risk
C02547,54,Female,49500,Part-Time,685,Miami,Illinois,Medium Risk
C02548,28,Male,90400,Full-Time,706,Los Angeles,Georgia,Medium Risk
C02549,42,Female,76500,Full-Time,811,Phoenix,California,Low Risk
C02550,28,Male,100500,Full-Time,802,Augusta,Florida,Low Risk
C02551,35,Male,76500,Part-Time,752,New York,Virginia,Low Risk
C02552,37,Male,31500,Full-Time,699,Fresno,California,Medium Risk
C02553,43,Female,168300,Self-Employed,620,Aurora,Florida,High Risk
C02554,44,Female,77000,Full-Time,816,San Jose,California,Low Risk
C02555,65,Male,81900,Full-Time,671,Arlington,New York,High Risk
C02556,39,Male,54900,Full-Time,711,Los Angeles,Georgia,Medium Risk
C02557,25,Female,107300,Full-Time,737,Buffalo,Virginia,Medium Risk
C02558,52,Female,39700,Full-Time,695,New York,Illinois,Medium Risk
C02559,64,Female,85500,Full-Time,776,Buffalo,Virginia,Low Risk
C02560,21,Male,25500,Full-Time,724,Atlanta,Georgia,Medium Risk
C02561,43,Male,88200,Self-Employed,764,Los Angeles,Arizona,Low Risk
C02562,57,Male,40000,Full-Time,724,Augusta,Texas,Medium Risk
C02563,28,Male,73600,Retired,687,Tampa,Florida,Medium Risk
C02564,33,Male,119700,Full-Time,696,Miami,California,Medium Risk
C02565,28,Male,94100,Full-Time,685,Naperville,Texas,Medium Risk
C02566,43,Male,112800,Part-Time,594,San Jose,Florida,Very High Risk
C02567,63,Male,107600,Self-Employed,615,Irving,Georgia,High Risk
C02568,21,Female,51300,Full-Time,746,Arlington,Florida,Medium Risk
C02569,65,Male,85100,Self-Employed,596,Miami,New York,Very High Risk
C02570,44,Male,29900,Unemployed,660,Orlando,Virginia,High Risk
C02571,55,Female,47700,Self-Employed,611,Atlanta,California,High Risk
C02572,44,Female,121600,Full-Time,656,New York,Arizona,High Risk
C02573,37,Female,54700,Self-Employed,678,New York,Georgia,High Risk
C02574,25,Female,28000,Self-Employed,660,Plano,Arizona,High Risk
C02575,40,Female,160900,Part-Time,583,Richmond,Texas,Very High Risk
C02576,41,Female,83700,Self-Employed,676,Chicago,California,High Risk
C02577,60,Female,91700,Retired,618,Buffalo,Georgia,High Risk
C02578,51,Female,41800,Full-Time,642,Phoenix,Arizona,High Risk
C02579,66,Female,73900,Full-Time,746,Richmond,California,Medium Risk
C02580,56,Male,73000,Full-Time,762,Arlington,Illinois,Low Risk
C02581,31,Female,44900,Full-Time,592,Austin,Florida,Very High Risk
C02582,35,Female,60200,Full-Time,808,Austin,Arizona,Low Risk
C02583,39,Female,33100,Part-Time,652,Austin,Florida,High Risk
C02584,27,Male,55600,Full-Time,645,Richmond,Illinois,High Risk
C02585,48,Male,100700,Part-Time,623,Norfolk,Illinois,High Risk
C02586,63,Female,46400,Self-Employed,694,Austin,California,Medium Risk
C02587,25,Male,153300,Full-Time,839,Aurora,Florida,Low Risk
C02588,25,Female,34100,Unemployed,575,Los Angeles,Texas,Very High Risk
C02589,50,Female,57800,Full-Time,536,New York,New York,Very High Risk
C02590,52,Female,48400,Self-Employed,710,Richmond,Georgia,Medium Risk
C02591,28,Female,59900,Self-Employed,733,Austin,Illinois,Medium Risk
C02592,30,Female,120500,Full-Time,694,Dallas,Texas,Medium Risk
C02593,58,Female,41700,Full-Time,735,Miami,Texas,Medium Risk
C02594,67,Female,53100,Full-Time,605,Jacksonville,California,High Risk
C02595,52,Female,87300,Self-Employed,619,Fresno,Illinois,High Risk
C02596,48,Female,67800,Self-Employed,699,Augusta,Texas,Medium Risk
C02597,37,Female,70300,Full-Time,822,Augusta,New York,Low Risk
C02598,51,Female,42100,Part-Time,732,Richmond,Virginia,Medium Risk
C02599,28,Male,62900,Full-Time,736,Mesa,Virginia,Medium Risk
C02600,60,Male,108200,Full-Time,609,Plano,Texas,High Risk
C02601,45,Male,31500,Retired,722,Miami,New York,Medium Risk
C02602,29,Male,47500,Full-Time,601,Mesa,Arizona,High Risk
C02603,22,Female,28700,Retired,823,Tampa,New York,Low Risk
C02604,35,Male,82800,Self-Employed,614,Naperville,New York,High Risk
C02605,23,Female,112800,Retired,630,Austin,Illinois,High Risk
C02606,56,Male,59900,Full-Time,580,Naperville,Arizona,Very High Risk
C02607,24,Male,41300,Full-Time,696,Dallas,New York,Medium Risk
C02608,34,Male,41900,Full-Time,693,Richmond,Illinois,Medium Risk
C02609,61,Female,56900,Self-Employed,803,Buffalo,Arizona,Low Risk
C02610,61,Male,56800,Part-Time,748,Phoenix,Virginia,Medium Risk
C02611,45,Male,98000,Full-Time,631,Richmond,Texas,High Risk
C02612,30,Female,48100,Self-Employed,756,Jacksonville,Arizona,Low Risk
C02613,41,Male,79100,Full-Time,597,San Diego,New York,Very High Risk
C02614,56,Male,56700,Full-Time,636,Plano,Arizona,High Risk
C02615,32,Female,46500,Full-Time,699,Augusta,Florida,Medium Risk
C02616,47,Male,56000,Full-Time,605,Atlanta,Texas,High Risk
C02617,60,Male,75600,Full-Time,770,Orlando,Georgia,Low Risk
C02618,22,Male,98100,Full-Time,850,Phoenix,Arizona,Low Risk
C02619,33,Male,58000,Self-Employed,668,Rochester,Arizona,High Risk
C02620,52,Female,37800,Self-Employed,641,New York,Arizona,High Risk
C02621,51,Male,101900,Full-Time,680,Phoenix,Florida,Medium Risk
C02622,36,Female,43400,Self-Employed,648,Buffalo,Florida,High Risk
C02623,52,Female,73100,Full-Time,710,Atlanta,California,Medium Risk
C02624,52,Male,64300,Full-Time,591,Naperville,Illinois,Very High Risk
C02625,54,Female,60500,Self-Employed,714,San Diego,California,Medium Risk
C02626,31,Male,52200,Part-Time,833,Fresno,Illinois,Low Risk
C02627,30,Male,85900,Part-Time,540,Houston,California,Very High Risk
C02628,35,Male,22000,Part-Time,602,Los Angeles,Texas,High Risk
C02629,37,Male,108400,Part-Time,657,Phoenix,Virginia,High Risk
C02630,60,Female,43100,Full-Time,731,Miami,Florida,Medium Risk
C02631,38,Male,78100,Unemployed,757,Austin,Texas,Low Risk
C02632,29,Female,76300,Full-Time,751,Savannah,Illinois,Low Risk
C02633,45,Female,115400,Unemployed,563,Norfolk,Florida,Very High Risk
C02634,60,Male,71000,Full-Time,639,Dallas,Virginia,High Risk
C02635,34,Female,44800,Full-Time,622,Los Angeles,Florida,High Risk
C02636,45,Female,31600,Part-Time,685,Irving,Illinois,Medium Risk
C02637,42,Male,55600,Full-Time,691,Phoenix,Texas,Medium Risk
C02638,50,Male,26900,Self-Employed,587,Buffalo,Florida,Very High Risk
C02639,40,Male,49000,Full-Time,657,Mesa,Georgia,High Risk
C02640,41,Male,57000,Part-Time,734,Orlando,Arizona,Medium Risk
C02641,64,Female,47700,Full-Time,643,Atlanta,Texas,High Risk
C02642,52,Male,66200,Full-Time,675,Mesa,Texas,High Risk
C02643,66,Female,58400,Full-Time,817,Jacksonville,Texas,Low Risk
C02644,41,Female,56100,Part-Time,839,Los Angeles,Virginia,Low Risk
C02645,55,Female,22000,Part-Time,528,Irving,Florida,Very High Risk
C02646,52,Male,36300,Full-Time,699,Plano,New York,Medium Risk
C02647,50,Male,86800,Retired,850,Chicago,Arizona,Low Risk
C02648,59,Male,93300,Part-Time,726,Tempe,Virginia,Medium Risk
C02649,32,Male,28400,Retired,691,Tampa,California,Medium Risk
C02650,61,Female,45000,Full-Time,788,Tampa,Illinois,Low Risk
C02651,67,Male,105300,Full-Time,706,Augusta,Texas,Medium Risk
C02652,38,Male,47100,Full-Time,743,New York,Florida,Medium Risk
C02653,41,Male,61800,Full-Time,674,San Diego,Illinois,High Risk
C02654,33,Female,124400,Full-Time,705,Augusta,New York,Medium Risk
C02655,41,Female,55200,Full-Time,722,Richmond,Georgia,Medium Risk
C02656,28,Male,51800,Full-Time,755,New York,Virginia,Low Risk
C02657,66,Male,60600,Self-Employed,658,San Diego,New York,High Risk
C02658,60,Male,149700,Retired,656,Fresno,Florida,High Risk
C02659,66,Female,79500,Unemployed,545,New York,Texas,Very High Risk
C02660,27,Female,65600,Full-Time,661,Savannah,New York,High Risk
C02661,43,Female,51300,Full-Time,761,Chicago,Arizona,Low Risk
C02662,64,Female,82800,Full-Time,725,Chicago,Virginia,Medium Risk
C02663,52,Male,87500,Full-Time,615,Mesa,New York,High Risk
C02664,31,Male,40100,Full-Time,547,Savannah,New York,Very High Risk
C02665,42,Female,88500,Full-Time,679,Jacksonville,Arizona,High Risk
C02666,42,Male,60700,Full-Time,759,Arlington,Georgia,Low Risk
C02667,63,Female,65700,Self-Employed,654,Aurora,Virginia,High Risk
C02668,45,Male,43700,Self-Employed,582,Naperville,Virginia,Very High Risk
C02669,42,Male,54300,Full-Time,646,Chicago,Florida,High Risk
C02670,48,Female,40900,Full-Time,714,Los Angeles,Illinois,Medium Risk
C02671,49,Male,40000,Unemployed,783,Tampa,California,Low Risk
C02672,33,Male,77000,Full-Time,671,Los Angeles,Florida,High Risk
C02673,38,Male,55400,Full-Time,769,Austin,Texas,Low Risk
C02674,22,Female,36200,Full-Time,761,Buffalo,Florida,Low Risk
C02675,49,Male,173100,Full-Time,602,Austin,Florida,High Risk
C02676,41,Male,39200,Full-Time,784,Phoenix,Georgia,Low Risk
C02677,35,Female,106300,Self-Employed,712,Buffalo,California,Medium Risk
C02678,47,Male,33400,Full-Time,599,Dallas,California,Very High Risk
C02679,51,Female,79800,Full-Time,822,Savannah,California,Low Risk
C02680,35,Male,58100,Full-Time,681,Austin,Illinois,Medium Risk
C02681,43,Female,49000,Self-Employed,544,Irving,Virginia,Very High Risk
C02682,44,Male,71000,Full-Time,637,Arlington,Florida,High Risk
C02683,64,Female,66800,Full-Time,619,New York,Georgia,High Risk
C02684,33,Female,45100,Full-Time,639,Houston,Virginia,High Risk
C02685,42,Female,44200,Full-Time,657,Augusta,Texas,High Risk
C02686,63,Male,32000,Full-Time,671,Norfolk,California,High Risk
C02687,57,Male,74600,Full-Time,668,Fresno,Arizona,High Risk
C02688,53,Female,37000,Self-Employed,683,Aurora,Virginia,Medium Risk
C02689,23,Male,65100,Retired,734,Miami,California,Medium Risk
C02690,39,Male,84900,Full-Time,634,San Jose,Arizona,High Risk
C02691,43,Female,71400,Full-Time,779,Jacksonville,Virginia,Low Risk
C02692,49,Male,46900,Full-Time,598,Plano,Florida,Very High Risk
C02693,50,Female,97800,Self-Employed,736,Atlanta,Texas,Medium Risk
C02694,59,Male,54100,Full-Time,813,Mesa,Georgia,Low Risk
C02695,64,Female,35700,Self-Employed,677,Atlanta,California,High Risk
C02696,67,Female,57200,Part-Time,705,San Diego,Florida,Medium Risk
C02697,45,Male,84600,Unemployed,617,Orlando,New York,High Risk
C02698,57,Female,48000,Unemployed,652,Irving,Georgia,High Risk
C02699,67,Male,96500,Self-Employed,808,Aurora,Arizona,Low Risk
C02700,28,Female,46000,Full-Time,746,San Jose,Illinois,Medium Risk
C02701,62,Female,48900,Full-Time,721,Arlington,Georgia,Medium Risk
C02702,36,Male,40600,Full-Time,545,Richmond,Florida,Very High Risk
C02703,28,Female,88400,Full-Time,636,Miami,Virginia,High Risk
C02704,21,Male,63500,Part-Time,820,Plano,California,Low Risk
C02705,64,Female,41800,Full-Time,721,Austin,Georgia,Medium Risk
C02706,25,Male,54400,Part-Time,730,Richmond,Texas,Medium Risk
C02707,23,Female,22000,Full-Time,703,Phoenix,Arizona,Medium Risk
C02708,21,Female,92200,Part-Time,644,Irving,New York,High Risk
C02709,24,Male,60200,Full-Time,715,Rochester,Texas,Medium Risk
C02710,60,Female,22000,Full-Time,575,Miami,Texas,Very High Risk
C02711,55,Male,33700,Full-Time,570,Orlando,Texas,Very High Risk
C02712,52,Male,53800,Unemployed,635,Naperville,Florida,High Risk
C02713,62,Male,36000,Full-Time,704,Rochester,Florida,Medium Risk
C02714,54,Male,92900,Full-Time,572,Tampa,Georgia,Very High Risk
C02715,63,Male,78500,Full-Time,700,Plano,Arizona,Medium Risk
C02716,45,Female,76400,Part-Time,615,Orlando,Illinois,High Risk
C02717,30,Male,22000,Full-Time,626,Augusta,Arizona,High Risk
C02718,41,Male,51300,Retired,787,Richmond,New York,Low Risk
C02719,66,Male,47500,Full-Time,693,Dallas,Georgia,Medium Risk
C02720,59,Female,42300,Full-Time,622,Tempe,Texas,High Risk
C02721,47,Female,53900,Part-Time,704,Irving,Georgia,Medium Risk
C02722,47,Male,39200,Full-Time,580,Savannah,Arizona,Very High Risk
C02723,22,Female,71600,Self-Employed,719,New York,California,Medium Risk
C02724,61,Female,91800,Full-Time,773,Aurora,Georgia,Low Risk
C02725,33,Female,88300,Retired,740,San Diego,Arizona,Medium Risk
C02726,29,Male,61100,Part-Time,850,Irving,Georgia,Low Risk
C02727,56,Male,159800,Self-Employed,545,San Jose,Arizona,Very High Risk
C02728,42,Female,108600,Full-Time,700,Savannah,Texas,Medium Risk
C02729,62,Female,62100,Full-Time,589,Buffalo,Georgia,Very High Risk
C02730,46,Male,52300,Self-Employed,677,Mesa,Virginia,High Risk
C02731,32,Male,118700,Part-Time,690,Irving,New York,Medium Risk
C02732,37,Female,102300,Full-Time,850,Jacksonville,Texas,Low Risk
C02733,34,Female,34500,Full-Time,686,Naperville,Florida,Medium Risk
C02734,34,Female,106000,Full-Time,684,Plano,Florida,Medium Risk
C02735,54,Male,60600,Part-Time,765,Irving,Georgia,Low Risk
C02736,40,Male,44100,Full-Time,686,Richmond,Georgia,Medium Risk
C02737,31,Male,26700,Full-Time,827,Richmond,New York,Low Risk
C02738,36,Male,57600,Full-Time,740,Irving,Virginia,Medium Risk
C02739,51,Male,64600,Full-Time,752,Los Angeles,Arizona,Low Risk
C02740,26,Female,132800,Full-Time,550,Rochester,Virginia,Very High Risk
C02741,39,Male,100000,Retired,839,Plano,Arizona,Low Risk
C02742,57,Female,50000,Full-Time,641,Irving,Illinois,High Risk
C02743,24,Male,77400,Unemployed,689,Buffalo,Texas,Medium Risk
C02744,67,Male,94300,Full-Time,641,Dallas,New York,High Risk
C02745,24,Male,67600,Full-Time,613,Naperville,Georgia,High Risk
C02746,40,Male,49900,Full-Time,600,Austin,Virginia,High Risk
C02747,30,Female,51200,Part-Time,698,Naperville,Virginia,Medium Risk
C02748,44,Male,77300,Part-Time,542,Buffalo,Virginia,Very High Risk
C02749,55,Male,78300,Full-Time,672,Austin,Georgia,High Risk
C02750,46,Male,57000,Full-Time,769,San Jose,Virginia,Low Risk
C02751,57,Male,22000,Unemployed,737,Buffalo,Georgia,Medium Risk
C02752,58,Female,36400,Retired,722,Dallas,Virginia,Medium Risk
C02753,41,Male,85900,Full-Time,623,Los Angeles,Georgia,High Risk
C02754,60,Female,24900,Part-Time,571,Augusta,California,Very High Risk
C02755,59,Female,110700,Full-Time,768,Chicago,Georgia,Low Risk
C02756,41,Male,103600,Full-Time,656,Rochester,Georgia,High Risk
C02757,30,Male,66200,Full-Time,684,Jacksonville,California,Medium Risk
C02758,58,Female,85100,Full-Time,675,Dallas,Illinois,High Risk
C02759,66,Female,82500,Self-Employed,740,Austin,Arizona,Medium Risk
C02760,24,Male,61700,Full-Time,828,Tempe,Florida,Low Risk
C02761,65,Male,35000,Part-Time,800,Los Angeles,Georgia,Low Risk
C02762,40,Male,100500,Unemployed,515,Atlanta,Arizona,Very High Risk
C02763,37,Male,122400,Full-Time,667,Savannah,Georgia,High Risk
C02764,27,Male,37700,Full-Time,589,Richmond,New York,Very High Risk
C02765,24,Male,34400,Self-Employed,760,Austin,Texas,Low Risk
C02766,49,Male,61100,Full-Time,690,Buffalo,New York,Medium Risk
C02767,34,Male,49000,Full-Time,735,Buffalo,Virginia,Medium Risk
C02768,23,Male,69400,Full-Time,660,Orlando,Georgia,High Risk
C02769,44,Female,111900,Full-Time,612,Arlington,Virginia,High Risk
C02770,57,Female,23700,Unemployed,625,Augusta,Illinois,High Risk
C02771,36,Female,132400,Part-Time,575,Los Angeles,New York,Very High Risk
C02772,24,Male,54100,Full-Time,595,Los Angeles,Illinois,Very High Risk
C02773,44,Female,81800,Full-Time,579,Fresno,Illinois,Very High Risk
C02774,54,Male,85900,Retired,612,New York,Georgia,High Risk
C02775,50,Female,90500,Full-Time,608,Richmond,Illinois,High Risk
C02776,38,Male,66800,Full-Time,720,Orlando,New York,Medium Risk
C02777,39,Male,74200,Retired,717,Tempe,California,Medium Risk
C02778,51,Female,74000,Retired,719,Los Angeles,Texas,Medium Risk
C02779,39,Female,48900,Full-Time,778,Aurora,Illinois,Low Risk
C02780,66,Female,29500,Full-Time,684,Atlanta,Arizona,Medium Risk
C02781,39,Male,37600,Full-Time,631,Buffalo,Georgia,High Risk
C02782,42,Male,62000,Full-Time,850,Augusta,Florida,Low Risk
C02783,44,Male,45600,Part-Time,758,Fresno,Illinois,Low Risk
C02784,65,Female,45700,Full-Time,701,Orlando,Arizona,Medium Risk
C02785,32,Female,146100,Full-Time,696,Plano,Virginia,Medium Risk
C02786,50,Female,95700,Full-Time,712,Los Angeles,New York,Medium Risk
C02787,58,Male,58000,Retired,675,Richmond,Illinois,High Risk
C02788,51,Female,88000,Full-Time,700,Arlington,Florida,Medium Risk
C02789,56,Male,53800,Full-Time,727,Richmond,Arizona,Medium Risk
C02790,39,Male,68300,Retired,636,Richmond,California,High Risk
C02791,65,Male,79300,Full-Time,567,Phoenix,New York,Very High Risk
C02792,56,Male,53900,Full-Time,534,New York,New York,Very High Risk
C02793,50,Male,47800,Full-Time,757,New York,Georgia,Low Risk
C02794,53,Male,112700,Full-Time,571,Tempe,New York,Very High Risk
C02795,38,Male,85700,Full-Time,725,Jacksonville,Florida,Medium Risk
C02796,48,Male,23600,Full-Time,603,Mesa,Arizona,High Risk
C02797,67,Male,48100,Full-Time,605,Irving,New York,High Risk
C02798,31,Male,45700,Full-Time,636,Fresno,California,High Risk
C02799,65,Male,49100,Full-Time,705,Mesa,Texas,Medium Risk
C02800,53,Female,95800,Full-Time,593,Orlando,Texas,Very High Risk
C02801,37,Female,65600,Full-Time,644,San Diego,Illinois,High Risk
C02802,26,Male,34800,Full-Time,688,Plano,Texas,Medium Risk
C02803,24,Female,54700,Retired,599,Tempe,Florida,Very High Risk
C02804,40,Female,82900,Full-Time,797,Tampa,Texas,Low Risk
C02805,67,Male,58900,Full-Time,561,Irving,Florida,Very High Risk
C02806,47,Male,48600,Part-Time,674,Arlington,Florida,High Risk
C02807,35,Female,75400,Full-Time,785,Tempe,Illinois,Low Risk
C02808,26,Female,134600,Self-Employed,591,Plano,Texas,Very High Risk
C02809,67,Female,80000,Self-Employed,682,New York,Illinois,Medium Risk
C02810,34,Female,116700,Part-Time,700,San Diego,New York,Medium Risk
C02811,31,Male,50100,Self-Employed,629,Irving,Virginia,High Risk
C02812,59,Male,64800,Full-Time,684,Houston,California,Medium Risk
C02813,29,Male,64200,Self-Employed,732,Miami,Arizona,Medium Risk
C02814,46,Male,68600,Full-Time,655,Rochester,Texas,High Risk
C02815,36,Male,79300,Full-Time,747,Los Angeles,New York,Medium Risk
C02816,25,Male,43000,Retired,719,Savannah,Georgia,Medium Risk
C02817,30,Male,87000,Full-Time,646,Los Angeles,Arizona,High Risk
C02818,23,Male,31200,Retired,775,Fresno,Arizona,Low Risk
C02819,33,Male,35600,Full-Time,634,Dallas,Arizona,High Risk
C02820,63,Male,169900,Full-Time,754,Rochester,New York,Low Risk
C02821,50,Male,51700,Full-Time,636,Arlington,Illinois,High Risk
C02822,65,Male,90300,Part-Time,666,Chicago,Illinois,High Risk
C02823,26,Female,139600,Full-Time,678,Jacksonville,Arizona,High Risk
C02824,37,Female,22900,Full-Time,715,Los Angeles,Arizona,Medium Risk
C02825,65,Male,107900,Full-Time,509,Plano,California,Very High Risk
C02826,39,Male,87000,Self-Employed,724,San Jose,California,Medium Risk
C02827,62,Female,136000,Full-Time,682,Phoenix,Arizona,Medium Risk
C02828,55,Male,38200,Self-Employed,711,Augusta,California,Medium Risk
C02829,66,Female,124900,Full-Time,728,Houston,Virginia,Medium Risk
C02830,46,Male,46600,Full-Time,720,Fresno,Arizona,Medium Risk
C02831,25,Female,104500,Full-Time,539,Phoenix,California,Very High Risk
C02832,49,Female,64000,Retired,610,San Diego,Arizona,High Risk
C02833,57,Female,91900,Full-Time,715,Savannah,Illinois,Medium Risk
C02834,40,Male,66400,Full-Time,705,Dallas,Virginia,Medium Risk
C02835,41,Female,28400,Self-Employed,631,New York,Florida,High Risk
C02836,30,Female,22000,Full-Time,745,Plano,Illinois,Medium Risk
C02837,25,Female,71400,Self-Employed,671,San Jose,Florida,High Risk
C02838,56,Male,57700,Full-Time,756,Orlando,Illinois,Low Risk
C02839,26,Female,77800,Full-Time,781,Irving,Georgia,Low Risk
C02840,46,Male,58000,Full-Time,711,Aurora,Illinois,Medium Risk
C02841,24,Male,161200,Full-Time,732,Tampa,Virginia,Medium Risk
C02842,59,Female,72100,Self-Employed,644,Savannah,Virginia,High Risk
C02843,59,Male,53200,Self-Employed,757,Tempe,California,Low Risk
C02844,55,Female,75700,Full-Time,706,Atlanta,Florida,Medium Risk
C02845,21,Female,53600,Unemployed,668,Naperville,New York,High Risk
C02846,44,Male,67800,Full-Time,599,Irving,Georgia,Very High Risk
C02847,56,Female,37600,Full-Time,654,San Diego,New York,High Risk
C02848,26,Female,64700,Part-Time,607,Plano,Georgia,High Risk
C02849,61,Male,52400,Part-Time,747,Chicago,New York,Medium Risk
C02850,66,Female,39200,Full-Time,782,Jacksonville,California,Low Risk
C02851,64,Male,158100,Part-Time,759,Orlando,New York,Low Risk
C02852,51,Male,39900,Full-Time,850,Irving,Arizona,Low Risk
C02853,40,Male,65200,Self-Employed,655,Jacksonville,Illinois,High Risk
C02854,44,Male,45300,Self-Employed,735,Phoenix,Virginia,Medium Risk
C02855,45,Male,74300,Full-Time,601,Jacksonville,California,High Risk
C02856,56,Female,36600,Full-Time,675,San Jose,Arizona,High Risk
C02857,41,Female,94900,Part-Time,579,Orlando,New York,Very High Risk
C02858,50,Male,162500,Self-Employed,733,San Jose,California,Medium Risk
C02859,44,Male,44500,Full-Time,663,Miami,Illinois,High Risk
C02860,64,Female,112400,Full-Time,536,Mesa,California,Very High Risk
C02861,62,Male,54700,Retired,639,Arlington,New York,High Risk
C02862,50,Male,128000,Full-Time,824,Orlando,California,Low Risk
C02863,42,Male,174000,Full-Time,721,Norfolk,Georgia,Medium Risk
C02864,48,Male,58500,Full-Time,748,Dallas,Texas,Medium Risk
C02865,27,Male,32800,Full-Time,699,San Diego,Virginia,Medium Risk
C02866,55,Female,99600,Retired,676,Richmond,New York,High Risk
C02867,48,Female,71900,Part-Time,691,San Jose,Illinois,Medium Risk
C02868,34,Male,81500,Full-Time,708,Los Angeles,Florida,Medium Risk
C02869,30,Male,55800,Part-Time,608,Richmond,California,High Risk
C02870,36,Male,43700,Part-Time,747,New York,Georgia,Medium Risk
C02871,36,Female,109600,Part-Time,774,Norfolk,California,Low Risk
C02872,51,Female,75100,Full-Time,675,Atlanta,Virginia,High Risk
C02873,62,Female,33900,Part-Time,651,San Diego,New York,High Risk
C02874,45,Female,88500,Full-Time,634,Austin,Georgia,High Risk
C02875,33,Male,80900,Full-Time,822,Plano,New York,Low Risk
C02876,26,Female,56100,Full-Time,656,Augusta,Texas,High Risk
C02877,64,Male,134700,Retired,739,Aurora,Illinois,Medium Risk
C02878,29,Male,49200,Full-Time,676,Augusta,Virginia,High Risk
C02879,65,Female,60200,Retired,672,Richmond,Georgia,High Risk
C02880,56,Male,91900,Full-Time,633,Austin,Georgia,High Risk
C02881,63,Female,67300,Self-Employed,617,New York,California,High Risk
C02882,40,Male,34900,Full-Time,745,Aurora,California,Medium Risk
C02883,38,Female,70600,Full-Time,616,Jacksonville,Virginia,High Risk
C02884,63,Male,53900,Full-Time,725,San Jose,Florida,Medium Risk
C02885,41,Male,95600,Part-Time,697,Houston,Arizona,Medium Risk
C02886,24,Female,69600,Self-Employed,746,Buffalo,Georgia,Medium Risk
C02887,53,Female,67800,Part-Time,644,Tampa,California,High Risk
C02888,47,Female,40600,Part-Time,771,New York,California,Low Risk
C02889,27,Female,58600,Unemployed,679,Atlanta,Arizona,High Risk
C02890,26,Female,100600,Full-Time,850,San Diego,Texas,Low Risk
C02891,35,Female,45800,Full-Time,569,Tempe,Florida,Very High Risk
C02892,38,Male,64100,Full-Time,850,Tampa,Virginia,Low Risk
C02893,52,Male,42600,Full-Time,681,Fresno,Arizona,Medium Risk
C02894,31,Male,38200,Self-Employed,707,Miami,Virginia,Medium Risk
C02895,40,Female,62600,Full-Time,645,San Jose,California,High Risk
C02896,44,Male,70300,Full-Time,572,Atlanta,Virginia,Very High Risk
C02897,35,Female,159400,Full-Time,650,Plano,California,High Risk
C02898,27,Male,53000,Part-Time,663,Richmond,Illinois,High Risk
C02899,41,Female,63500,Full-Time,704,Rochester,Georgia,Medium Risk
C02900,62,Male,37000,Full-Time,774,Savannah,California,Low Risk
C02901,46,Male,85600,Part-Time,704,Phoenix,Texas,Medium Risk
C02902,64,Female,77800,Self-Employed,706,Aurora,California,Medium Risk
C02903,34,Male,127000,Full-Time,719,Atlanta,Georgia,Medium Risk
C02904,57,Male,107200,Full-Time,558,Augusta,California,Very High Risk
C02905,41,Male,76100,Full-Time,565,Tempe,Arizona,Very High Risk
C02906,38,Male,52600,Retired,578,Miami,New York,Very High Risk
C02907,25,Male,71300,Full-Time,662,Los Angeles,California,High Risk
C02908,23,Female,61800,Retired,550,Los Angeles,Florida,Very High Risk
C02909,43,Male,99800,Retired,638,Augusta,Georgia,High Risk
C02910,46,Female,94300,Self-Employed,587,Atlanta,Virginia,Very High Risk
C02911,57,Male,56900,Full-Time,727,Jacksonville,Georgia,Medium Risk
C02912,44,Female,33700,Full-Time,723,Naperville,New York,Medium Risk
C02913,39,Female,118400,Full-Time,667,Chicago,Florida,High Risk
C02914,45,Male,84500,Unemployed,548,Plano,Florida,Very High Risk
C02915,41,Male,56300,Self-Employed,672,Aurora,Georgia,High Risk
C02916,32,Male,83000,Retired,715,Richmond,Texas,Medium Risk
C02917,61,Female,67200,Part-Time,751,San Diego,Virginia,Low Risk
C02918,53,Female,117700,Full-Time,822,Arlington,California,Low Risk
C02919,24,Female,27300,Full-Time,774,New York,Florida,Low Risk
C02920,62,Male,54400,Full-Time,702,Augusta,California,Medium Risk
C02921,27,Male,133500,Full-Time,669,Buffalo,Virginia,High Risk
C02922,42,Male,83700,Part-Time,634,San Jose,California,High Risk
C02923,53,Male,144300,Retired,792,Fresno,Virginia,Low Risk
C02924,37,Male,37500,Part-Time,702,Savannah,Arizona,Medium Risk
C02925,44,Male,105300,Self-Employed,737,Orlando,Texas,Medium Risk
C02926,54,Female,102500,Unemployed,646,Austin,Texas,High Risk
C02927,48,Female,30500,Full-Time,597,Atlanta,Florida,Very High Risk
C02928,63,Female,56900,Full-Time,660,New York,Florida,High Risk
C02929,61,Male,62000,Part-Time,667,Arlington,Georgia,High Risk
C02930,59,Female,31400,Full-Time,704,San Jose,Arizona,Medium Risk
C02931,42,Female,57400,Full-Time,635,Austin,Arizona,High Risk
C02932,37,Female,96300,Full-Time,692,Aurora,New York,Medium Risk
C02933,54,Female,54500,Retired,778,Phoenix,California,Low Risk
C02934,26,Female,72500,Full-Time,565,New York,Virginia,Very High Risk
C02935,66,Female,72700,Part-Time,531,Atlanta,Georgia,Very High Risk
C02936,26,Male,64600,Self-Employed,783,San Jose,California,Low Risk
C02937,54,Female,47300,Part-Time,580,Chicago,Texas,Very High Risk
C02938,21,Female,87400,Full-Time,661,San Jose,Texas,High Risk
C02939,30,Female,31800,Self-Employed,736,Irving,Arizona,Medium Risk
C02940,41,Female,65300,Full-Time,686,Tampa,Georgia,Medium Risk
C02941,25,Male,121300,Full-Time,685,Plano,Florida,Medium Risk
C02942,22,Female,53100,Retired,695,Chicago,New York,Medium Risk
C02943,42,Female,46900,Full-Time,850,Jacksonville,Arizona,Low Risk
C02944,22,Male,90100,Part-Time,824,Augusta,New York,Low Risk
C02945,30,Male,70000,Full-Time,638,New York,Texas,High Risk
C02946,54,Female,90900,Full-Time,769,Fresno,Texas,Low Risk
C02947,36,Male,66100,Retired,728,Fresno,New York,Medium Risk
C02948,59,Male,22200,Self-Employed,689,Fresno,New York,Medium Risk
C02949,42,Male,110500,Full-Time,622,Arlington,Virginia,High Risk
C02950,32,Female,165000,Retired,724,Atlanta,Florida,Medium Risk
C02951,44,Male,115800,Self-Employed,667,Los Angeles,New York,High Risk
C02952,67,Male,22000,Full-Time,662,Tampa,California,High Risk
C02953,60,Female,79600,Part-Time,632,Miami,New York,High Risk
C02954,58,Female,52700,Full-Time,765,Augusta,Illinois,Low Risk
C02955,30,Female,39900,Full-Time,632,Irving,New York,High Risk
C02956,55,Male,68700,Full-Time,633,Aurora,Texas,High Risk
C02957,52,Female,60800,Full-Time,748,San Diego,Texas,Medium Risk
C02958,27,Male,81700,Full-Time,679,Jacksonville,Arizona,High Risk
C02959,41,Female,66700,Unemployed,681,Dallas,Virginia,Medium Risk
C02960,40,Female,39300,Self-Employed,767,Los Angeles,Illinois,Low Risk
C02961,46,Male,50100,Full-Time,789,Savannah,California,Low Risk
C02962,24,Male,46600,Unemployed,530,Savannah,New York,Very High Risk
C02963,66,Male,30000,Full-Time,680,San Jose,New York,Medium Risk
C02964,42,Female,35100,Part-Time,584,Fresno,Illinois,Very High Risk
C02965,35,Male,59100,Full-Time,661,San Diego,Arizona,High Risk
C02966,60,Female,123400,Self-Employed,689,Miami,Florida,Medium Risk
C02967,41,Male,51100,Retired,663,San Jose,Virginia,High Risk
C02968,35,Male,46200,Self-Employed,613,Plano,Virginia,High Risk
C02969,42,Female,38200,Retired,609,Aurora,Florida,High Risk
C02970,48,Female,65900,Full-Time,745,Norfolk,Arizona,Medium Risk
C02971,34,Female,110500,Unemployed,805,Buffalo,California,Low Risk
C02972,47,Male,160100,Full-Time,535,Tempe,New York,Very High Risk
C02973,61,Male,73900,Full-Time,665,Los Angeles,New York,High Risk
C02974,60,Male,69200,Part-Time,745,Tempe,New York,Medium Risk
C02975,48,Male,50900,Part-Time,688,New York,Arizona,Medium Risk
C02976,46,Male,54900,Full-Time,606,Mesa,Texas,High Risk
C02977,22,Female,86300,Full-Time,654,Mesa,Georgia,High Risk
C02978,45,Male,56400,Full-Time,713,Arlington,Florida,Medium Risk
C02979,23,Male,60400,Full-Time,667,Augusta,Arizona,High Risk
C02980,28,Male,64300,Full-Time,686,Tempe,Georgia,Medium Risk
C02981,64,Female,49800,Full-Time,689,Aurora,Virginia,Medium Risk
C02982,53,Female,62800,Full-Time,651,Tempe,Illinois,High Risk
C02983,62,Male,26200,Retired,751,Austin,Georgia,Low Risk
C02984,55,Male,83200,Self-Employed,654,Dallas,Texas,High Risk
C02985,26,Male,187300,Full-Time,615,Phoenix,Virginia,High Risk
C02986,59,Female,50700,Retired,850,Dallas,Texas,Low Risk
C02987,43,Female,76900,Part-Time,684,New York,Virginia,Medium Risk
C02988,45,Female,95400,Full-Time,495,Arlington,Florida,Very High Risk
C02989,63,Male,115600,Full-Time,784,Dallas,New York,Low Risk
C02990,39,Female,57700,Full-Time,784,Dallas,California,Low Risk
C02991,25,Female,28900,Full-Time,724,Houston,Georgia,Medium Risk
C02992,31,Female,73300,Full-Time,737,Tampa,Virginia,Medium Risk
C02993,32,Female,68900,Full-Time,850,Buffalo,Virginia,Low Risk
C02994,30,Female,55600,Full-Time,618,Norfolk,Arizona,High Risk
C02995,28,Male,61200,Self-Employed,700,Houston,Arizona,Medium Risk
C02996,44,Female,69300,Full-Time,838,Miami,Virginia,Low Risk
C02997,48,Female,76500,Self-Employed,850,Orlando,Illinois,Low Risk
C02998,61,Female,75100,Full-Time,663,Los Angeles,Florida,High Risk
C02999,56,Male,58900,Retired,841,Norfolk,California,Low Risk
C03000,57,Male,77300,Full-Time,750,Miami,Florida,Low Risk
C03001,41,Male,57200,Unemployed,802,Tampa,Florida,Low Risk
C03002,28,Male,86800,Self-Employed,748,Austin,Florida,Medium Risk
C03003,29,Male,49000,Part-Time,713,Buffalo,Florida,Medium Risk
C03004,67,Female,67200,Part-Time,850,Rochester,New York,Low Risk
C03005,35,Male,31300,Full-Time,650,Miami,Arizona,High Risk
C03006,66,Male,55000,Retired,833,Augusta,Texas,Low Risk
C03007,60,Male,83900,Full-Time,845,Phoenix,Arizona,Low Risk
C03008,38,Male,40800,Full-Time,792,Orlando,Arizona,Low Risk
C03009,62,Female,56300,Full-Time,685,Rochester,Georgia,Medium Risk
C03010,40,Male,22000,Full-Time,708,Chicago,Florida,Medium Risk
C03011,26,Male,35100,Part-Time,594,New York,California,Very High Risk
C03012,32,Female,39500,Unemployed,656,Rochester,Georgia,High Risk
C03013,22,Female,68000,Full-Time,737,New York,Virginia,Medium Risk
C03014,27,Male,75500,Retired,583,Los Angeles,California,Very High Risk
C03015,36,Female,63400,Part-Time,668,Miami,California,High Risk
C03016,23,Female,54700,Full-Time,836,Chicago,Texas,Low Risk
C03017,65,Female,54800,Full-Time,678,Phoenix,Texas,High Risk
C03018,23,Male,89700,Self-Employed,768,Miami,California,Low Risk
C03019,47,Female,71500,Full-Time,732,Savannah,New York,Medium Risk
C03020,63,Male,55900,Full-Time,667,Miami,Texas,High Risk
C03021,60,Male,116300,Full-Time,678,New York,Texas,High Risk
C03022,58,Male,156300,Full-Time,703,Atlanta,New York,Medium Risk
C03023,53,Male,37100,Self-Employed,536,Chicago,Florida,Very High Risk
C03024,48,Female,82200,Full-Time,761,Fresno,Texas,Low Risk
C03025,21,Female,250000,Full-Time,681,Buffalo,Georgia,Medium Risk
C03026,28,Male,73700,Full-Time,764,San Diego,California,Low Risk
C03027,57,Male,68500,Full-Time,719,Plano,California,Medium Risk
C03028,52,Male,63400,Full-Time,678,Houston,New York,High Risk
C03029,63,Female,81000,Part-Time,705,Atlanta,California,Medium Risk
C03030,57,Female,91300,Part-Time,705,Tempe,Arizona,Medium Risk
C03031,24,Female,37100,Full-Time,801,Aurora,Virginia,Low Risk
C03032,50,Female,64200,Full-Time,695,Orlando,Illinois,Medium Risk
C03033,26,Female,23400,Full-Time,712,Irving,Virginia,Medium Risk
C03034,66,Female,59200,Full-Time,595,Richmond,California,Very High Risk
C03035,39,Male,43300,Full-Time,686,San Jose,New York,Medium Risk
C03036,52,Female,75700,Full-Time,799,Augusta,Virginia,Low Risk
C03037,29,Female,30800,Full-Time,722,Atlanta,New York,Medium Risk
C03038,32,Female,51600,Self-Employed,609,Irving,New York,High Risk
C03039,31,Female,100400,Full-Time,617,Plano,Arizona,High Risk
C03040,66,Female,47900,Part-Time,634,Irving,Virginia,High Risk
C03041,36,Female,27600,Full-Time,765,Austin,Georgia,Low Risk
C03042,21,Female,73000,Full-Time,756,Tampa,Illinois,Low Risk
C03043,65,Male,49900,Self-Employed,431,Naperville,Arizona,Very High Risk
C03044,41,Male,59800,Full-Time,684,San Diego,Virginia,Medium Risk
C03045,50,Female,46800,Full-Time,701,Naperville,Texas,Medium Risk
C03046,33,Male,158000,Part-Time,618,Houston,Florida,High Risk
C03047,54,Female,32200,Self-Employed,661,Phoenix,California,High Risk
C03048,24,Female,232600,Retired,790,New York,Georgia,Low Risk
C03049,48,Female,54500,Part-Time,721,Naperville,Texas,Medium Risk
C03050,58,Female,70600,Unemployed,653,Richmond,New York,High Risk
C03051,51,Male,50200,Full-Time,676,Richmond,Texas,High Risk
C03052,47,Female,49200,Full-Time,673,Aurora,Arizona,High Risk
C03053,25,Female,45700,Full-Time,711,Richmond,Texas,Medium Risk
C03054,45,Male,85200,Full-Time,583,San Diego,Illinois,Very High Risk
C03055,23,Male,34500,Full-Time,640,Buffalo,New York,High Risk
C03056,53,Female,76600,Self-Employed,768,Savannah,Georgia,Low Risk
C03057,24,Female,24300,Full-Time,685,Dallas,Virginia,Medium Risk
C03058,45,Female,73500,Part-Time,626,Tampa,Georgia,High Risk
C03059,40,Female,95200,Full-Time,629,Richmond,New York,High Risk
C03060,54,Male,36600,Full-Time,744,Tempe,California,Medium Risk
C03061,46,Male,88200,Full-Time,651,Naperville,Virginia,High Risk
C03062,25,Male,66500,Full-Time,728,Arlington,Georgia,Medium Risk
C03063,55,Female,133400,Full-Time,643,Phoenix,Georgia,High Risk
C03064,48,Male,44200,Part-Time,605,Los Angeles,California,High Risk
C03065,49,Female,230800,Full-Time,708,Richmond,California,Medium Risk
C03066,29,Female,22200,Full-Time,683,Norfolk,Virginia,Medium Risk
C03067,58,Female,56000,Part-Time,741,Jacksonville,Arizona,Medium Risk
C03068,26,Male,30300,Full-Time,756,Los Angeles,Georgia,Low Risk
C03069,39,Female,149500,Full-Time,663,Jacksonville,Georgia,High Risk
C03070,64,Male,57800,Full-Time,716,Buffalo,Georgia,Medium Risk
C03071,31,Male,60200,Full-Time,661,Rochester,California,High Risk
C03072,22,Male,79300,Self-Employed,738,San Jose,Georgia,Medium Risk
C03073,67,Female,64900,Unemployed,708,Jacksonville,Texas,Medium Risk
C03074,64,Male,49800,Self-Employed,643,Jacksonville,Texas,High Risk
C03075,64,Female,36900,Full-Time,637,Norfolk,California,High Risk
C03076,29,Male,70100,Part-Time,710,Atlanta,California,Medium Risk
C03077,41,Male,77100,Full-Time,777,Atlanta,California,Low Risk
C03078,44,Male,88900,Full-Time,758,Tampa,Florida,Low Risk
C03079,54,Female,153700,Full-Time,619,Naperville,Virginia,High Risk
C03080,42,Female,24400,Self-Employed,627,Chicago,California,High Risk
C03081,23,Female,63000,Part-Time,638,Richmond,Arizona,High Risk
C03082,32,Female,111100,Part-Time,645,Austin,Florida,High Risk
C03083,48,Female,61500,Part-Time,554,Buffalo,California,Very High Risk
C03084,50,Male,22700,Full-Time,749,Chicago,New York,Medium Risk
C03085,46,Female,36400,Full-Time,656,Los Angeles,Illinois,High Risk
C03086,41,Female,75400,Part-Time,725,Tempe,Georgia,Medium Risk
C03087,48,Male,74100,Part-Time,666,Naperville,Georgia,High Risk
C03088,46,Female,88000,Self-Employed,688,Tampa,Texas,Medium Risk
C03089,53,Female,45700,Full-Time,639,Houston,New York,High Risk
C03090,41,Female,73100,Self-Employed,688,Savannah,Illinois,Medium Risk
C03091,55,Female,42500,Full-Time,625,Phoenix,Georgia,High Risk
C03092,54,Male,73100,Part-Time,688,Tampa,Georgia,Medium Risk
C03093,61,Female,66600,Full-Time,799,Arlington,Florida,Low Risk
C03094,67,Male,44900,Retired,729,Augusta,Texas,Medium Risk
C03095,38,Female,131000,Full-Time,712,Plano,Florida,Medium Risk
C03096,31,Female,30200,Part-Time,591,San Diego,Arizona,Very High Risk
C03097,43,Female,61000,Full-Time,733,Rochester,Arizona,Medium Risk
C03098,42,Male,44500,Full-Time,740,Tempe,Florida,Medium Risk
C03099,37,Male,148400,Full-Time,710,Tampa,Texas,Medium Risk
C03100,25,Male,85100,Self-Employed,706,Rochester,Illinois,Medium Risk
C03101,64,Male,48500,Full-Time,679,New York,Texas,High Risk
C03102,31,Female,57300,Full-Time,739,Dallas,California,Medium Risk
C03103,50,Female,150200,Retired,795,Augusta,Virginia,Low Risk
C03104,35,Female,42500,Self-Employed,715,Arlington,Florida,Medium Risk
C03105,47,Female,29400,Full-Time,617,Fresno,California,High Risk
C03106,55,Male,74100,Part-Time,623,San Diego,Texas,High Risk
C03107,53,Male,74900,Full-Time,744,Irving,Texas,Medium Risk
C03108,40,Male,87700,Self-Employed,618,Miami,Georgia,High Risk
C03109,36,Female,88000,Self-Employed,705,Arlington,Arizona,Medium Risk
C03110,54,Female,144200,Self-Employed,664,Miami,Illinois,High Risk
C03111,22,Female,30000,Full-Time,610,Mesa,Florida,High Risk
C03112,55,Male,37800,Part-Time,752,Aurora,Arizona,Low Risk
C03113,60,Male,87600,Full-Time,743,San Diego,New York,Medium Risk
C03114,48,Female,39500,Full-Time,588,Mesa,Texas,Very High Risk
C03115,67,Male,33700,Self-Employed,726,Aurora,Georgia,Medium Risk
C03116,59,Female,150500,Full-Time,715,Jacksonville,New York,Medium Risk
C03117,26,Male,31400,Full-Time,753,Orlando,Florida,Low Risk
C03118,29,Male,55500,Self-Employed,703,Miami,California,Medium Risk
C03119,40,Female,63300,Full-Time,797,Augusta,Virginia,Low Risk
C03120,21,Male,117200,Full-Time,681,Fresno,Virginia,Medium Risk
C03121,28,Female,28000,Self-Employed,670,Buffalo,Virginia,High Risk
C03122,43,Female,78400,Unemployed,617,New York,Florida,High Risk
C03123,23,Female,43500,Self-Employed,620,Austin,Arizona,High Risk
C03124,24,Female,86200,Full-Time,613,Tempe,Illinois,High Risk
C03125,45,Female,43200,Full-Time,706,New York,New York,Medium Risk
C03126,67,Male,131900,Full-Time,670,Savannah,Georgia,High Risk
C03127,58,Female,43300,Part-Time,715,Rochester,Arizona,Medium Risk
C03128,35,Female,22000,Full-Time,599,Phoenix,New York,Very High Risk
C03129,41,Male,45600,Self-Employed,626,Norfolk,California,High Risk
C03130,55,Female,57800,Full-Time,625,Austin,Arizona,High Risk
C03131,66,Female,105800,Full-Time,850,San Jose,Georgia,Low Risk
C03132,34,Female,36900,Self-Employed,678,Plano,California,High Risk
C03133,56,Female,37200,Self-Employed,685,Tempe,Texas,Medium Risk
C03134,32,Male,100100,Part-Time,684,Plano,Arizona,Medium Risk
C03135,37,Male,35000,Retired,806,Phoenix,Florida,Low Risk
C03136,59,Male,60000,Retired,569,Aurora,Arizona,Very High Risk
C03137,29,Male,60500,Retired,686,San Diego,Arizona,Medium Risk
C03138,55,Female,71700,Self-Employed,568,Chicago,Illinois,Very High Risk
C03139,33,Female,46400,Self-Employed,512,Los Angeles,Texas,Very High Risk
C03140,35,Male,42800,Part-Time,635,Miami,Virginia,High Risk
C03141,38,Female,75600,Full-Time,721,San Diego,Florida,Medium Risk
C03142,53,Female,43400,Full-Time,630,Houston,California,High Risk
C03143,26,Female,35200,Full-Time,720,Orlando,Illinois,Medium Risk
C03144,47,Female,112900,Full-Time,698,Rochester,California,Medium Risk
C03145,43,Female,81000,Full-Time,680,Arlington,Georgia,Medium Risk
C03146,47,Male,144000,Full-Time,785,Chicago,California,Low Risk
C03147,54,Male,92500,Unemployed,645,Norfolk,Virginia,High Risk
C03148,66,Female,36700,Self-Employed,719,Los Angeles,New York,Medium Risk
C03149,58,Male,67900,Full-Time,555,Atlanta,Florida,Very High Risk
C03150,34,Female,41200,Full-Time,697,Naperville,Texas,Medium Risk
C03151,56,Female,30900,Self-Employed,671,Atlanta,Arizona,High Risk
C03152,28,Female,53200,Self-Employed,601,Augusta,New York,High Risk
C03153,55,Male,101100,Retired,720,Savannah,Virginia,Medium Risk
C03154,39,Male,73600,Retired,635,Aurora,Georgia,High Risk
C03155,50,Male,34800,Retired,820,Buffalo,Florida,Low Risk
C03156,34,Male,52300,Full-Time,507,Plano,Georgia,Very High Risk
C03157,40,Male,61000,Full-Time,709,Naperville,Virginia,Medium Risk
C03158,45,Female,30400,Self-Employed,693,Arlington,Florida,Medium Risk
C03159,60,Male,89600,Full-Time,669,Los Angeles,Florida,High Risk
C03160,44,Male,58600,Self-Employed,650,Tampa,Illinois,High Risk
C03161,34,Male,34800,Full-Time,695,Dallas,New York,Medium Risk
C03162,46,Female,33900,Self-Employed,770,Arlington,Virginia,Low Risk
C03163,58,Male,106700,Full-Time,565,Phoenix,Texas,Very High Risk
C03164,43,Male,54800,Full-Time,630,Tempe,New York,High Risk
C03165,42,Female,111100,Full-Time,611,Phoenix,Georgia,High Risk
C03166,39,Male,131900,Retired,608,Orlando,California,High Risk
C03167,66,Female,103000,Full-Time,716,Naperville,Georgia,Medium Risk
C03168,23,Female,51100,Retired,734,Augusta,Florida,Medium Risk
C03169,62,Female,22000,Self-Employed,770,Houston,California,Low Risk
C03170,39,Female,74800,Self-Employed,735,Savannah,New York,Medium Risk
C03171,29,Male,166600,Self-Employed,741,Naperville,Texas,Medium Risk
C03172,48,Male,64000,Part-Time,584,Savannah,California,Very High Risk
C03173,40,Male,26500,Full-Time,801,Los Angeles,California,Low Risk
C03174,65,Male,48000,Full-Time,674,San Jose,Arizona,High Risk
C03175,27,Male,59800,Unemployed,767,Norfolk,Virginia,Low Risk
C03176,34,Male,39700,Self-Employed,587,Augusta,Illinois,Very High Risk
C03177,29,Female,22000,Full-Time,672,Fresno,New York,High Risk
C03178,39,Female,62200,Part-Time,761,Miami,California,Low Risk
C03179,67,Male,45700,Full-Time,692,Miami,New York,Medium Risk
C03180,34,Male,144300,Full-Time,633,Miami,Texas,High Risk
C03181,58,Male,68000,Full-Time,788,Richmond,California,Low Risk
C03182,56,Male,80300,Full-Time,602,Houston,Virginia,High Risk
C03183,60,Female,61600,Full-Time,688,Aurora,Texas,Medium Risk
C03184,37,Male,67800,Full-Time,738,Tampa,Georgia,Medium Risk
C03185,50,Male,30900,Part-Time,847,Mesa,California,Low Risk
C03186,29,Female,40700,Full-Time,656,Orlando,Virginia,High Risk
C03187,53,Female,106100,Full-Time,669,Rochester,Arizona,High Risk
C03188,45,Male,71400,Full-Time,657,Naperville,Florida,High Risk
C03189,34,Female,54300,Full-Time,708,Orlando,Illinois,Medium Risk
C03190,31,Male,80900,Full-Time,734,Phoenix,Virginia,Medium Risk
C03191,55,Male,81600,Full-Time,772,Houston,Illinois,Low Risk
C03192,61,Male,159200,Full-Time,747,Tampa,Virginia,Medium Risk
C03193,34,Male,69900,Self-Employed,653,Norfolk,Illinois,High Risk
C03194,50,Female,40300,Full-Time,751,Chicago,Texas,Low Risk
C03195,61,Male,61700,Full-Time,697,Tempe,New York,Medium Risk
C03196,24,Male,85400,Full-Time,746,Jacksonville,Arizona,Medium Risk
C03197,24,Male,101700,Full-Time,750,Norfolk,Illinois,Low Risk
C03198,48,Male,31400,Self-Employed,812,Houston,Virginia,Low Risk
C03199,28,Female,72900,Full-Time,663,Arlington,Virginia,High Risk
C03200,22,Male,43400,Full-Time,649,Los Angeles,Virginia,High Risk
C03201,61,Male,50400,Full-Time,724,San Diego,Georgia,Medium Risk
C03202,66,Female,95100,Full-Time,779,San Jose,Virginia,Low Risk
C03203,42,Male,90900,Full-Time,694,Richmond,Virginia,Medium Risk
C03204,61,Male,47900,Part-Time,784,Plano,California,Low Risk
C03205,36,Male,60500,Full-Time,742,Fresno,California,Medium Risk
C03206,49,Male,51100,Full-Time,675,Miami,Florida,High Risk
C03207,50,Male,238800,Part-Time,732,Naperville,Virginia,Medium Risk
C03208,32,Male,73700,Self-Employed,657,Dallas,Texas,High Risk
C03209,55,Female,44600,Part-Time,708,Rochester,California,Medium Risk
C03210,31,Female,117800,Full-Time,610,Aurora,California,High Risk
C03211,66,Female,119700,Full-Time,685,San Jose,Arizona,Medium Risk
C03212,41,Female,145600,Full-Time,765,Miami,Florida,Low Risk
C03213,41,Male,166300,Self-Employed,748,Augusta,Florida,Medium Risk
C03214,25,Female,89400,Part-Time,737,Orlando,New York,Medium Risk
C03215,40,Male,55500,Full-Time,712,Chicago,New York,Medium Risk
C03216,57,Male,59300,Part-Time,702,Arlington,New York,Medium Risk
C03217,23,Male,57000,Part-Time,595,Mesa,California,Very High Risk
C03218,64,Male,54200,Full-Time,675,San Diego,Florida,High Risk
C03219,53,Female,113600,Unemployed,704,Richmond,Georgia,Medium Risk
C03220,29,Male,65000,Self-Employed,606,Arlington,Texas,High Risk
C03221,29,Male,100600,Full-Time,559,Austin,New York,Very High Risk
C03222,24,Male,88100,Unemployed,775,San Diego,Georgia,Low Risk
C03223,55,Male,39600,Full-Time,694,Los Angeles,Illinois,Medium Risk
C03224,37,Male,30000,Self-Employed,706,Austin,California,Medium Risk
C03225,54,Male,37300,Self-Employed,732,San Jose,Texas,Medium Risk
C03226,44,Male,53600,Full-Time,616,Dallas,California,High Risk
C03227,52,Female,69100,Full-Time,660,Irving,Georgia,High Risk
C03228,21,Male,48600,Unemployed,803,Tempe,New York,Low Risk
C03229,28,Male,89200,Full-Time,653,Naperville,Georgia,High Risk
C03230,65,Female,51300,Full-Time,670,Arlington,Georgia,High Risk
C03231,43,Female,73000,Full-Time,640,Jacksonville,Arizona,High Risk
C03232,67,Male,68500,Self-Employed,634,Richmond,California,High Risk
C03233,60,Male,141900,Retired,773,Orlando,New York,Low Risk
C03234,32,Female,41900,Full-Time,504,Norfolk,California,Very High Risk
C03235,32,Male,175600,Unemployed,656,Augusta,New York,High Risk
C03236,66,Male,49700,Full-Time,707,Richmond,Arizona,Medium Risk
C03237,67,Male,35600,Retired,817,Orlando,Virginia,Low Risk
C03238,35,Female,59000,Part-Time,605,Plano,Florida,High Risk
C03239,61,Female,250000,Full-Time,592,Fresno,Florida,Very High Risk
C03240,39,Female,97200,Full-Time,625,Plano,Arizona,High Risk
C03241,46,Male,85300,Full-Time,743,Savannah,Arizona,Medium Risk
C03242,49,Male,93000,Full-Time,699,Naperville,Arizona,Medium Risk
C03243,42,Male,46000,Self-Employed,582,Richmond,Virginia,Very High Risk
C03244,60,Female,75300,Full-Time,697,Tampa,Arizona,Medium Risk
C03245,41,Female,65100,Retired,806,Fresno,Florida,Low Risk
C03246,58,Male,146700,Part-Time,710,Fresno,Florida,Medium Risk
C03247,40,Female,61900,Part-Time,702,Phoenix,Arizona,Medium Risk
C03248,49,Male,54800,Full-Time,707,Miami,Florida,Medium Risk
C03249,24,Male,38500,Unemployed,721,Irving,Illinois,Medium Risk
C03250,27,Female,69200,Part-Time,595,Fresno,California,Very High Risk
C03251,48,Male,74200,Unemployed,673,Phoenix,Georgia,High Risk
C03252,48,Male,37900,Retired,677,Aurora,Arizona,High Risk
C03253,24,Male,79700,Full-Time,654,Miami,Florida,High Risk
C03254,42,Female,72200,Full-Time,741,Chicago,Illinois,Medium Risk
C03255,32,Female,102600,Self-Employed,642,Richmond,Arizona,High Risk
C03256,65,Female,112200,Unemployed,663,Miami,Illinois,High Risk
C03257,23,Female,67800,Part-Time,595,New York,California,Very High Risk
C03258,42,Female,40800,Full-Time,718,Houston,Virginia,Medium Risk
C03259,64,Male,44700,Part-Time,761,Miami,California,Low Risk
C03260,22,Female,143600,Full-Time,663,Tempe,New York,High Risk
C03261,44,Female,70000,Full-Time,751,Augusta,New York,Low Risk
C03262,54,Female,142600,Full-Time,679,Aurora,Virginia,High Risk
C03263,47,Female,81300,Full-Time,500,Irving,Florida,Very High Risk
C03264,61,Female,91200,Full-Time,686,Fresno,Texas,Medium Risk
C03265,21,Male,99200,Retired,677,Los Angeles,New York,High Risk
C03266,28,Male,37500,Self-Employed,698,Rochester,Texas,Medium Risk
C03267,43,Female,74600,Retired,709,Augusta,Georgia,Medium Risk
C03268,58,Female,37300,Self-Employed,639,Phoenix,New York,High Risk
C03269,26,Female,57200,Full-Time,800,Rochester,Georgia,Low Risk
C03270,42,Male,86700,Self-Employed,685,Orlando,Illinois,Medium Risk
C03271,45,Male,41000,Unemployed,675,Savannah,Illinois,High Risk
C03272,38,Female,83600,Retired,746,Buffalo,Georgia,Medium Risk
C03273,37,Female,33100,Part-Time,691,Naperville,Illinois,Medium Risk
C03274,32,Female,108700,Full-Time,850,Austin,Georgia,Low Risk
C03275,26,Male,48200,Full-Time,674,Rochester,Texas,High Risk
C03276,46,Female,40900,Full-Time,716,Savannah,Florida,Medium Risk
C03277,47,Female,34100,Retired,634,Atlanta,Georgia,High Risk
C03278,28,Female,50100,Full-Time,755,Irving,New York,Low Risk
C03279,39,Male,27500,Self-Employed,713,Fresno,New York,Medium Risk
C03280,62,Male,50800,Full-Time,665,Irving,Virginia,High Risk
C03281,21,Female,106600,Part-Time,625,Houston,Texas,High Risk
C03282,49,Male,59700,Full-Time,592,Jacksonville,Georgia,Very High Risk
C03283,65,Male,38300,Full-Time,721,Atlanta,Illinois,Medium Risk
C03284,55,Male,72000,Full-Time,586,Chicago,Virginia,Very High Risk
C03285,60,Female,69200,Part-Time,788,Richmond,Florida,Low Risk
C03286,34,Male,156800,Full-Time,595,Atlanta,New York,Very High Risk
C03287,55,Male,92800,Self-Employed,677,Tampa,Virginia,High Risk
C03288,65,Female,74600,Full-Time,624,Atlanta,Virginia,High Risk
C03289,40,Female,97700,Self-Employed,692,Mesa,Florida,Medium Risk
C03290,33,Male,61200,Full-Time,692,Arlington,Florida,Medium Risk
C03291,58,Male,62800,Part-Time,723,Atlanta,California,Medium Risk
C03292,66,Female,137100,Full-Time,576,San Diego,Florida,Very High Risk
C03293,28,Male,31100,Self-Employed,633,Dallas,Georgia,High Risk
C03294,63,Female,100500,Full-Time,763,Rochester,Arizona,Low Risk
C03295,40,Male,61800,Part-Time,739,San Diego,California,Medium Risk
C03296,53,Female,57000,Retired,503,Plano,Virginia,Very High Risk
C03297,46,Female,50700,Full-Time,718,Tampa,Arizona,Medium Risk
C03298,59,Female,69700,Full-Time,613,Orlando,Texas,High Risk
C03299,41,Male,63700,Self-Employed,646,San Jose,Illinois,High Risk
C03300,62,Female,53900,Part-Time,673,Dallas,California,High Risk
C03301,63,Male,47400,Full-Time,807,Richmond,Arizona,Low Risk
C03302,61,Female,27600,Full-Time,612,Austin,Florida,High Risk
C03303,29,Male,46900,Full-Time,585,San Jose,Illinois,Very High Risk
C03304,44,Female,51600,Full-Time,724,Richmond,Florida,Medium Risk
C03305,57,Male,69600,Full-Time,688,San Jose,Florida,Medium Risk
C03306,61,Female,157200,Self-Employed,781,Orlando,California,Low Risk
C03307,37,Male,49300,Full-Time,664,Savannah,Virginia,High Risk
C03308,44,Male,41000,Part-Time,781,Irving,Texas,Low Risk
C03309,41,Male,47100,Unemployed,691,San Jose,Virginia,Medium Risk
C03310,59,Male,69600,Full-Time,730,Richmond,Arizona,Medium Risk
C03311,61,Male,84700,Self-Employed,812,Savannah,Florida,Low Risk
C03312,59,Male,90200,Unemployed,677,Fresno,Georgia,High Risk
C03313,33,Female,94300,Full-Time,768,Chicago,Virginia,Low Risk
C03314,31,Male,100500,Full-Time,644,Irving,Virginia,High Risk
C03315,66,Female,57300,Retired,707,Naperville,California,Medium Risk
C03316,39,Male,163700,Retired,582,Naperville,Virginia,Very High Risk
C03317,31,Female,55400,Full-Time,652,Plano,Georgia,High Risk
C03318,33,Male,68300,Full-Time,611,Naperville,Georgia,High Risk
C03319,66,Female,116500,Full-Time,782,Phoenix,Arizona,Low Risk
C03320,65,Female,83900,Full-Time,820,Buffalo,Florida,Low Risk
C03321,21,Male,23700,Full-Time,663,San Jose,Arizona,High Risk
C03322,60,Female,65200,Part-Time,632,Norfolk,Georgia,High Risk
C03323,64,Male,95800,Unemployed,591,Tempe,Arizona,Very High Risk
C03324,39,Female,35500,Full-Time,710,Arlington,Illinois,Medium Risk
C03325,32,Male,91100,Self-Employed,645,San Jose,Texas,High Risk
C03326,28,Male,77500,Full-Time,649,Dallas,Florida,High Risk
C03327,28,Male,110700,Full-Time,812,New York,Georgia,Low Risk
C03328,65,Female,47600,Full-Time,668,Orlando,Texas,High Risk
C03329,32,Male,101800,Full-Time,734,San Diego,Arizona,Medium Risk
C03330,53,Female,69800,Full-Time,694,Aurora,Texas,Medium Risk
C03331,65,Male,143900,Unemployed,588,Arlington,Illinois,Very High Risk
C03332,46,Male,227700,Full-Time,552,Buffalo,Illinois,Very High Risk
C03333,59,Female,129900,Self-Employed,727,Miami,New York,Medium Risk
C03334,48,Female,80700,Full-Time,818,Houston,Texas,Low Risk
C03335,25,Female,184700,Full-Time,714,Savannah,Florida,Medium Risk
C03336,28,Female,85300,Full-Time,737,Norfolk,Illinois,Medium Risk
C03337,45,Female,43200,Self-Employed,622,Dallas,Florida,High Risk
C03338,47,Female,63900,Full-Time,766,New York,Texas,Low Risk
C03339,66,Male,91600,Part-Time,765,Atlanta,Illinois,Low Risk
C03340,43,Male,94300,Unemployed,638,Atlanta,New York,High Risk
C03341,50,Male,39200,Self-Employed,731,Mesa,Texas,Medium Risk
C03342,65,Male,39700,Full-Time,558,Fresno,Florida,Very High Risk
C03343,67,Male,55700,Self-Employed,744,Jacksonville,Virginia,Medium Risk
C03344,43,Female,82700,Full-Time,647,Arlington,New York,High Risk
C03345,67,Male,87600,Self-Employed,598,Richmond,Texas,Very High Risk
C03346,40,Female,69300,Full-Time,720,Chicago,Illinois,Medium Risk
C03347,38,Female,44700,Full-Time,557,Tempe,Georgia,Very High Risk
C03348,38,Male,142000,Full-Time,716,Atlanta,Texas,Medium Risk
C03349,22,Male,40100,Full-Time,605,Houston,California,High Risk
C03350,24,Female,116800,Full-Time,589,Irving,Florida,Very High Risk
C03351,50,Female,90600,Unemployed,694,Aurora,Illinois,Medium Risk
C03352,53,Female,115600,Unemployed,677,Chicago,Illinois,High Risk
C03353,56,Male,53200,Full-Time,799,Savannah,California,Low Risk
C03354,38,Female,61000,Full-Time,594,San Diego,Georgia,Very High Risk
C03355,57,Male,66600,Full-Time,793,Miami,New York,Low Risk
C03356,39,Female,52500,Full-Time,605,Fresno,Virginia,High Risk
C03357,67,Female,71900,Retired,759,Norfolk,Illinois,Low Risk
C03358,48,Male,132300,Part-Time,773,Norfolk,Arizona,Low Risk
C03359,60,Male,36300,Full-Time,714,Jacksonville,New York,Medium Risk
C03360,40,Male,48400,Full-Time,631,Aurora,New York,High Risk
C03361,53,Male,46100,Part-Time,576,Tampa,New York,Very High Risk
C03362,32,Female,62300,Part-Time,544,San Jose,Georgia,Very High Risk
C03363,35,Male,61200,Part-Time,829,Phoenix,Texas,Low Risk
C03364,61,Female,92000,Full-Time,668,Aurora,California,High Risk
C03365,59,Male,66000,Full-Time,607,Irving,Florida,High Risk
C03366,22,Female,74500,Full-Time,604,San Diego,California,High Risk
C03367,49,Female,77800,Full-Time,703,Buffalo,Illinois,Medium Risk
C03368,61,Female,72600,Full-Time,660,Austin,California,High Risk
C03369,30,Male,89200,Self-Employed,546,Aurora,Florida,Very High Risk
C03370,22,Male,61500,Full-Time,755,Los Angeles,Texas,Low Risk
C03371,31,Female,136400,Unemployed,715,Richmond,Illinois,Medium Risk
C03372,33,Male,204000,Full-Time,828,Los Angeles,Texas,Low Risk
C03373,30,Male,89300,Full-Time,776,Arlington,Illinois,Low Risk
C03374,34,Male,72000,Full-Time,458,Atlanta,Florida,Very High Risk
C03375,38,Female,86100,Full-Time,796,Dallas,Texas,Low Risk
C03376,29,Female,39600,Retired,781,Savannah,Florida,Low Risk
C03377,59,Female,70500,Full-Time,635,Chicago,Florida,High Risk
C03378,48,Male,46800,Full-Time,658,Orlando,Georgia,High Risk
C03379,23,Male,81800,Unemployed,721,Arlington,California,Medium Risk
C03380,40,Female,46900,Full-Time,614,Tempe,Illinois,High Risk
C03381,26,Male,55700,Full-Time,672,Plano,New York,High Risk
C03382,47,Male,28000,Full-Time,765,Mesa,New York,Low Risk
C03383,22,Female,38300,Full-Time,729,Fresno,Texas,Medium Risk
C03384,49,Male,76300,Full-Time,640,Naperville,Florida,High Risk
C03385,58,Male,44000,Full-Time,767,Los Angeles,California,Low Risk
C03386,23,Male,104900,Self-Employed,713,Mesa,Illinois,Medium Risk
C03387,36,Male,42300,Unemployed,710,San Diego,Texas,Medium Risk
C03388,50,Male,79700,Full-Time,651,Houston,Florida,High Risk
C03389,60,Female,46100,Full-Time,690,Austin,Georgia,Medium Risk
C03390,22,Female,77300,Full-Time,632,Plano,New York,High Risk
C03391,37,Male,32600,Part-Time,544,Miami,New York,Very High Risk
C03392,61,Female,53000,Full-Time,669,Miami,Illinois,High Risk
C03393,32,Female,44400,Self-Employed,681,Chicago,Illinois,Medium Risk
C03394,55,Male,96700,Self-Employed,700,Arlington,Illinois,Medium Risk
C03395,63,Female,80000,Full-Time,781,Rochester,Texas,Low Risk
C03396,21,Female,37300,Part-Time,641,Richmond,Illinois,High Risk
C03397,65,Male,59300,Full-Time,662,Arlington,Virginia,High Risk
C03398,35,Male,45900,Full-Time,747,Dallas,Texas,Medium Risk
C03399,46,Male,99700,Full-Time,634,Tampa,California,High Risk
C03400,57,Female,115200,Full-Time,702,Atlanta,Florida,Medium Risk
C03401,41,Male,34000,Part-Time,659,Atlanta,New York,High Risk
C03402,51,Female,94300,Full-Time,672,Mesa,Arizona,High Risk
C03403,45,Female,44900,Full-Time,747,Miami,Arizona,Medium Risk
C03404,43,Male,58000,Retired,662,Dallas,Texas,High Risk
C03405,44,Female,66000,Full-Time,749,Rochester,Florida,Medium Risk
C03406,58,Female,147200,Full-Time,544,Orlando,Georgia,Very High Risk
C03407,48,Male,41400,Full-Time,583,Houston,Illinois,Very High Risk
C03408,41,Female,94600,Part-Time,516,Austin,New York,Very High Risk
C03409,63,Male,38400,Retired,603,Mesa,Georgia,High Risk
C03410,38,Male,37200,Full-Time,829,Jacksonville,Virginia,Low Risk
C03411,56,Male,65800,Retired,689,Savannah,Texas,Medium Risk
C03412,55,Female,65600,Full-Time,636,Buffalo,Illinois,High Risk
C03413,65,Female,22000,Full-Time,749,Mesa,Virginia,Medium Risk
C03414,29,Male,109500,Full-Time,759,Miami,Florida,Low Risk
C03415,58,Male,24800,Part-Time,598,Los Angeles,Virginia,Very High Risk
C03416,50,Male,60900,Full-Time,850,Orlando,California,Low Risk
C03417,64,Female,118100,Unemployed,711,Mesa,Florida,Medium Risk
C03418,54,Female,175700,Full-Time,720,Dallas,Texas,Medium Risk
C03419,52,Female,55200,Full-Time,727,Atlanta,California,Medium Risk
C03420,23,Female,34100,Full-Time,727,Houston,California,Medium Risk
C03421,23,Female,116200,Part-Time,643,Richmond,Illinois,High Risk
C03422,48,Male,95900,Full-Time,848,Miami,Florida,Low Risk
C03423,64,Male,52200,Full-Time,669,Augusta,Texas,High Risk
C03424,35,Female,49300,Full-Time,762,Richmond,Georgia,Low Risk
C03425,61,Female,47100,Part-Time,654,Buffalo,Georgia,High Risk
C03426,43,Male,55700,Self-Employed,641,Dallas,California,High Risk
C03427,60,Female,74900,Self-Employed,833,Richmond,Illinois,Low Risk
C03428,31,Female,50400,Full-Time,682,Savannah,Virginia,Medium Risk
C03429,52,Male,53300,Retired,687,Buffalo,Georgia,Medium Risk
C03430,56,Female,86700,Self-Employed,711,Austin,California,Medium Risk
C03431,53,Female,33400,Full-Time,850,Dallas,Arizona,Low Risk
C03432,44,Male,54900,Full-Time,850,Los Angeles,Virginia,Low Risk
C03433,59,Male,30600,Full-Time,786,Naperville,Florida,Low Risk
C03434,54,Male,68200,Full-Time,850,Houston,Georgia,Low Risk
C03435,48,Male,27200,Self-Employed,619,Tampa,New York,High Risk
C03436,57,Female,97000,Self-Employed,739,Mesa,Arizona,Medium Risk
C03437,27,Male,36000,Self-Employed,696,Plano,Texas,Medium Risk
C03438,24,Male,29300,Full-Time,557,Chicago,Arizona,Very High Risk
C03439,57,Male,55200,Part-Time,725,Richmond,New York,Medium Risk
C03440,21,Male,140400,Full-Time,653,Los Angeles,Florida,High Risk
C03441,21,Male,89500,Full-Time,805,Tampa,Virginia,Low Risk
C03442,67,Female,27400,Part-Time,660,Buffalo,New York,High Risk
C03443,40,Male,35500,Full-Time,656,Chicago,Florida,High Risk
C03444,39,Female,54400,Part-Time,805,Dallas,Florida,Low Risk
C03445,49,Female,178000,Part-Time,685,New York,Illinois,Medium Risk
C03446,30,Male,42600,Self-Employed,777,Phoenix,Arizona,Low Risk
C03447,38,Female,42800,Full-Time,722,Plano,New York,Medium Risk
C03448,48,Female,129200,Self-Employed,723,Houston,California,Medium Risk
C03449,55,Male,71000,Retired,672,Atlanta,Florida,High Risk
C03450,63,Male,104400,Self-Employed,728,Plano,Arizona,Medium Risk
C03451,67,Female,46900,Self-Employed,680,Augusta,New York,Medium Risk
C03452,51,Female,62100,Part-Time,630,Richmond,California,High Risk
C03453,47,Male,117500,Full-Time,682,New York,Texas,Medium Risk
C03454,31,Male,60900,Self-Employed,787,Aurora,California,Low Risk
C03455,58,Male,107700,Self-Employed,730,Norfolk,New York,Medium Risk
C03456,25,Male,77400,Part-Time,748,San Jose,Virginia,Medium Risk
C03457,28,Female,40700,Self-Employed,690,Atlanta,Virginia,Medium Risk
C03458,54,Male,64500,Full-Time,545,Dallas,New York,Very High Risk
C03459,32,Male,101100,Full-Time,598,Rochester,California,Very High Risk
C03460,58,Male,87800,Full-Time,668,San Diego,California,High Risk
C03461,21,Male,63800,Full-Time,605,Los Angeles,Georgia,High Risk
C03462,51,Male,27700,Full-Time,651,Norfolk,Florida,High Risk
C03463,24,Male,29000,Full-Time,648,Augusta,New York,High Risk
C03464,65,Male,31900,Full-Time,650,Arlington,Florida,High Risk
C03465,25,Female,51700,Self-Employed,798,Naperville,Florida,Low Risk
C03466,50,Female,54900,Full-Time,686,Miami,Arizona,Medium Risk
C03467,44,Male,33500,Full-Time,760,Phoenix,Texas,Low Risk
C03468,23,Female,103000,Full-Time,702,Los Angeles,Arizona,Medium Risk
C03469,31,Male,36800,Full-Time,796,Richmond,New York,Low Risk
C03470,65,Male,35100,Full-Time,767,Miami,Florida,Low Risk
C03471,24,Male,67600,Full-Time,646,Mesa,Virginia,High Risk
C03472,46,Male,100800,Retired,837,Naperville,Texas,Low Risk
C03473,47,Female,163900,Full-Time,656,Austin,Georgia,High Risk
C03474,66,Male,84500,Part-Time,705,Atlanta,Virginia,Medium Risk
C03475,63,Male,132300,Self-Employed,718,Austin,Florida,Medium Risk
C03476,47,Female,37700,Retired,727,Atlanta,Virginia,Medium Risk
C03477,62,Female,171800,Full-Time,750,Los Angeles,Florida,Low Risk
C03478,26,Male,28100,Full-Time,633,Chicago,Georgia,High Risk
C03479,35,Male,51800,Full-Time,743,Aurora,New York,Medium Risk
C03480,50,Male,83700,Full-Time,734,Miami,Arizona,Medium Risk
C03481,62,Male,31600,Full-Time,690,Los Angeles,Virginia,Medium Risk
C03482,57,Male,42800,Self-Employed,676,Norfolk,California,High Risk
C03483,57,Male,39900,Full-Time,629,Jacksonville,Georgia,High Risk
C03484,62,Male,56500,Full-Time,726,Los Angeles,California,Medium Risk
C03485,57,Female,123200,Full-Time,640,Tampa,New York,High Risk
C03486,55,Female,65500,Retired,708,New York,Virginia,Medium Risk
C03487,43,Male,52800,Part-Time,682,Chicago,Arizona,Medium Risk
C03488,26,Male,22000,Full-Time,590,Augusta,California,Very High Risk
C03489,24,Male,80200,Full-Time,620,Arlington,Arizona,High Risk
C03490,38,Female,92700,Full-Time,720,Norfolk,Virginia,Medium Risk
C03491,29,Male,30200,Self-Employed,651,Mesa,Illinois,High Risk
C03492,49,Female,63100,Part-Time,648,San Jose,California,High Risk
C03493,33,Female,70900,Part-Time,633,Richmond,Arizona,High Risk
C03494,67,Female,100300,Full-Time,635,Irving,Georgia,High Risk
C03495,37,Female,46900,Self-Employed,813,Houston,Florida,Low Risk
C03496,65,Female,43800,Part-Time,606,Los Angeles,Florida,High Risk
C03497,52,Female,52900,Retired,800,Orlando,Texas,Low Risk
C03498,42,Female,115900,Part-Time,665,Norfolk,Virginia,High Risk
C03499,24,Male,104000,Full-Time,641,Irving,Georgia,High Risk
C03500,25,Male,64400,Full-Time,719,Augusta,Virginia,Medium Risk
C03501,57,Female,102900,Full-Time,694,New York,Arizona,Medium Risk
C03502,61,Female,22400,Self-Employed,675,Miami,New York,High Risk
C03503,33,Male,92800,Self-Employed,706,Orlando,Texas,Medium Risk
C03504,54,Male,39300,Full-Time,693,Austin,Virginia,Medium Risk
C03505,65,Male,144000,Full-Time,674,Phoenix,Florida,High Risk
C03506,42,Female,40300,Full-Time,760,San Jose,Florida,Low Risk
C03507,43,Male,44300,Unemployed,581,Savannah,Texas,Very High Risk
C03508,23,Female,83700,Full-Time,621,Irving,Georgia,High Risk
C03509,62,Female,87400,Full-Time,631,Norfolk,Illinois,High Risk
C03510,54,Female,53200,Full-Time,611,Atlanta,California,High Risk
C03511,52,Male,76800,Full-Time,696,Richmond,Arizona,Medium Risk
C03512,65,Male,81200,Self-Employed,728,Savannah,Virginia,Medium Risk
C03513,41,Male,77600,Unemployed,543,Norfolk,Arizona,Very High Risk
C03514,66,Male,54200,Full-Time,654,Miami,Illinois,High Risk
C03515,64,Male,81600,Part-Time,666,Arlington,Illinois,High Risk
C03516,41,Female,122400,Full-Time,669,San Jose,Virginia,High Risk
C03517,64,Male,37400,Retired,594,Savannah,Illinois,Very High Risk
C03518,31,Female,44500,Full-Time,667,Fresno,Arizona,High Risk
C03519,59,Female,65800,Full-Time,622,Norfolk,Virginia,High Risk
C03520,24,Male,40400,Full-Time,665,Buffalo,Georgia,High Risk
C03521,21,Female,28900,Full-Time,561,Dallas,Illinois,Very High Risk
C03522,48,Female,106300,Full-Time,665,Phoenix,California,High Risk
C03523,44,Male,23800,Part-Time,636,Irving,New York,High Risk
C03524,55,Male,54200,Self-Employed,670,Buffalo,Texas,High Risk
C03525,33,Male,91500,Full-Time,713,Houston,Virginia,Medium Risk
C03526,67,Male,73300,Part-Time,687,Naperville,Illinois,Medium Risk
C03527,54,Female,54600,Full-Time,750,Norfolk,Illinois,Low Risk
C03528,31,Male,39700,Part-Time,663,Miami,Texas,High Risk
C03529,56,Female,75900,Part-Time,736,Phoenix,Virginia,Medium Risk
C03530,37,Male,41700,Part-Time,774,Norfolk,Virginia,Low Risk
C03531,55,Male,73300,Full-Time,711,Plano,Arizona,Medium Risk
C03532,38,Female,69300,Full-Time,688,Irving,Arizona,Medium Risk
C03533,60,Female,69600,Full-Time,721,Aurora,Virginia,Medium Risk
C03534,42,Male,48700,Full-Time,713,Phoenix,Virginia,Medium Risk
C03535,44,Male,162400,Self-Employed,765,Los Angeles,Texas,Low Risk
C03536,39,Female,76400,Full-Time,750,Miami,Arizona,Low Risk
C03537,57,Female,57300,Full-Time,750,Buffalo,Arizona,Low Risk
C03538,59,Male,73200,Full-Time,693,Phoenix,New York,Medium Risk
C03539,41,Male,45900,Full-Time,716,Norfolk,Florida,Medium Risk
C03540,28,Male,54600,Self-Employed,714,Fresno,New York,Medium Risk
C03541,48,Male,190700,Full-Time,599,Jacksonville,Florida,Very High Risk
C03542,25,Female,46000,Self-Employed,770,Aurora,Georgia,Low Risk
C03543,37,Female,62800,Full-Time,565,Mesa,California,Very High Risk
C03544,57,Female,52900,Unemployed,743,San Diego,Arizona,Medium Risk
C03545,56,Male,40700,Retired,710,Plano,New York,Medium Risk
C03546,39,Female,78600,Part-Time,669,Rochester,California,High Risk
C03547,47,Male,66100,Unemployed,719,Richmond,Texas,Medium Risk
C03548,54,Female,97900,Full-Time,721,Plano,New York,Medium Risk
C03549,31,Male,93600,Retired,592,Houston,Georgia,Very High Risk
C03550,65,Male,97500,Self-Employed,796,Plano,Texas,Low Risk
C03551,67,Female,43000,Retired,695,Chicago,Georgia,Medium Risk
C03552,32,Male,86700,Part-Time,850,Los Angeles,Georgia,Low Risk
C03553,41,Female,87700,Self-Employed,749,Miami,Illinois,Medium Risk
C03554,31,Female,41100,Full-Time,694,New York,Texas,Medium Risk
C03555,59,Male,56300,Full-Time,638,Arlington,Arizona,High Risk
C03556,48,Female,33800,Full-Time,682,Buffalo,Georgia,Medium Risk
C03557,25,Male,87900,Unemployed,701,Savannah,Illinois,Medium Risk
C03558,37,Male,87700,Full-Time,800,Tampa,Florida,Low Risk
C03559,40,Female,123700,Part-Time,782,Naperville,Illinois,Low Risk
C03560,61,Female,58600,Full-Time,724,Orlando,Arizona,Medium Risk
C03561,66,Male,79600,Full-Time,823,Dallas,Florida,Low Risk
C03562,32,Female,101400,Unemployed,539,Mesa,Illinois,Very High Risk
C03563,26,Male,46300,Self-Employed,725,San Jose,Illinois,Medium Risk
C03564,37,Female,43200,Part-Time,784,Augusta,California,Low Risk
C03565,39,Female,47000,Full-Time,731,Los Angeles,California,Medium Risk
C03566,46,Male,55500,Full-Time,590,Tampa,Arizona,Very High Risk
C03567,64,Female,43900,Full-Time,794,Atlanta,Texas,Low Risk
C03568,64,Male,47900,Full-Time,747,Rochester,Georgia,Medium Risk
C03569,52,Male,96600,Full-Time,716,Aurora,Arizona,Medium Risk
C03570,26,Female,62200,Full-Time,697,Tampa,California,Medium Risk
C03571,56,Male,74600,Full-Time,840,Atlanta,Florida,Low Risk
C03572,58,Male,50700,Part-Time,723,Plano,California,Medium Risk
C03573,31,Female,49300,Full-Time,672,San Diego,Texas,High Risk
C03574,53,Male,73900,Full-Time,629,Fresno,Virginia,High Risk
C03575,44,Male,68800,Full-Time,747,Aurora,New York,Medium Risk
C03576,43,Female,92200,Retired,764,Fresno,Florida,Low Risk
C03577,35,Female,116800,Full-Time,694,Mesa,New York,Medium Risk
C03578,47,Female,47600,Full-Time,648,San Jose,Virginia,High Risk
C03579,31,Male,95800,Full-Time,790,Dallas,Florida,Low Risk
C03580,37,Female,40000,Unemployed,623,Irving,Virginia,High Risk
C03581,34,Female,165300,Self-Employed,838,Rochester,Georgia,Low Risk
C03582,47,Male,45600,Self-Employed,635,New York,Georgia,High Risk
C03583,38,Male,88700,Full-Time,594,Richmond,Georgia,Very High Risk
C03584,48,Male,39900,Part-Time,604,Jacksonville,Texas,High Risk
C03585,67,Male,60700,Self-Employed,607,Orlando,California,High Risk
C03586,67,Male,130300,Full-Time,672,Atlanta,New York,High Risk
C03587,24,Female,45000,Unemployed,655,Phoenix,New York,High Risk
C03588,27,Female,175300,Full-Time,767,Jacksonville,California,Low Risk
C03589,65,Female,64800,Full-Time,756,Arlington,Texas,Low Risk
C03590,55,Female,100800,Unemployed,673,Buffalo,California,High Risk
C03591,29,Female,77900,Part-Time,850,Tempe,Illinois,Low Risk
C03592,28,Female,79800,Full-Time,672,Richmond,Illinois,High Risk
C03593,65,Male,34200,Full-Time,682,Arlington,Georgia,Medium Risk
C03594,37,Male,52500,Self-Employed,594,Rochester,Illinois,Very High Risk
C03595,37,Male,111300,Full-Time,684,Jacksonville,New York,Medium Risk
C03596,53,Male,55700,Full-Time,712,San Jose,Georgia,Medium Risk
C03597,52,Male,69200,Full-Time,601,Aurora,New York,High Risk
C03598,28,Male,32400,Unemployed,653,Naperville,Texas,High Risk
C03599,39,Male,51000,Unemployed,715,Richmond,Florida,Medium Risk
C03600,58,Male,107700,Full-Time,651,Buffalo,California,High Risk
C03601,23,Male,36500,Full-Time,635,Miami,Arizona,High Risk
C03602,25,Male,89800,Full-Time,749,Phoenix,Arizona,Medium Risk
C03603,33,Female,70400,Full-Time,594,Houston,Arizona,Very High Risk
C03604,67,Male,58500,Self-Employed,608,Los Angeles,Florida,High Risk
C03605,66,Female,57300,Full-Time,703,San Jose,New York,Medium Risk
C03606,51,Female,52100,Full-Time,753,Tempe,California,Low Risk
C03607,36,Female,54200,Part-Time,713,San Diego,New York,Medium Risk
C03608,52,Female,98800,Full-Time,673,Tampa,Texas,High Risk
C03609,42,Female,53500,Full-Time,667,Aurora,Georgia,High Risk
C03610,49,Male,146600,Full-Time,766,Aurora,California,Low Risk
C03611,42,Female,74400,Self-Employed,754,Naperville,New York,Low Risk
C03612,63,Female,50200,Full-Time,694,Houston,Illinois,Medium Risk
C03613,23,Female,100700,Full-Time,669,Dallas,Arizona,High Risk
C03614,30,Male,86100,Full-Time,693,Irving,Illinois,Medium Risk
C03615,62,Female,30900,Retired,635,San Diego,Virginia,High Risk
C03616,41,Female,40800,Full-Time,679,Norfolk,New York,High Risk
C03617,36,Female,61700,Retired,653,Richmond,Virginia,High Risk
C03618,32,Female,31900,Self-Employed,682,Orlando,Florida,Medium Risk
C03619,22,Male,166500,Self-Employed,656,Savannah,Georgia,High Risk
C03620,61,Male,94100,Full-Time,729,Phoenix,Texas,Medium Risk
C03621,44,Male,64600,Full-Time,751,Savannah,Texas,Low Risk
C03622,55,Male,55700,Full-Time,662,Orlando,Arizona,High Risk
C03623,50,Male,49600,Full-Time,629,Miami,New York,High Risk
C03624,50,Male,26900,Retired,743,Tempe,Texas,Medium Risk
C03625,67,Male,29800,Full-Time,704,San Diego,California,Medium Risk
C03626,55,Male,152900,Full-Time,662,Rochester,Texas,High Risk
C03627,39,Male,132000,Full-Time,793,Dallas,Virginia,Low Risk
C03628,28,Female,50200,Self-Employed,648,Arlington,Illinois,High Risk
C03629,46,Female,97800,Full-Time,541,Dallas,New York,Very High Risk
C03630,60,Female,81600,Full-Time,637,Tampa,California,High Risk
C03631,27,Male,86100,Full-Time,811,Rochester,Arizona,Low Risk
C03632,50,Female,34200,Self-Employed,666,Irving,Virginia,High Risk
C03633,27,Male,28800,Full-Time,651,New York,Virginia,High Risk
C03634,23,Female,110700,Full-Time,692,Aurora,Texas,Medium Risk
C03635,21,Female,26700,Full-Time,766,Fresno,Arizona,Low Risk
C03636,56,Female,60800,Retired,684,Plano,Virginia,Medium Risk
C03637,45,Female,55100,Part-Time,734,Tampa,Illinois,Medium Risk
C03638,57,Male,52800,Self-Employed,676,Mesa,Georgia,High Risk
C03639,21,Male,74900,Part-Time,735,Miami,Florida,Medium Risk
C03640,35,Female,47900,Full-Time,704,Plano,Texas,Medium Risk
C03641,57,Male,77700,Part-Time,660,Buffalo,Arizona,High Risk
C03642,33,Male,69300,Full-Time,709,Houston,Virginia,Medium Risk
C03643,60,Female,167100,Full-Time,649,Naperville,Illinois,High Risk
C03644,28,Male,34800,Full-Time,587,Augusta,Georgia,Very High Risk
C03645,25,Female,65900,Full-Time,689,Houston,Georgia,Medium Risk
C03646,29,Female,78900,Full-Time,593,Mesa,Illinois,Very High Risk
C03647,21,Male,57900,Full-Time,735,Fresno,Illinois,Medium Risk
C03648,56,Male,35600,Self-Employed,687,Jacksonville,Arizona,Medium Risk
C03649,55,Male,114400,Self-Employed,797,Miami,Illinois,Low Risk
C03650,22,Male,75600,Full-Time,665,New York,Florida,High Risk
C03651,60,Male,36800,Full-Time,688,Mesa,New York,Medium Risk
C03652,43,Male,79200,Unemployed,580,Austin,Illinois,Very High Risk
C03653,29,Male,139800,Self-Employed,607,Austin,New York,High Risk
C03654,54,Male,63900,Retired,564,Atlanta,Georgia,Very High Risk
C03655,66,Female,64900,Full-Time,771,Rochester,Florida,Low Risk
C03656,34,Female,131600,Full-Time,656,Fresno,Arizona,High Risk
C03657,24,Female,42000,Full-Time,790,New York,Georgia,Low Risk
C03658,50,Female,141400,Part-Time,489,Augusta,Virginia,Very High Risk
C03659,51,Male,100700,Full-Time,806,Rochester,Florida,Low Risk
C03660,58,Female,42900,Full-Time,685,Fresno,Georgia,Medium Risk
C03661,31,Male,48100,Full-Time,715,Tempe,California,Medium Risk
C03662,55,Male,51300,Part-Time,610,Phoenix,California,High Risk
C03663,28,Female,28500,Full-Time,730,Irving,Illinois,Medium Risk
C03664,23,Male,73100,Part-Time,662,Jacksonville,New York,High Risk
C03665,34,Male,43800,Unemployed,600,Buffalo,Georgia,High Risk
C03666,33,Female,74300,Self-Employed,599,Mesa,Virginia,Very High Risk
C03667,65,Female,36400,Full-Time,598,Houston,Florida,Very High Risk
C03668,52,Male,98500,Retired,719,New York,Texas,Medium Risk
C03669,54,Male,90600,Full-Time,642,Atlanta,California,High Risk
C03670,65,Female,47300,Full-Time,567,Tempe,California,Very High Risk
C03671,39,Female,76400,Retired,718,Atlanta,Georgia,Medium Risk
C03672,58,Male,67500,Full-Time,527,San Diego,Arizona,Very High Risk
C03673,36,Female,126600,Full-Time,790,Houston,Texas,Low Risk
C03674,22,Female,40800,Full-Time,839,Arlington,Virginia,Low Risk
C03675,60,Male,60700,Full-Time,592,Chicago,Virginia,Very High Risk
C03676,37,Female,48700,Full-Time,769,Richmond,New York,Low Risk
C03677,54,Female,66300,Full-Time,716,Fresno,Virginia,Medium Risk
C03678,62,Male,82600,Full-Time,652,Houston,Virginia,High Risk
C03679,36,Female,48500,Self-Employed,656,Austin,New York,High Risk
C03680,58,Male,55200,Full-Time,739,Naperville,New York,Medium Risk
C03681,22,Female,100400,Full-Time,687,Fresno,Illinois,Medium Risk
C03682,22,Female,119700,Full-Time,495,San Jose,Illinois,Very High Risk
C03683,46,Male,81200,Self-Employed,845,Richmond,Arizona,Low Risk
C03684,33,Female,61100,Self-Employed,722,San Diego,Georgia,Medium Risk
C03685,67,Female,58500,Unemployed,686,San Diego,Texas,Medium Risk
C03686,51,Male,83200,Full-Time,636,Houston,Georgia,High Risk
C03687,54,Male,72000,Full-Time,676,Naperville,Florida,High Risk
C03688,59,Male,30900,Full-Time,785,Tampa,Texas,Low Risk
C03689,23,Female,84100,Full-Time,710,Atlanta,Florida,Medium Risk
C03690,28,Female,44100,Full-Time,718,Los Angeles,Texas,Medium Risk
C03691,43,Female,34400,Retired,596,Tampa,Illinois,Very High Risk
C03692,34,Male,30700,Full-Time,664,Atlanta,New York,High Risk
C03693,47,Female,59000,Retired,694,Houston,California,Medium Risk
C03694,49,Male,41100,Full-Time,742,Plano,Arizona,Medium Risk
C03695,59,Male,22800,Unemployed,659,Buffalo,Virginia,High Risk
C03696,59,Male,55300,Full-Time,760,Phoenix,Texas,Low Risk
C03697,21,Male,52100,Unemployed,604,Los Angeles,Texas,High Risk
C03698,37,Male,60800,Full-Time,695,Aurora,Arizona,Medium Risk
C03699,61,Female,49000,Retired,683,Savannah,California,Medium Risk
C03700,50,Female,148100,Full-Time,576,Augusta,Arizona,Very High Risk
C03701,33,Female,82000,Full-Time,686,Irving,Texas,Medium Risk
C03702,41,Male,51900,Full-Time,646,Houston,Virginia,High Risk
C03703,39,Female,63200,Full-Time,796,Orlando,Arizona,Low Risk
C03704,39,Female,122900,Part-Time,659,Orlando,New York,High Risk
C03705,45,Female,100000,Retired,716,Fresno,Georgia,Medium Risk
C03706,42,Male,34700,Part-Time,598,Austin,California,Very High Risk
C03707,51,Male,41900,Self-Employed,708,Orlando,Virginia,Medium Risk
C03708,37,Male,45700,Full-Time,659,Plano,California,High Risk
C03709,43,Male,53300,Part-Time,632,Fresno,New York,High Risk
C03710,52,Female,49700,Full-Time,850,Tempe,Virginia,Low Risk
C03711,30,Female,66000,Unemployed,663,Mesa,New York,High Risk
C03712,30,Male,90500,Full-Time,674,Miami,California,High Risk
C03713,56,Male,97600,Part-Time,758,Orlando,New York,Low Risk
C03714,28,Female,56100,Full-Time,632,Austin,Georgia,High Risk
C03715,40,Male,31100,Full-Time,720,Chicago,New York,Medium Risk
C03716,52,Female,40700,Full-Time,728,Orlando,Virginia,Medium Risk
C03717,34,Female,51400,Full-Time,708,Chicago,Georgia,Medium Risk
C03718,48,Male,37100,Full-Time,850,Naperville,Virginia,Low Risk
C03719,66,Female,108600,Full-Time,630,Houston,New York,High Risk
C03720,44,Female,38200,Self-Employed,805,Plano,California,Low Risk
C03721,35,Female,85800,Full-Time,725,Tempe,Texas,Medium Risk
C03722,42,Female,30500,Unemployed,758,New York,Florida,Low Risk
C03723,50,Female,87400,Full-Time,716,Buffalo,California,Medium Risk
C03724,24,Male,61100,Full-Time,831,Norfolk,Virginia,Low Risk
C03725,33,Male,128400,Full-Time,666,Austin,Arizona,High Risk
C03726,43,Male,39100,Full-Time,727,Atlanta,Florida,Medium Risk
C03727,28,Male,50400,Full-Time,788,Augusta,New York,Low Risk
C03728,38,Female,55000,Full-Time,648,Richmond,New York,High Risk
C03729,32,Male,60700,Full-Time,765,Jacksonville,Texas,Low Risk
C03730,51,Female,55600,Part-Time,689,Augusta,New York,Medium Risk
C03731,34,Male,56100,Full-Time,597,Jacksonville,Arizona,Very High Risk
C03732,54,Male,55700,Full-Time,581,Aurora,Virginia,Very High Risk
C03733,38,Female,25600,Self-Employed,683,Augusta,Florida,Medium Risk
C03734,54,Male,101600,Self-Employed,764,Atlanta,California,Low Risk
C03735,31,Female,235500,Full-Time,534,Savannah,California,Very High Risk
C03736,61,Male,74300,Self-Employed,705,San Diego,Arizona,Medium Risk
C03737,32,Female,39000,Unemployed,757,Phoenix,Georgia,Low Risk
C03738,35,Female,40800,Full-Time,594,Rochester,Texas,Very High Risk
C03739,51,Female,85700,Full-Time,642,Rochester,Arizona,High Risk
C03740,49,Male,77300,Unemployed,733,Augusta,Florida,Medium Risk
C03741,46,Male,57200,Full-Time,754,Richmond,New York,Low Risk
C03742,38,Female,91200,Full-Time,810,Los Angeles,Illinois,Low Risk
C03743,52,Female,25700,Full-Time,646,Los Angeles,Virginia,High Risk
C03744,42,Male,91300,Self-Employed,629,Houston,Texas,High Risk
C03745,58,Male,72300,Unemployed,814,Austin,Texas,Low Risk
C03746,37,Male,41500,Part-Time,633,Dallas,Illinois,High Risk
C03747,43,Male,34100,Retired,728,Austin,Arizona,Medium Risk
C03748,44,Female,68600,Full-Time,850,Naperville,California,Low Risk
C03749,28,Male,122400,Full-Time,746,Fresno,Georgia,Medium Risk
C03750,61,Male,58700,Part-Time,749,New York,Virginia,Medium Risk
C03751,26,Female,44300,Retired,786,Naperville,Virginia,Low Risk
C03752,25,Male,70800,Full-Time,729,Tempe,California,Medium Risk
C03753,64,Female,147500,Full-Time,749,Tempe,California,Medium Risk
C03754,49,Female,78900,Full-Time,664,Naperville,Illinois,High Risk
C03755,48,Male,82900,Full-Time,777,Richmond,Virginia,Low Risk
C03756,31,Female,112700,Full-Time,721,Richmond,New York,Medium Risk
C03757,21,Male,80400,Full-Time,579,Norfolk,Virginia,Very High Risk
C03758,63,Male,45700,Unemployed,708,Jacksonville,New York,Medium Risk
C03759,39,Male,29600,Full-Time,527,Augusta,Georgia,Very High Risk
C03760,29,Male,42900,Part-Time,744,Rochester,Georgia,Medium Risk
C03761,47,Male,39500,Full-Time,672,Norfolk,Florida,High Risk
C03762,54,Male,87500,Full-Time,833,San Jose,Florida,Low Risk
C03763,64,Female,93100,Part-Time,727,Tempe,California,Medium Risk
C03764,24,Female,70300,Unemployed,759,Richmond,Illinois,Low Risk
C03765,56,Female,36700,Full-Time,611,Rochester,Georgia,High Risk
C03766,38,Female,145200,Unemployed,741,Richmond,Texas,Medium Risk
C03767,35,Male,53900,Self-Employed,642,Fresno,New York,High Risk
C03768,33,Male,85300,Full-Time,772,Fresno,Arizona,Low Risk
C03769,39,Male,66500,Full-Time,606,Tempe,Illinois,High Risk
C03770,26,Male,71400,Part-Time,698,Phoenix,Virginia,Medium Risk
C03771,32,Female,83900,Full-Time,603,Richmond,Georgia,High Risk
C03772,57,Female,47500,Full-Time,699,Austin,Florida,Medium Risk
C03773,37,Male,117000,Full-Time,842,San Diego,Georgia,Low Risk
C03774,43,Male,31900,Full-Time,744,Atlanta,Virginia,Medium Risk
C03775,46,Male,40700,Unemployed,688,Aurora,New York,Medium Risk
C03776,49,Male,116300,Full-Time,505,Tempe,Georgia,Very High Risk
C03777,53,Male,84800,Full-Time,650,Plano,New York,High Risk
C03778,47,Female,203900,Full-Time,726,Dallas,Virginia,Medium Risk
C03779,45,Male,67000,Part-Time,652,Tampa,Illinois,High Risk
C03780,30,Female,139700,Part-Time,797,Rochester,Georgia,Low Risk
C03781,67,Male,28200,Retired,695,Tampa,Georgia,Medium Risk
C03782,43,Male,34400,Self-Employed,771,Savannah,Florida,Low Risk
C03783,41,Female,97300,Full-Time,705,Miami,Illinois,Medium Risk
C03784,41,Female,29700,Full-Time,669,Fresno,Texas,High Risk
C03785,63,Male,59500,Full-Time,655,Savannah,New York,High Risk
C03786,33,Female,109900,Part-Time,614,Arlington,Arizona,High Risk
C03787,57,Male,81400,Self-Employed,772,Aurora,Arizona,Low Risk
C03788,53,Male,65300,Retired,658,Richmond,Illinois,High Risk
C03789,44,Female,53100,Part-Time,729,Houston,Arizona,Medium Risk
C03790,64,Female,71200,Full-Time,651,San Jose,Illinois,High Risk
C03791,31,Male,84300,Full-Time,609,Phoenix,Arizona,High Risk
C03792,37,Male,48300,Full-Time,732,Savannah,Texas,Medium Risk
C03793,24,Female,76800,Full-Time,634,Houston,Illinois,High Risk
C03794,67,Male,105600,Full-Time,660,Rochester,New York,High Risk
C03795,45,Male,58800,Full-Time,596,Savannah,Virginia,Very High Risk
C03796,50,Male,67000,Full-Time,653,Phoenix,Arizona,High Risk
C03797,29,Female,80800,Part-Time,692,Savannah,Virginia,Medium Risk
C03798,41,Male,83300,Full-Time,668,San Jose,California,High Risk
C03799,40,Female,96500,Part-Time,751,San Diego,California,Low Risk
C03800,39,Female,41200,Full-Time,701,Phoenix,Florida,Medium Risk
C03801,39,Male,51200,Full-Time,850,Mesa,Texas,Low Risk
C03802,32,Female,52100,Retired,722,Tempe,Virginia,Medium Risk
C03803,57,Female,43300,Full-Time,560,Jacksonville,Florida,Very High Risk
C03804,62,Male,28900,Retired,674,Norfolk,California,High Risk
C03805,37,Male,22000,Full-Time,681,San Jose,Texas,Medium Risk
C03806,57,Female,111300,Full-Time,644,Augusta,Virginia,High Risk
C03807,59,Female,32300,Full-Time,695,San Diego,Illinois,Medium Risk
C03808,48,Male,131500,Full-Time,642,Tempe,Illinois,High Risk
C03809,61,Female,90700,Full-Time,715,Irving,New York,Medium Risk
C03810,55,Female,54200,Self-Employed,547,Richmond,Virginia,Very High Risk
C03811,67,Female,85800,Full-Time,776,Aurora,Georgia,Low Risk
C03812,38,Female,78700,Full-Time,572,Phoenix,California,Very High Risk
C03813,34,Male,39600,Full-Time,670,Richmond,Illinois,High Risk
C03814,55,Male,64600,Full-Time,635,Naperville,Texas,High Risk
C03815,64,Female,41800,Unemployed,713,Miami,Georgia,Medium Risk
C03816,61,Male,87200,Self-Employed,676,Orlando,Georgia,High Risk
C03817,27,Female,47100,Full-Time,709,San Jose,Illinois,Medium Risk
C03818,61,Male,62200,Full-Time,773,Los Angeles,Florida,Low Risk
C03819,33,Male,61000,Full-Time,748,Orlando,Florida,Medium Risk
C03820,38,Male,68700,Retired,693,Rochester,Florida,Medium Risk
C03821,57,Female,137400,Full-Time,724,Houston,Virginia,Medium Risk
C03822,33,Female,58300,Self-Employed,837,Plano,Georgia,Low Risk
C03823,56,Male,112400,Full-Time,750,Jacksonville,Florida,Low Risk
C03824,51,Male,80700,Retired,668,San Diego,Florida,High Risk
C03825,22,Male,123100,Full-Time,786,Chicago,Georgia,Low Risk
C03826,36,Female,55800,Full-Time,719,Phoenix,New York,Medium Risk
C03827,29,Male,88900,Part-Time,618,Jacksonville,Florida,High Risk
C03828,29,Female,63300,Retired,676,Miami,New York,High Risk
C03829,58,Male,22000,Retired,580,Jacksonville,New York,Very High Risk
C03830,31,Male,39800,Self-Employed,519,Miami,Illinois,Very High Risk
C03831,42,Female,84500,Self-Employed,619,San Diego,Georgia,High Risk
C03832,53,Male,82000,Full-Time,699,Miami,Texas,Medium Risk
C03833,56,Male,36300,Self-Employed,699,Rochester,Florida,Medium Risk
C03834,65,Male,71800,Self-Employed,584,Austin,Texas,Very High Risk
C03835,43,Male,81500,Full-Time,512,Houston,California,Very High Risk
C03836,65,Male,64000,Part-Time,800,Norfolk,Virginia,Low Risk
C03837,65,Male,90200,Full-Time,697,Houston,New York,Medium Risk
C03838,54,Female,84900,Full-Time,807,Houston,Arizona,Low Risk
C03839,29,Female,64000,Unemployed,802,Rochester,California,Low Risk
C03840,44,Female,51700,Full-Time,745,Fresno,New York,Medium Risk
C03841,28,Male,103900,Full-Time,694,Los Angeles,Florida,Medium Risk
C03842,27,Female,80100,Full-Time,660,Miami,California,High Risk
C03843,56,Female,34900,Full-Time,744,Mesa,Georgia,Medium Risk
C03844,38,Male,71800,Full-Time,678,Norfolk,Illinois,High Risk
C03845,23,Female,38700,Unemployed,646,Houston,Virginia,High Risk
C03846,48,Female,42100,Part-Time,533,Phoenix,California,Very High Risk
C03847,26,Male,48500,Self-Employed,684,Tampa,Virginia,Medium Risk
C03848,64,Female,66300,Full-Time,772,Miami,New York,Low Risk
C03849,64,Male,76900,Unemployed,784,Tampa,Georgia,Low Risk
C03850,41,Male,54100,Part-Time,694,Norfolk,New York,Medium Risk
C03851,48,Male,55100,Full-Time,623,Mesa,Texas,High Risk
C03852,60,Female,51800,Part-Time,758,Richmond,Arizona,Low Risk
C03853,21,Male,104100,Retired,689,Naperville,Arizona,Medium Risk
C03854,56,Female,22000,Full-Time,663,Naperville,California,High Risk
C03855,41,Female,56600,Part-Time,581,Augusta,Illinois,Very High Risk
C03856,63,Female,130300,Unemployed,848,Tempe,Florida,Low Risk
C03857,55,Male,82000,Full-Time,745,Dallas,Texas,Medium Risk
C03858,33,Female,114900,Part-Time,753,Houston,California,Low Risk
C03859,30,Female,26000,Full-Time,625,Jacksonville,Texas,High Risk
C03860,64,Male,37200,Full-Time,696,San Jose,California,Medium Risk
C03861,67,Female,81900,Part-Time,684,Augusta,Arizona,Medium Risk
C03862,30,Female,130600,Full-Time,749,New York,Florida,Medium Risk
C03863,66,Female,38900,Self-Employed,792,Rochester,Florida,Low Risk
C03864,33,Male,54600,Full-Time,582,Plano,Arizona,Very High Risk
C03865,57,Male,77900,Full-Time,609,San Jose,Virginia,High Risk
C03866,58,Male,33800,Full-Time,738,Jacksonville,Illinois,Medium Risk
C03867,44,Male,82200,Full-Time,652,Dallas,Texas,High Risk
C03868,22,Female,22000,Full-Time,751,Tampa,Illinois,Low Risk
C03869,42,Female,81100,Self-Employed,662,Chicago,California,High Risk
C03870,37,Female,41500,Retired,596,San Diego,Florida,Very High Risk
C03871,56,Female,53100,Unemployed,558,Rochester,Florida,Very High Risk
C03872,34,Female,87200,Full-Time,726,New York,New York,Medium Risk
C03873,30,Male,79500,Unemployed,728,Miami,New York,Medium Risk
C03874,55,Female,64800,Unemployed,763,Austin,Arizona,Low Risk
C03875,45,Male,100500,Full-Time,715,Norfolk,Illinois,Medium Risk
C03876,23,Male,30200,Full-Time,408,Tampa,Texas,Very High Risk
C03877,67,Female,71300,Full-Time,728,San Jose,Arizona,Medium Risk
C03878,58,Male,45600,Full-Time,581,Rochester,California,Very High Risk
C03879,37,Male,98200,Retired,550,Mesa,Illinois,Very High Risk
C03880,32,Female,88600,Full-Time,541,Tempe,Florida,Very High Risk
C03881,44,Male,90000,Part-Time,534,Dallas,Florida,Very High Risk
C03882,49,Male,136300,Full-Time,711,Chicago,Virginia,Medium Risk
C03883,63,Male,107900,Full-Time,635,Los Angeles,Virginia,High Risk
C03884,45,Male,60600,Full-Time,576,Norfolk,Florida,Very High Risk
C03885,56,Male,65000,Retired,692,Dallas,California,Medium Risk
C03886,46,Female,85200,Full-Time,607,Tempe,Arizona,High Risk
C03887,58,Male,69100,Unemployed,764,Buffalo,Illinois,Low Risk
C03888,21,Female,89300,Full-Time,799,Jacksonville,California,Low Risk
C03889,40,Male,23800,Part-Time,674,Los Angeles,Georgia,High Risk
C03890,48,Male,151500,Part-Time,793,Savannah,Virginia,Low Risk
C03891,36,Female,66800,Self-Employed,793,Jacksonville,Florida,Low Risk
C03892,67,Female,31300,Full-Time,696,Augusta,New York,Medium Risk
C03893,37,Female,43100,Full-Time,820,Houston,Illinois,Low Risk
C03894,60,Female,24900,Full-Time,643,Dallas,New York,High Risk
C03895,48,Male,39800,Retired,543,Phoenix,Illinois,Very High Risk
C03896,32,Male,61000,Full-Time,573,Miami,Arizona,Very High Risk
C03897,47,Female,128500,Full-Time,640,Mesa,Florida,High Risk
C03898,62,Male,78200,Full-Time,730,Houston,New York,Medium Risk
C03899,67,Male,72200,Full-Time,603,Jacksonville,Virginia,High Risk
C03900,50,Male,39000,Self-Employed,639,Houston,New York,High Risk
C03901,61,Female,44900,Retired,596,Rochester,Illinois,Very High Risk
C03902,54,Male,46400,Full-Time,641,Fresno,Georgia,High Risk
C03903,57,Male,47300,Unemployed,791,Houston,Georgia,Low Risk
C03904,26,Male,55500,Self-Employed,717,Richmond,New York,Medium Risk
C03905,27,Female,57400,Full-Time,647,Atlanta,New York,High Risk
C03906,52,Male,55800,Unemployed,782,San Jose,Arizona,Low Risk
C03907,52,Male,48100,Part-Time,692,Arlington,Virginia,Medium Risk
C03908,45,Female,69100,Full-Time,700,Houston,Florida,Medium Risk
C03909,53,Female,56400,Part-Time,776,Fresno,Illinois,Low Risk
C03910,27,Female,31700,Full-Time,664,Orlando,Illinois,High Risk
C03911,32,Female,66000,Full-Time,759,Tempe,Texas,Low Risk
C03912,36,Male,61700,Self-Employed,753,Irving,Illinois,Low Risk
C03913,36,Male,31900,Self-Employed,679,Fresno,Virginia,High Risk
C03914,63,Male,49800,Self-Employed,585,San Jose,Virginia,Very High Risk
C03915,56,Female,85000,Full-Time,691,Richmond,Florida,Medium Risk
C03916,33,Male,39000,Retired,775,Houston,New York,Low Risk
C03917,27,Female,37200,Full-Time,751,Atlanta,Arizona,Low Risk
C03918,56,Female,56200,Full-Time,818,Dallas,Texas,Low Risk
C03919,67,Male,86000,Full-Time,653,Atlanta,Arizona,High Risk
C03920,29,Male,146800,Full-Time,748,Norfolk,Arizona,Medium Risk
C03921,52,Male,87400,Full-Time,615,Jacksonville,New York,High Risk
C03922,31,Male,105900,Part-Time,705,Tempe,Illinois,Medium Risk
C03923,28,Male,76000,Unemployed,773,Norfolk,California,Low Risk
C03924,53,Female,47800,Retired,758,Norfolk,Virginia,Low Risk
C03925,43,Male,87200,Self-Employed,698,Irving,New York,Medium Risk
C03926,45,Male,62500,Full-Time,670,Augusta,Georgia,High Risk
C03927,28,Male,77000,Self-Employed,615,Atlanta,Illinois,High Risk
C03928,65,Female,42500,Self-Employed,673,Savannah,Georgia,High Risk
C03929,42,Female,80200,Full-Time,592,Miami,Florida,Very High Risk
C03930,24,Female,61600,Self-Employed,664,Rochester,Georgia,High Risk
C03931,60,Female,72100,Full-Time,555,San Jose,Illinois,Very High Risk
C03932,23,Male,62600,Full-Time,591,Tampa,Texas,Very High Risk
C03933,49,Male,57400,Full-Time,754,Mesa,Georgia,Low Risk
C03934,61,Male,80800,Part-Time,746,Austin,Virginia,Medium Risk
C03935,49,Male,54100,Self-Employed,668,Richmond,California,High Risk
C03936,54,Female,31800,Full-Time,695,Houston,Arizona,Medium Risk
C03937,54,Male,28000,Full-Time,705,Chicago,California,Medium Risk
C03938,48,Male,70600,Unemployed,725,Arlington,California,Medium Risk
C03939,33,Female,53200,Retired,716,Savannah,Georgia,Medium Risk
C03940,35,Female,29900,Full-Time,590,Atlanta,Florida,Very High Risk
C03941,43,Female,68200,Full-Time,507,Augusta,California,Very High Risk
C03942,64,Male,62300,Part-Time,614,Augusta,New York,High Risk
C03943,46,Female,51900,Full-Time,678,Jacksonville,Arizona,High Risk
C03944,24,Female,72600,Full-Time,762,Richmond,Virginia,Low Risk
C03945,46,Male,117500,Full-Time,708,Los Angeles,Florida,Medium Risk
C03946,60,Female,115900,Self-Employed,730,Austin,Illinois,Medium Risk
C03947,29,Female,69300,Self-Employed,623,New York,Texas,High Risk
C03948,25,Male,62600,Full-Time,685,San Diego,Florida,Medium Risk
C03949,52,Male,69800,Full-Time,695,Austin,Arizona,Medium Risk
C03950,40,Male,74700,Full-Time,633,Los Angeles,Arizona,High Risk
C03951,31,Male,57600,Full-Time,610,Jacksonville,Texas,High Risk
C03952,35,Female,70300,Full-Time,673,New York,Florida,High Risk
C03953,52,Male,32000,Full-Time,740,Buffalo,Illinois,Medium Risk
C03954,48,Female,67400,Full-Time,622,Richmond,Texas,High Risk
C03955,42,Female,80600,Full-Time,674,Rochester,Arizona,High Risk
C03956,61,Female,52100,Part-Time,792,Dallas,Florida,Low Risk
C03957,37,Male,62300,Part-Time,651,Buffalo,Arizona,High Risk
C03958,46,Male,39400,Full-Time,691,Tempe,Texas,Medium Risk
C03959,64,Male,37000,Full-Time,682,San Diego,California,Medium Risk
C03960,27,Male,71500,Full-Time,676,Norfolk,Arizona,High Risk
C03961,62,Male,46800,Part-Time,815,Fresno,California,Low Risk
C03962,46,Female,29200,Full-Time,713,Buffalo,Georgia,Medium Risk
C03963,45,Male,39400,Full-Time,572,New York,California,Very High Risk
C03964,30,Female,42100,Part-Time,805,Naperville,New York,Low Risk
C03965,65,Male,92100,Self-Employed,711,Norfolk,California,Medium Risk
C03966,39,Female,70500,Full-Time,662,Tempe,California,High Risk
C03967,31,Female,43900,Full-Time,791,Aurora,Illinois,Low Risk
C03968,33,Male,49900,Retired,632,Fresno,Virginia,High Risk
C03969,28,Female,117300,Retired,819,Dallas,Texas,Low Risk
C03970,60,Female,99100,Full-Time,697,Tampa,Texas,Medium Risk
C03971,24,Female,39300,Self-Employed,765,Miami,California,Low Risk
C03972,67,Female,109700,Part-Time,850,San Diego,Texas,Low Risk
C03973,51,Male,62700,Retired,704,New York,Florida,Medium Risk
C03974,48,Male,93200,Full-Time,683,Richmond,Georgia,Medium Risk
C03975,31,Male,60400,Self-Employed,610,Dallas,Arizona,High Risk
C03976,63,Female,110800,Self-Employed,681,Buffalo,California,Medium Risk
C03977,21,Female,38600,Full-Time,612,Augusta,Georgia,High Risk
C03978,67,Female,57900,Self-Employed,676,Dallas,California,High Risk
C03979,58,Male,112400,Full-Time,850,Jacksonville,New York,Low Risk
C03980,44,Female,22100,Full-Time,699,Atlanta,Georgia,Medium Risk
C03981,67,Female,63700,Full-Time,648,Phoenix,Florida,High Risk
C03982,51,Male,54500,Retired,674,Plano,California,High Risk
C03983,61,Male,88500,Full-Time,659,Austin,California,High Risk
C03984,66,Male,105200,Part-Time,769,Houston,Texas,Low Risk
C03985,46,Female,90300,Part-Time,683,Rochester,California,Medium Risk
C03986,25,Female,72400,Full-Time,811,Augusta,Georgia,Low Risk
C03987,40,Male,66200,Full-Time,666,Tampa,Georgia,High Risk
C03988,61,Male,55700,Self-Employed,671,Mesa,California,High Risk
C03989,31,Female,71400,Retired,623,Houston,California,High Risk
C03990,53,Female,125400,Full-Time,661,Augusta,California,High Risk
C03991,58,Female,44700,Full-Time,560,Tampa,New York,Very High Risk
C03992,47,Female,54200,Full-Time,530,San Diego,Florida,Very High Risk
C03993,54,Male,62800,Full-Time,737,Atlanta,Virginia,Medium Risk
C03994,35,Male,102000,Full-Time,559,Augusta,Arizona,Very High Risk
C03995,52,Male,71900,Full-Time,720,Austin,Virginia,Medium Risk
C03996,41,Female,101200,Full-Time,652,Irving,Georgia,High Risk
C03997,66,Male,103500,Full-Time,760,Tampa,New York,Low Risk
C03998,25,Female,84800,Self-Employed,561,Tampa,Arizona,Very High Risk
C03999,26,Male,40300,Retired,735,Arlington,Texas,Medium Risk
C04000,58,Female,137300,Full-Time,715,Richmond,Illinois,Medium Risk
C04001,42,Male,122700,Part-Time,717,Atlanta,California,Medium Risk
C04002,38,Male,66900,Full-Time,774,Phoenix,Georgia,Low Risk
C04003,34,Female,34900,Unemployed,695,Augusta,Arizona,Medium Risk
C04004,30,Male,32200,Part-Time,506,San Diego,Texas,Very High Risk
C04005,66,Female,72900,Self-Employed,724,Augusta,Georgia,Medium Risk
C04006,33,Female,47400,Full-Time,714,Tampa,Virginia,Medium Risk
C04007,51,Male,30000,Part-Time,672,Plano,Virginia,High Risk
C04008,50,Female,31900,Full-Time,627,New York,Illinois,High Risk
C04009,23,Female,52600,Full-Time,663,Phoenix,Arizona,High Risk
C04010,50,Male,71000,Full-Time,799,Rochester,California,Low Risk
C04011,26,Female,122400,Part-Time,621,Tempe,Georgia,High Risk
C04012,49,Male,80800,Self-Employed,559,San Diego,California,Very High Risk
C04013,28,Male,54700,Full-Time,580,Houston,Illinois,Very High Risk
C04014,64,Female,77100,Full-Time,687,Atlanta,New York,Medium Risk
C04015,65,Male,74100,Full-Time,815,Norfolk,Arizona,Low Risk
C04016,63,Male,90700,Full-Time,850,Irving,Illinois,Low Risk
C04017,64,Male,63800,Part-Time,739,New York,Illinois,Medium Risk
C04018,53,Male,103600,Full-Time,616,Fresno,Georgia,High Risk
C04019,37,Female,94200,Full-Time,624,Irving,Virginia,High Risk
C04020,31,Female,67500,Full-Time,756,Plano,Arizona,Low Risk
C04021,33,Female,61600,Part-Time,790,Irving,Florida,Low Risk
C04022,31,Female,98300,Full-Time,642,Austin,California,High Risk
C04023,51,Male,47100,Retired,797,Miami,Arizona,Low Risk
C04024,48,Male,33000,Full-Time,673,San Jose,Virginia,High Risk
C04025,64,Male,32900,Self-Employed,744,Richmond,Georgia,Medium Risk
C04026,26,Female,45400,Full-Time,776,Miami,California,Low Risk
C04027,61,Male,87500,Full-Time,579,Plano,New York,Very High Risk
C04028,36,Male,53700,Full-Time,724,New York,Arizona,Medium Risk
C04029,24,Female,71300,Full-Time,797,Arlington,New York,Low Risk
C04030,55,Female,52000,Full-Time,648,Houston,Florida,High Risk
C04031,46,Male,52200,Full-Time,611,Savannah,Florida,High Risk
C04032,32,Male,41000,Full-Time,727,Tampa,Florida,Medium Risk
C04033,31,Female,62400,Full-Time,700,Atlanta,Virginia,Medium Risk
C04034,57,Female,60100,Self-Employed,665,New York,New York,High Risk
C04035,45,Male,78300,Self-Employed,690,Rochester,Illinois,Medium Risk
C04036,38,Male,74000,Full-Time,565,Irving,Virginia,Very High Risk
C04037,39,Female,59500,Full-Time,720,Richmond,Georgia,Medium Risk
C04038,43,Female,33000,Full-Time,809,Rochester,California,Low Risk
C04039,58,Female,105200,Full-Time,636,Arlington,California,High Risk
C04040,38,Male,62600,Self-Employed,628,Houston,Georgia,High Risk
C04041,46,Female,67400,Part-Time,703,Austin,Texas,Medium Risk
C04042,26,Male,133600,Full-Time,850,Dallas,New York,Low Risk
C04043,24,Male,97800,Full-Time,772,Houston,New York,Low Risk
C04044,64,Female,79500,Self-Employed,683,Fresno,Florida,Medium Risk
C04045,49,Female,64900,Full-Time,693,Dallas,Virginia,Medium Risk
C04046,54,Female,64700,Full-Time,780,Rochester,Arizona,Low Risk
C04047,37,Male,72400,Part-Time,622,Phoenix,Arizona,High Risk
C04048,63,Female,78100,Full-Time,736,Austin,Georgia,Medium Risk
C04049,63,Male,140400,Full-Time,606,Tempe,Texas,High Risk
C04050,36,Female,197800,Unemployed,759,Los Angeles,Texas,Low Risk
C04051,22,Male,74100,Full-Time,668,Jacksonville,New York,High Risk
C04052,54,Female,24700,Self-Employed,705,Chicago,Florida,Medium Risk
C04053,28,Female,42400,Full-Time,663,Buffalo,California,High Risk
C04054,33,Male,146900,Part-Time,742,Richmond,Florida,Medium Risk
C04055,62,Male,89800,Unemployed,677,Savannah,California,High Risk
C04056,28,Female,78700,Full-Time,850,Tampa,Arizona,Low Risk
C04057,50,Female,60300,Self-Employed,796,San Jose,New York,Low Risk
C04058,52,Male,38100,Self-Employed,592,Arlington,Virginia,Very High Risk
C04059,56,Male,138300,Full-Time,704,Rochester,Florida,Medium Risk
C04060,67,Male,44900,Self-Employed,745,Austin,Texas,Medium Risk
C04061,50,Female,90200,Unemployed,656,Norfolk,Georgia,High Risk
C04062,21,Male,36200,Full-Time,781,Norfolk,Illinois,Low Risk
C04063,63,Male,59000,Full-Time,772,Houston,Texas,Low Risk
C04064,59,Female,101600,Full-Time,684,San Diego,Arizona,Medium Risk
C04065,37,Female,58100,Full-Time,764,Buffalo,Georgia,Low Risk
C04066,40,Male,55100,Full-Time,509,Orlando,California,Very High Risk
C04067,44,Female,65300,Full-Time,792,Rochester,New York,Low Risk
C04068,42,Female,35600,Full-Time,756,Augusta,Florida,Low Risk
C04069,49,Male,32700,Full-Time,608,New York,Arizona,High Risk
C04070,42,Male,89600,Full-Time,709,Phoenix,Arizona,Medium Risk
C04071,64,Female,53800,Full-Time,538,Jacksonville,New York,Very High Risk
C04072,29,Male,89300,Full-Time,633,Fresno,New York,High Risk
C04073,57,Male,107500,Self-Employed,772,Mesa,California,Low Risk
C04074,30,Male,111500,Full-Time,689,Aurora,New York,Medium Risk
C04075,56,Female,31300,Full-Time,685,Austin,Florida,Medium Risk
C04076,57,Female,47500,Full-Time,693,Atlanta,Arizona,Medium Risk
C04077,48,Female,82800,Full-Time,685,Augusta,Texas,Medium Risk
C04078,48,Male,83400,Full-Time,764,Irving,New York,Low Risk
C04079,62,Female,178900,Self-Employed,644,Augusta,Florida,High Risk
C04080,63,Female,43200,Full-Time,721,Arlington,Florida,Medium Risk
C04081,41,Male,110000,Retired,604,Tempe,California,High Risk
C04082,44,Female,76900,Full-Time,746,Plano,New York,Medium Risk
C04083,62,Male,31100,Full-Time,666,Augusta,Arizona,High Risk
C04084,60,Female,50800,Self-Employed,687,Mesa,California,Medium Risk
C04085,22,Male,73200,Self-Employed,663,Savannah,Texas,High Risk
C04086,28,Female,30200,Part-Time,672,Chicago,Texas,High Risk
C04087,47,Female,25600,Retired,615,Rochester,Georgia,High Risk
C04088,42,Female,29400,Full-Time,715,Tempe,Virginia,Medium Risk
C04089,57,Male,73000,Self-Employed,732,Atlanta,Florida,Medium Risk
C04090,47,Male,52300,Full-Time,590,Tempe,New York,Very High Risk
C04091,49,Male,49200,Self-Employed,645,Jacksonville,Georgia,High Risk
C04092,23,Female,49900,Full-Time,692,Atlanta,Arizona,Medium Risk
C04093,64,Female,34200,Full-Time,645,Orlando,Florida,High Risk
C04094,33,Male,52900,Part-Time,673,San Jose,Arizona,High Risk
C04095,65,Male,28700,Full-Time,811,Mesa,New York,Low Risk
C04096,30,Female,110900,Full-Time,614,Savannah,Virginia,High Risk
C04097,56,Female,139200,Full-Time,517,Irving,California,Very High Risk
C04098,29,Male,22800,Part-Time,645,Plano,Texas,High Risk
C04099,47,Male,52600,Unemployed,665,Mesa,Georgia,High Risk
C04100,54,Male,54200,Part-Time,653,Arlington,Arizona,High Risk
C04101,21,Female,60100,Self-Employed,710,Houston,Georgia,Medium Risk
C04102,52,Female,102000,Full-Time,613,Austin,Texas,High Risk
C04103,45,Female,52700,Full-Time,602,Plano,California,High Risk
C04104,49,Male,62500,Full-Time,639,Austin,Illinois,High Risk
C04105,27,Female,248400,Full-Time,641,Rochester,Illinois,High Risk
C04106,23,Male,61800,Full-Time,849,Atlanta,Arizona,Low Risk
C04107,40,Male,143900,Full-Time,806,Fresno,Illinois,Low Risk
C04108,40,Female,81500,Full-Time,565,Los Angeles,New York,Very High Risk
C04109,50,Male,50700,Part-Time,545,Richmond,Georgia,Very High Risk
C04110,55,Male,47000,Full-Time,684,Buffalo,California,Medium Risk
C04111,55,Female,64800,Self-Employed,833,Irving,New York,Low Risk
C04112,59,Male,39200,Self-Employed,740,Fresno,New York,Medium Risk
C04113,47,Female,44100,Self-Employed,688,Tempe,Arizona,Medium Risk
C04114,46,Female,53700,Retired,656,Los Angeles,California,High Risk
C04115,34,Male,74200,Full-Time,771,Austin,New York,Low Risk
C04116,37,Male,147800,Part-Time,703,Phoenix,Arizona,Medium Risk
C04117,38,Male,52300,Self-Employed,820,Jacksonville,Georgia,Low Risk
C04118,65,Male,80000,Full-Time,563,Richmond,California,Very High Risk
C04119,49,Male,31200,Self-Employed,722,Augusta,Virginia,Medium Risk
C04120,40,Female,104700,Full-Time,648,Norfolk,Illinois,High Risk
C04121,47,Male,30000,Part-Time,721,Buffalo,Illinois,Medium Risk
C04122,38,Male,93100,Full-Time,709,Orlando,New York,Medium Risk
C04123,24,Female,62700,Retired,728,Rochester,Texas,Medium Risk
C04124,21,Female,61600,Self-Employed,763,Buffalo,California,Low Risk
C04125,21,Female,56800,Unemployed,794,Tempe,Florida,Low Risk
C04126,46,Male,36200,Part-Time,836,Norfolk,Arizona,Low Risk
C04127,65,Female,37100,Full-Time,691,Los Angeles,Virginia,Medium Risk
C04128,40,Female,94700,Full-Time,649,New York,Florida,High Risk
C04129,43,Male,65400,Unemployed,598,Orlando,New York,Very High Risk
C04130,30,Male,56600,Full-Time,723,Richmond,Texas,Medium Risk
C04131,31,Male,79400,Full-Time,753,Atlanta,California,Low Risk
C04132,61,Female,68000,Full-Time,589,Miami,Illinois,Very High Risk
C04133,61,Male,45500,Full-Time,776,Rochester,New York,Low Risk
C04134,25,Female,196700,Part-Time,682,Tampa,California,Medium Risk
C04135,21,Female,90700,Full-Time,596,San Diego,California,Very High Risk
C04136,37,Female,68800,Part-Time,626,San Diego,California,High Risk
C04137,42,Male,51600,Self-Employed,619,Arlington,Texas,High Risk
C04138,54,Male,99800,Full-Time,621,Tempe,California,High Risk
C04139,65,Male,45600,Full-Time,733,Aurora,Texas,Medium Risk
C04140,61,Male,43900,Full-Time,755,Buffalo,Texas,Low Risk
C04141,49,Female,139300,Retired,817,Arlington,Georgia,Low Risk
C04142,24,Male,65900,Full-Time,638,Los Angeles,Virginia,High Risk
C04143,25,Male,46100,Full-Time,716,Naperville,California,Medium Risk
C04144,31,Male,65200,Part-Time,641,San Jose,Georgia,High Risk
C04145,41,Male,95300,Full-Time,692,Atlanta,Illinois,Medium Risk
C04146,55,Female,86000,Retired,579,Buffalo,Georgia,Very High Risk
C04147,32,Female,100800,Unemployed,606,Houston,Virginia,High Risk
C04148,46,Female,37000,Full-Time,750,Aurora,Georgia,Low Risk
C04149,39,Male,99600,Part-Time,579,Jacksonville,Virginia,Very High Risk
C04150,65,Female,60000,Full-Time,736,Augusta,Arizona,Medium Risk
C04151,27,Female,67700,Part-Time,639,Augusta,Arizona,High Risk
C04152,67,Male,112000,Self-Employed,546,Dallas,Arizona,Very High Risk
C04153,27,Male,89200,Full-Time,500,Norfolk,California,Very High Risk
C04154,46,Female,76100,Full-Time,800,San Jose,Illinois,Low Risk
C04155,60,Female,26600,Unemployed,547,Naperville,New York,Very High Risk
C04156,25,Female,63700,Full-Time,685,Chicago,Florida,Medium Risk
C04157,41,Male,45700,Part-Time,717,Miami,New York,Medium Risk
C04158,34,Male,89500,Full-Time,592,Dallas,Texas,Very High Risk
C04159,24,Female,101500,Full-Time,648,Dallas,Virginia,High Risk
C04160,43,Female,56700,Self-Employed,726,Savannah,New York,Medium Risk
C04161,62,Male,48100,Full-Time,712,Irving,Florida,Medium Risk
C04162,40,Female,130900,Part-Time,655,Dallas,Virginia,High Risk
C04163,35,Male,49500,Full-Time,708,Savannah,Florida,Medium Risk
C04164,65,Female,38000,Full-Time,682,Phoenix,Illinois,Medium Risk
C04165,49,Female,44700,Unemployed,617,Savannah,Arizona,High Risk
C04166,28,Female,50600,Full-Time,780,Mesa,New York,Low Risk
C04167,61,Male,44100,Unemployed,706,Atlanta,Texas,Medium Risk
C04168,39,Male,95100,Unemployed,552,Jacksonville,Georgia,Very High Risk
C04169,59,Female,24200,Retired,729,Fresno,Georgia,Medium Risk
C04170,66,Female,43700,Unemployed,644,Rochester,Texas,High Risk
C04171,48,Female,63600,Full-Time,668,Norfolk,Illinois,High Risk
C04172,66,Female,71500,Retired,691,San Jose,Virginia,Medium Risk
C04173,47,Female,139200,Full-Time,631,New York,Georgia,High Risk
C04174,24,Male,130300,Full-Time,825,Chicago,Illinois,Low Risk
C04175,35,Male,31600,Full-Time,578,Houston,Georgia,Very High Risk
C04176,55,Male,27500,Full-Time,694,San Diego,Georgia,Medium Risk
C04177,57,Male,65700,Part-Time,719,Chicago,New York,Medium Risk
C04178,21,Female,48000,Full-Time,693,Norfolk,Illinois,Medium Risk
C04179,23,Male,38000,Full-Time,676,Tempe,Florida,High Risk
C04180,67,Male,65500,Full-Time,662,Rochester,Texas,High Risk
C04181,44,Female,72100,Full-Time,630,New York,Georgia,High Risk
C04182,47,Female,44600,Self-Employed,628,Rochester,Arizona,High Risk
C04183,60,Female,49100,Full-Time,777,Arlington,Florida,Low Risk
C04184,56,Male,46100,Full-Time,657,Plano,California,High Risk
C04185,54,Female,54000,Full-Time,850,Tempe,Florida,Low Risk
C04186,49,Male,82900,Full-Time,740,Buffalo,Arizona,Medium Risk
C04187,44,Male,40000,Part-Time,490,Orlando,Texas,Very High Risk
C04188,44,Male,48700,Full-Time,756,Jacksonville,California,Low Risk
C04189,62,Male,54300,Full-Time,686,Houston,New York,Medium Risk
C04190,24,Male,64800,Full-Time,586,Tempe,Arizona,Very High Risk
C04191,23,Female,73600,Full-Time,788,Dallas,California,Low Risk
C04192,54,Male,162900,Retired,657,Buffalo,Illinois,High Risk
C04193,43,Female,84100,Full-Time,651,Tampa,Texas,High Risk
C04194,43,Male,85000,Self-Employed,718,Savannah,Illinois,Medium Risk
C04195,65,Male,57700,Self-Employed,776,Fresno,Florida,Low Risk
C04196,25,Male,41800,Full-Time,699,San Diego,New York,Medium Risk
C04197,51,Female,51200,Retired,693,Austin,Texas,Medium Risk
C04198,61,Female,47200,Self-Employed,638,Rochester,New York,High Risk
C04199,26,Female,77500,Part-Time,774,Houston,Georgia,Low Risk
C04200,57,Female,30900,Full-Time,699,Richmond,Texas,Medium Risk
C04201,30,Female,84900,Full-Time,673,Phoenix,Arizona,High Risk
C04202,60,Female,61700,Full-Time,664,New York,Illinois,High Risk
C04203,27,Female,90400,Full-Time,767,Augusta,Florida,Low Risk
C04204,59,Male,46900,Self-Employed,670,Jacksonville,California,High Risk
C04205,58,Female,43300,Unemployed,767,Atlanta,Virginia,Low Risk
C04206,41,Male,54100,Full-Time,655,Naperville,Virginia,High Risk
C04207,40,Male,53500,Self-Employed,744,Arlington,New York,Medium Risk
C04208,23,Male,93400,Self-Employed,706,Plano,Texas,Medium Risk
C04209,42,Male,93000,Full-Time,619,Miami,Texas,High Risk
C04210,67,Male,153200,Full-Time,683,Norfolk,Georgia,Medium Risk
C04211,24,Male,52000,Full-Time,526,Mesa,New York,Very High Risk
C04212,48,Female,22000,Self-Employed,634,Naperville,California,High Risk
C04213,32,Male,54100,Self-Employed,572,Buffalo,Florida,Very High Risk
C04214,58,Male,72100,Full-Time,840,San Diego,Texas,Low Risk
C04215,56,Female,89700,Full-Time,573,Buffalo,Virginia,Very High Risk
C04216,67,Male,74500,Self-Employed,850,Chicago,Texas,Low Risk
C04217,61,Male,52000,Self-Employed,729,Tempe,New York,Medium Risk
C04218,25,Male,140600,Full-Time,651,Rochester,New York,High Risk
C04219,33,Male,40800,Full-Time,750,Chicago,Texas,Low Risk
C04220,43,Male,57400,Self-Employed,642,Norfolk,Texas,High Risk
C04221,50,Male,40000,Full-Time,584,Rochester,Georgia,Very High Risk
C04222,57,Male,65600,Full-Time,696,Aurora,Texas,Medium Risk
C04223,45,Female,132900,Self-Employed,743,Chicago,Illinois,Medium Risk
C04224,47,Female,61000,Full-Time,786,Houston,Texas,Low Risk
C04225,34,Female,61200,Self-Employed,727,Plano,Florida,Medium Risk
C04226,67,Male,30300,Full-Time,650,Chicago,Florida,High Risk
C04227,56,Male,57100,Full-Time,794,Chicago,Arizona,Low Risk
C04228,59,Female,109100,Full-Time,777,Plano,Georgia,Low Risk
C04229,36,Male,58100,Full-Time,710,Augusta,California,Medium Risk
C04230,42,Female,56300,Full-Time,781,Plano,New York,Low Risk
C04231,41,Male,106900,Part-Time,850,Buffalo,California,Low Risk
C04232,41,Female,56400,Full-Time,649,Norfolk,Texas,High Risk
C04233,28,Male,116300,Retired,623,Norfolk,New York,High Risk
C04234,36,Male,36500,Full-Time,647,Rochester,Texas,High Risk
C04235,51,Female,88200,Full-Time,589,Orlando,New York,Very High Risk
C04236,62,Female,136400,Full-Time,734,Plano,Georgia,Medium Risk
C04237,30,Male,102300,Part-Time,569,San Jose,Arizona,Very High Risk
C04238,52,Female,28100,Full-Time,785,Savannah,Illinois,Low Risk
C04239,54,Male,48800,Full-Time,640,Tempe,Virginia,High Risk
C04240,29,Male,58300,Unemployed,792,Tampa,Arizona,Low Risk
C04241,37,Female,102400,Full-Time,498,New York,Illinois,Very High Risk
C04242,31,Female,35700,Full-Time,661,Norfolk,Illinois,High Risk
C04243,52,Female,41100,Full-Time,593,New York,Arizona,Very High Risk
C04244,30,Male,31600,Part-Time,792,Tempe,Georgia,Low Risk
C04245,42,Male,44800,Full-Time,816,Tampa,Arizona,Low Risk
C04246,37,Female,37000,Self-Employed,514,Plano,California,Very High Risk
C04247,24,Male,133400,Part-Time,755,New York,New York,Low Risk
C04248,67,Male,48600,Part-Time,770,Phoenix,California,Low Risk
C04249,45,Male,88700,Full-Time,714,Mesa,Virginia,Medium Risk
C04250,41,Male,65500,Retired,734,Tampa,New York,Medium Risk
C04251,57,Male,65100,Full-Time,729,Tempe,Virginia,Medium Risk
C04252,58,Male,49800,Full-Time,755,Fresno,Virginia,Low Risk
C04253,21,Female,91900,Full-Time,608,San Jose,Texas,High Risk
C04254,45,Female,69700,Self-Employed,780,Atlanta,Virginia,Low Risk
C04255,56,Male,67900,Full-Time,706,Rochester,Illinois,Medium Risk
C04256,37,Male,49800,Full-Time,701,Miami,Illinois,Medium Risk
C04257,61,Male,53600,Self-Employed,732,San Diego,New York,Medium Risk
C04258,44,Male,84700,Full-Time,595,Buffalo,California,Very High Risk
C04259,22,Female,72100,Full-Time,573,Mesa,California,Very High Risk
C04260,60,Female,68700,Part-Time,681,Fresno,Florida,Medium Risk
C04261,35,Female,46300,Self-Employed,806,Houston,Illinois,Low Risk
C04262,52,Female,155900,Full-Time,601,Phoenix,Illinois,High Risk
C04263,59,Male,52400,Full-Time,703,Los Angeles,California,Medium Risk
C04264,26,Male,64100,Retired,636,Norfolk,Illinois,High Risk
C04265,21,Female,59800,Part-Time,626,Tampa,California,High Risk
C04266,67,Female,156600,Full-Time,728,Buffalo,Florida,Medium Risk
C04267,43,Male,57000,Self-Employed,747,Naperville,New York,Medium Risk
C04268,59,Male,54700,Full-Time,631,Richmond,Virginia,High Risk
C04269,37,Female,68600,Full-Time,794,Augusta,New York,Low Risk
C04270,54,Male,47600,Full-Time,722,Tempe,Florida,Medium Risk
C04271,61,Female,68300,Full-Time,672,Plano,Illinois,High Risk
C04272,49,Female,189000,Self-Employed,716,Norfolk,Arizona,Medium Risk
C04273,29,Male,74400,Full-Time,843,Naperville,Texas,Low Risk
C04274,33,Female,73200,Full-Time,747,Tempe,Illinois,Medium Risk
C04275,26,Female,47100,Unemployed,638,Atlanta,Virginia,High Risk
C04276,26,Female,140300,Full-Time,689,Atlanta,California,Medium Risk
C04277,40,Male,155500,Part-Time,700,Plano,Georgia,Medium Risk
C04278,23,Male,95400,Full-Time,740,Buffalo,Virginia,Medium Risk
C04279,37,Female,87200,Part-Time,708,Arlington,Texas,Medium Risk
C04280,32,Male,58500,Full-Time,832,Richmond,Florida,Low Risk
C04281,67,Male,77500,Full-Time,673,Tampa,New York,High Risk
C04282,65,Male,44600,Part-Time,560,Dallas,New York,Very High Risk
C04283,21,Female,39200,Part-Time,706,Phoenix,Arizona,Medium Risk
C04284,37,Male,33300,Part-Time,657,New York,Illinois,High Risk
C04285,23,Male,78200,Part-Time,577,Houston,New York,Very High Risk
C04286,46,Male,35000,Full-Time,637,Augusta,Virginia,High Risk
C04287,35,Female,51900,Full-Time,663,Tempe,Illinois,High Risk
C04288,56,Female,63200,Part-Time,775,Orlando,Arizona,Low Risk
C04289,52,Male,101700,Part-Time,579,San Diego,Arizona,Very High Risk
C04290,52,Female,50100,Part-Time,716,Jacksonville,California,Medium Risk
C04291,24,Male,107300,Part-Time,850,New York,California,Low Risk
C04292,38,Female,99200,Full-Time,677,San Diego,Florida,High Risk
C04293,39,Female,40100,Full-Time,675,Augusta,Georgia,High Risk
C04294,63,Female,107700,Full-Time,744,Orlando,California,Medium Risk
C04295,55,Male,57200,Unemployed,729,Atlanta,Illinois,Medium Risk
C04296,60,Female,51900,Self-Employed,796,Atlanta,New York,Low Risk
C04297,34,Female,57300,Full-Time,677,Mesa,California,High Risk
C04298,53,Female,64900,Full-Time,743,Orlando,California,Medium Risk
C04299,34,Male,53900,Full-Time,744,Savannah,Illinois,Medium Risk
C04300,54,Male,44500,Unemployed,665,Fresno,Arizona,High Risk
C04301,24,Female,46400,Unemployed,681,Arlington,California,Medium Risk
C04302,44,Male,69200,Full-Time,689,Norfolk,New York,Medium Risk
C04303,49,Female,60500,Self-Employed,597,Mesa,Georgia,Very High Risk
C04304,39,Male,82400,Full-Time,661,Houston,New York,High Risk
C04305,26,Female,66500,Full-Time,802,Plano,Arizona,Low Risk
C04306,53,Male,67300,Self-Employed,768,Plano,Georgia,Low Risk
C04307,60,Male,84900,Part-Time,647,Mesa,New York,High Risk
C04308,39,Male,123100,Self-Employed,689,Fresno,Virginia,Medium Risk
C04309,21,Male,125300,Full-Time,763,Naperville,Virginia,Low Risk
C04310,25,Female,118800,Full-Time,723,Buffalo,Arizona,Medium Risk
C04311,47,Female,96200,Full-Time,750,Savannah,New York,Low Risk
C04312,36,Female,166100,Full-Time,730,Savannah,Texas,Medium Risk
C04313,26,Female,79200,Full-Time,706,Aurora,Arizona,Medium Risk
C04314,60,Female,75300,Full-Time,678,Rochester,New York,High Risk
C04315,33,Male,178400,Full-Time,600,Plano,Arizona,High Risk
C04316,55,Male,22000,Full-Time,742,Richmond,Arizona,Medium Risk
C04317,39,Male,59000,Self-Employed,673,Tampa,Texas,High Risk
C04318,32,Female,114200,Part-Time,566,Dallas,New York,Very High Risk
C04319,36,Male,101000,Part-Time,649,Plano,Arizona,High Risk
C04320,63,Male,206200,Full-Time,754,New York,Arizona,Low Risk
C04321,30,Female,68200,Full-Time,546,Arlington,New York,Very High Risk
C04322,45,Female,53500,Full-Time,613,San Diego,Illinois,High Risk
C04323,40,Female,56000,Full-Time,700,Chicago,Georgia,Medium Risk
C04324,51,Female,75000,Full-Time,795,Buffalo,New York,Low Risk
C04325,24,Female,134800,Full-Time,765,Chicago,California,Low Risk
C04326,64,Male,135600,Part-Time,803,Fresno,New York,Low Risk
C04327,43,Female,63400,Retired,706,Jacksonville,Virginia,Medium Risk
C04328,22,Female,72800,Full-Time,674,Plano,Florida,High Risk
C04329,42,Male,49400,Self-Employed,753,Arlington,Virginia,Low Risk
C04330,57,Male,51700,Full-Time,623,Buffalo,Illinois,High Risk
C04331,28,Male,104100,Part-Time,617,Atlanta,Illinois,High Risk
C04332,27,Male,133700,Part-Time,603,Orlando,New York,High Risk
C04333,34,Female,47500,Unemployed,772,Naperville,Florida,Low Risk
C04334,23,Male,72500,Full-Time,627,New York,Arizona,High Risk
C04335,36,Male,58300,Full-Time,765,Arlington,Georgia,Low Risk
C04336,39,Female,95900,Full-Time,701,Houston,New York,Medium Risk
C04337,38,Male,54600,Full-Time,773,Arlington,California,Low Risk
C04338,36,Female,27300,Unemployed,607,Orlando,Arizona,High Risk
C04339,28,Female,102100,Self-Employed,643,Rochester,Illinois,High Risk
C04340,53,Male,56700,Self-Employed,724,Phoenix,Arizona,Medium Risk
C04341,32,Female,59400,Full-Time,658,Richmond,Illinois,High Risk
C04342,31,Male,79100,Unemployed,503,Plano,Georgia,Very High Risk
C04343,25,Male,76200,Full-Time,587,Plano,Florida,Very High Risk
C04344,47,Male,79800,Full-Time,607,Fresno,Texas,High Risk
C04345,32,Male,31200,Self-Employed,612,Augusta,Georgia,High Risk
C04346,37,Female,83500,Full-Time,741,Arlington,Florida,Medium Risk
C04347,26,Female,27500,Full-Time,715,Phoenix,Virginia,Medium Risk
C04348,53,Female,91900,Full-Time,702,Savannah,Arizona,Medium Risk
C04349,25,Male,107500,Part-Time,841,Savannah,California,Low Risk
C04350,48,Female,35100,Part-Time,778,Houston,Florida,Low Risk
C04351,34,Female,75400,Full-Time,750,San Jose,Georgia,Low Risk
C04352,25,Male,104600,Self-Employed,578,Phoenix,Texas,Very High Risk
C04353,53,Female,53100,Self-Employed,694,Richmond,Arizona,Medium Risk
C04354,61,Male,88000,Unemployed,712,Aurora,California,Medium Risk
C04355,39,Male,22000,Part-Time,659,Buffalo,California,High Risk
C04356,42,Female,106500,Self-Employed,818,Plano,Virginia,Low Risk
C04357,25,Female,65900,Self-Employed,694,Augusta,Texas,Medium Risk
C04358,22,Male,57900,Full-Time,598,Norfolk,Virginia,Very High Risk
C04359,50,Male,101200,Full-Time,615,Orlando,New York,High Risk
C04360,67,Female,141500,Full-Time,850,Chicago,Florida,Low Risk
C04361,59,Female,80900,Full-Time,658,San Diego,Georgia,High Risk
C04362,24,Male,134100,Full-Time,534,San Jose,California,Very High Risk
C04363,53,Male,32300,Full-Time,645,Miami,Georgia,High Risk
C04364,33,Male,87700,Full-Time,553,Tempe,Florida,Very High Risk
C04365,40,Female,61300,Full-Time,759,Austin,Arizona,Low Risk
C04366,27,Male,45600,Full-Time,543,Jacksonville,Texas,Very High Risk
C04367,35,Male,27300,Self-Employed,585,Phoenix,Virginia,Very High Risk
C04368,43,Male,85600,Self-Employed,690,Chicago,Illinois,Medium Risk
C04369,34,Female,96400,Full-Time,773,Jacksonville,Texas,Low Risk
C04370,43,Female,118900,Full-Time,685,Arlington,Florida,Medium Risk
C04371,39,Female,110400,Full-Time,596,Naperville,California,Very High Risk
C04372,49,Male,45900,Full-Time,704,Augusta,Arizona,Medium Risk
C04373,40,Male,116200,Full-Time,655,Fresno,Florida,High Risk
C04374,49,Female,121800,Self-Employed,775,Savannah,Arizona,Low Risk
C04375,44,Female,57800,Full-Time,754,Rochester,Illinois,Low Risk
C04376,38,Female,65800,Self-Employed,650,Irving,California,High Risk
C04377,30,Female,42700,Self-Employed,748,Fresno,Arizona,Medium Risk
C04378,61,Female,126600,Full-Time,710,Norfolk,Illinois,Medium Risk
C04379,28,Female,32900,Full-Time,793,Fresno,Arizona,Low Risk
C04380,46,Female,82700,Full-Time,745,Los Angeles,New York,Medium Risk
C04381,49,Female,49700,Full-Time,731,Savannah,Georgia,Medium Risk
C04382,30,Male,39500,Full-Time,790,Miami,Texas,Low Risk
C04383,37,Male,28000,Retired,691,Aurora,New York,Medium Risk
C04384,22,Female,59000,Self-Employed,632,Orlando,Florida,High Risk
C04385,26,Male,36800,Unemployed,705,Tempe,Virginia,Medium Risk
C04386,25,Female,66700,Full-Time,663,Norfolk,New York,High Risk
C04387,48,Male,144100,Full-Time,735,Tempe,Texas,Medium Risk
C04388,61,Male,71100,Full-Time,695,Buffalo,California,Medium Risk
C04389,25,Male,159700,Full-Time,720,San Diego,Georgia,Medium Risk
C04390,38,Male,41800,Full-Time,600,New York,Illinois,High Risk
C04391,46,Male,36500,Part-Time,728,San Jose,Arizona,Medium Risk
C04392,40,Male,40900,Full-Time,594,Naperville,Virginia,Very High Risk
C04393,61,Female,63100,Unemployed,762,Buffalo,California,Low Risk
C04394,47,Male,221300,Retired,762,Naperville,Georgia,Low Risk
C04395,32,Male,30800,Full-Time,716,Aurora,New York,Medium Risk
C04396,27,Male,85900,Self-Employed,713,Chicago,Florida,Medium Risk
C04397,23,Female,47400,Full-Time,673,Austin,New York,High Risk
C04398,30,Female,58800,Full-Time,645,Austin,Texas,High Risk
C04399,54,Female,36900,Self-Employed,689,San Diego,Texas,Medium Risk
C04400,45,Male,96500,Full-Time,839,Norfolk,Florida,Low Risk
C04401,55,Male,63700,Unemployed,707,Miami,Georgia,Medium Risk
C04402,36,Female,106000,Part-Time,589,Mesa,California,Very High Risk
C04403,22,Female,70300,Unemployed,562,Norfolk,Arizona,Very High Risk
C04404,44,Male,27300,Retired,582,Chicago,Arizona,Very High Risk
C04405,30,Male,106500,Full-Time,662,Buffalo,Texas,High Risk
C04406,58,Male,26300,Full-Time,785,San Jose,Texas,Low Risk
C04407,42,Male,28000,Full-Time,613,Chicago,Florida,High Risk
C04408,46,Female,43000,Full-Time,797,Austin,California,Low Risk
C04409,63,Female,43300,Full-Time,703,Houston,Virginia,Medium Risk
C04410,59,Male,121800,Self-Employed,726,Arlington,Virginia,Medium Risk
C04411,47,Male,60200,Full-Time,724,San Jose,New York,Medium Risk
C04412,49,Female,113900,Retired,734,Jacksonville,Illinois,Medium Risk
C04413,67,Female,50300,Self-Employed,659,Dallas,Florida,High Risk
C04414,58,Female,75000,Full-Time,515,Norfolk,California,Very High Risk
C04415,40,Male,80500,Full-Time,646,Aurora,Illinois,High Risk
C04416,47,Female,88900,Full-Time,623,Orlando,Arizona,High Risk
C04417,61,Male,52700,Full-Time,713,Savannah,Florida,Medium Risk
C04418,40,Male,54800,Full-Time,706,Los Angeles,New York,Medium Risk
C04419,64,Male,56800,Full-Time,670,Rochester,New York,High Risk
C04420,39,Female,30900,Part-Time,822,Savannah,California,Low Risk
C04421,40,Male,62600,Full-Time,642,Naperville,California,High Risk
C04422,55,Female,54700,Self-Employed,523,Richmond,New York,Very High Risk
C04423,67,Male,84400,Self-Employed,699,Phoenix,New York,Medium Risk
C04424,22,Male,67700,Full-Time,779,Norfolk,Florida,Low Risk
C04425,50,Male,118600,Full-Time,712,Chicago,Georgia,Medium Risk
C04426,54,Male,67100,Self-Employed,663,Aurora,Arizona,High Risk
C04427,42,Male,50500,Retired,708,Orlando,Georgia,Medium Risk
C04428,23,Male,66700,Full-Time,828,New York,California,Low Risk
C04429,26,Male,90000,Full-Time,624,Tampa,Illinois,High Risk
C04430,35,Male,29300,Full-Time,692,Mesa,New York,Medium Risk
C04431,47,Female,47100,Full-Time,740,Atlanta,Illinois,Medium Risk
C04432,30,Male,47600,Full-Time,709,Tempe,California,Medium Risk
C04433,29,Male,78200,Full-Time,671,Mesa,Arizona,High Risk
C04434,53,Male,82400,Part-Time,658,San Diego,California,High Risk
C04435,52,Male,68000,Full-Time,669,Chicago,Texas,High Risk
C04436,26,Female,22000,Full-Time,730,Irving,New York,Medium Risk
C04437,61,Female,30900,Full-Time,726,Augusta,Arizona,Medium Risk
C04438,56,Male,58400,Self-Employed,847,New York,Georgia,Low Risk
C04439,22,Female,51900,Full-Time,575,Arlington,Georgia,Very High Risk
C04440,49,Female,65200,Retired,822,Tempe,Virginia,Low Risk
C04441,24,Female,52600,Full-Time,675,Richmond,California,High Risk
C04442,21,Female,129500,Full-Time,683,Jacksonville,California,Medium Risk
C04443,39,Male,23200,Full-Time,754,Tempe,New York,Low Risk
C04444,46,Male,74500,Part-Time,754,Tampa,Texas,Low Risk
C04445,45,Female,94300,Full-Time,777,New York,Texas,Low Risk
C04446,30,Female,89100,Part-Time,793,Mesa,Texas,Low Risk
C04447,35,Female,92600,Self-Employed,687,Fresno,Texas,Medium Risk
C04448,42,Female,98800,Self-Employed,794,Houston,Arizona,Low Risk
C04449,41,Male,49500,Full-Time,643,Augusta,Florida,High Risk
C04450,42,Male,39600,Self-Employed,667,Naperville,New York,High Risk
C04451,56,Female,26000,Full-Time,676,Dallas,New York,High Risk
C04452,54,Female,55200,Full-Time,651,Jacksonville,New York,High Risk
C04453,50,Female,45800,Full-Time,694,Los Angeles,Arizona,Medium Risk
C04454,45,Female,109600,Part-Time,757,Dallas,Georgia,Low Risk
C04455,65,Male,57100,Full-Time,739,Mesa,Arizona,Medium Risk
C04456,48,Female,40900,Full-Time,644,Arlington,Texas,High Risk
C04457,21,Female,38100,Full-Time,638,Augusta,Texas,High Risk
C04458,65,Female,159100,Full-Time,626,Chicago,Georgia,High Risk
C04459,24,Male,64400,Full-Time,697,Arlington,Virginia,Medium Risk
C04460,27,Male,45700,Full-Time,571,Austin,Arizona,Very High Risk
C04461,29,Male,68700,Full-Time,623,Chicago,Georgia,High Risk
C04462,56,Male,152600,Full-Time,656,Plano,California,High Risk
C04463,39,Female,54500,Unemployed,769,Augusta,Florida,Low Risk
C04464,21,Male,88500,Full-Time,680,San Diego,Georgia,Medium Risk
C04465,30,Male,110900,Full-Time,765,Dallas,New York,Low Risk
C04466,56,Female,27800,Full-Time,704,Richmond,Florida,Medium Risk
C04467,29,Male,48800,Self-Employed,654,Savannah,Arizona,High Risk
C04468,65,Female,104800,Full-Time,658,Augusta,Georgia,High Risk
C04469,66,Male,47500,Full-Time,603,Buffalo,Virginia,High Risk
C04470,62,Female,78300,Full-Time,850,Houston,New York,Low Risk
C04471,52,Male,46200,Retired,773,Los Angeles,Texas,Low Risk
C04472,52,Male,53200,Full-Time,735,Savannah,Arizona,Medium Risk
C04473,26,Female,50400,Full-Time,592,Jacksonville,Texas,Very High Risk
C04474,58,Female,86600,Full-Time,656,Arlington,New York,High Risk
C04475,37,Male,71200,Full-Time,617,Phoenix,Virginia,High Risk
C04476,30,Female,68000,Full-Time,700,Jacksonville,Illinois,Medium Risk
C04477,47,Male,200900,Self-Employed,620,Atlanta,Arizona,High Risk
C04478,55,Female,142200,Full-Time,640,Dallas,Texas,High Risk
C04479,41,Male,26700,Part-Time,622,Plano,Virginia,High Risk
C04480,45,Male,53200,Full-Time,672,Los Angeles,Virginia,High Risk
C04481,48,Male,193700,Full-Time,695,Richmond,California,Medium Risk
C04482,67,Male,50200,Full-Time,674,Orlando,Georgia,High Risk
C04483,35,Female,166300,Full-Time,805,Aurora,Texas,Low Risk
C04484,24,Male,53700,Part-Time,751,Jacksonville,California,Low Risk
C04485,49,Male,58500,Full-Time,631,Savannah,Virginia,High Risk
C04486,29,Male,95900,Part-Time,714,Tampa,Florida,Medium Risk
C04487,47,Male,62400,Self-Employed,637,Atlanta,Arizona,High Risk
C04488,46,Female,81200,Full-Time,660,San Diego,Texas,High Risk
C04489,39,Female,132000,Unemployed,726,Atlanta,Georgia,Medium Risk
C04490,48,Female,91500,Full-Time,740,San Diego,Texas,Medium Risk
C04491,37,Female,69300,Full-Time,646,Arlington,Georgia,High Risk
C04492,63,Female,138000,Part-Time,607,Tempe,Florida,High Risk
C04493,61,Female,96400,Full-Time,697,San Diego,Georgia,Medium Risk
C04494,62,Male,46700,Full-Time,723,Plano,California,Medium Risk
C04495,40,Male,158400,Self-Employed,642,Orlando,Illinois,High Risk
C04496,65,Male,86800,Retired,751,Dallas,Arizona,Low Risk
C04497,60,Male,59000,Full-Time,738,Savannah,Georgia,Medium Risk
C04498,59,Female,26200,Unemployed,641,Jacksonville,Arizona,High Risk
C04499,43,Female,35000,Full-Time,775,Tampa,Georgia,Low Risk
C04500,67,Male,139700,Retired,777,Jacksonville,Arizona,Low Risk
C04501,52,Female,142200,Full-Time,845,San Diego,California,Low Risk
C04502,67,Male,67500,Self-Employed,818,Tampa,Virginia,Low Risk
C04503,53,Male,29300,Full-Time,622,Chicago,Arizona,High Risk
C04504,66,Female,39900,Unemployed,759,Arlington,New York,Low Risk
C04505,25,Female,31300,Part-Time,756,San Jose,New York,Low Risk
C04506,63,Female,30800,Full-Time,664,Austin,New York,High Risk
C04507,54,Female,161800,Full-Time,724,San Diego,Georgia,Medium Risk
C04508,60,Male,164200,Self-Employed,549,Naperville,Florida,Very High Risk
C04509,31,Male,39300,Part-Time,547,Atlanta,California,Very High Risk
C04510,23,Male,64700,Full-Time,561,San Jose,Georgia,Very High Risk
C04511,53,Female,36500,Full-Time,719,New York,Arizona,Medium Risk
C04512,31,Male,64600,Self-Employed,723,New York,Texas,Medium Risk
C04513,36,Male,135900,Full-Time,669,Plano,Georgia,High Risk
C04514,38,Female,105600,Full-Time,819,Los Angeles,New York,Low Risk
C04515,50,Female,93500,Unemployed,764,Rochester,California,Low Risk
C04516,30,Female,59600,Full-Time,570,Richmond,Texas,Very High Risk
C04517,38,Male,114700,Full-Time,677,Fresno,Virginia,High Risk
C04518,58,Male,87000,Full-Time,620,Richmond,California,High Risk
C04519,39,Male,78000,Unemployed,721,Mesa,Florida,Medium Risk
C04520,56,Female,61700,Full-Time,688,Savannah,New York,Medium Risk
C04521,33,Male,75000,Part-Time,624,Buffalo,Illinois,High Risk
C04522,66,Female,74000,Unemployed,817,Naperville,Georgia,Low Risk
C04523,23,Female,50900,Full-Time,694,Buffalo,Arizona,Medium Risk
C04524,30,Male,45900,Self-Employed,659,Augusta,New York,High Risk
C04525,58,Male,41500,Full-Time,671,Tampa,New York,High Risk
C04526,21,Female,42700,Part-Time,811,Fresno,Florida,Low Risk
C04527,47,Female,59700,Full-Time,758,Rochester,Texas,Low Risk
C04528,66,Female,55500,Part-Time,678,Los Angeles,New York,High Risk
C04529,28,Male,49200,Full-Time,616,Atlanta,Texas,High Risk
C04530,66,Male,47500,Full-Time,627,Norfolk,Texas,High Risk
C04531,62,Female,74100,Retired,654,Arlington,Florida,High Risk
C04532,37,Female,120800,Full-Time,728,Buffalo,New York,Medium Risk
C04533,29,Male,64700,Self-Employed,747,Jacksonville,Georgia,Medium Risk
C04534,26,Male,62800,Full-Time,636,Savannah,Florida,High Risk
C04535,63,Female,42700,Full-Time,750,Phoenix,Florida,Low Risk
C04536,45,Male,58800,Self-Employed,622,Miami,Illinois,High Risk
C04537,59,Female,111100,Full-Time,644,New York,Georgia,High Risk
C04538,48,Male,103700,Unemployed,581,Austin,Florida,Very High Risk
C04539,53,Female,100500,Full-Time,579,Tampa,Illinois,Very High Risk
C04540,57,Female,99000,Full-Time,621,Mesa,Virginia,High Risk
C04541,29,Male,79100,Part-Time,688,Dallas,Texas,Medium Risk
C04542,38,Female,77900,Full-Time,615,Tempe,Georgia,High Risk
C04543,41,Female,72600,Full-Time,802,Savannah,Georgia,Low Risk
C04544,22,Female,53900,Self-Employed,620,Rochester,Texas,High Risk
C04545,63,Male,67500,Full-Time,704,Miami,Virginia,Medium Risk
C04546,58,Female,71600,Full-Time,789,Fresno,California,Low Risk
C04547,60,Female,86400,Self-Employed,697,Aurora,Georgia,Medium Risk
C04548,56,Male,68000,Self-Employed,663,Dallas,Virginia,High Risk
C04549,63,Female,167600,Full-Time,701,Miami,Arizona,Medium Risk
C04550,57,Male,37700,Full-Time,648,San Diego,California,High Risk
C04551,35,Male,91300,Part-Time,615,Miami,Texas,High Risk
C04552,48,Female,63800,Full-Time,736,Tampa,New York,Medium Risk
C04553,38,Male,65100,Full-Time,646,Orlando,California,High Risk
C04554,54,Female,45100,Retired,760,Fresno,Florida,Low Risk
C04555,42,Female,102800,Full-Time,750,Irving,Georgia,Low Risk
C04556,31,Male,87200,Part-Time,702,Arlington,Arizona,Medium Risk
C04557,33,Female,94600,Unemployed,763,Houston,California,Low Risk
C04558,24,Male,70100,Part-Time,649,Atlanta,Georgia,High Risk
C04559,42,Female,56200,Unemployed,749,Norfolk,Texas,Medium Risk
C04560,27,Male,63100,Full-Time,748,Jacksonville,New York,Medium Risk
C04561,63,Male,79000,Full-Time,667,San Jose,Virginia,High Risk
C04562,44,Male,26400,Self-Employed,658,Rochester,Texas,High Risk
C04563,24,Female,96300,Full-Time,715,Dallas,Virginia,Medium Risk
C04564,48,Male,193700,Self-Employed,838,Chicago,New York,Low Risk
C04565,35,Male,80700,Full-Time,673,Buffalo,Virginia,High Risk
C04566,21,Male,57300,Self-Employed,656,Tempe,Georgia,High Risk
C04567,23,Male,60500,Full-Time,778,Buffalo,California,Low Risk
C04568,34,Female,89400,Full-Time,695,Aurora,Florida,Medium Risk
C04569,58,Male,57900,Full-Time,755,Richmond,Florida,Low Risk
C04570,21,Female,96100,Part-Time,801,Los Angeles,Virginia,Low Risk
C04571,58,Male,60100,Full-Time,547,Plano,Virginia,Very High Risk
C04572,58,Female,140600,Part-Time,687,Irving,Virginia,Medium Risk
C04573,41,Male,138800,Full-Time,673,Naperville,Texas,High Risk
C04574,49,Female,56000,Full-Time,618,San Diego,Georgia,High Risk
C04575,25,Male,62700,Self-Employed,546,Fresno,New York,Very High Risk
C04576,30,Female,64300,Full-Time,571,Plano,Virginia,Very High Risk
C04577,48,Female,64700,Full-Time,698,San Diego,California,Medium Risk
C04578,41,Female,42400,Full-Time,650,Tempe,Arizona,High Risk
C04579,27,Female,39800,Part-Time,630,New York,Virginia,High Risk
C04580,23,Female,114100,Unemployed,697,Richmond,New York,Medium Risk
C04581,65,Female,106100,Full-Time,638,Tempe,New York,High Risk
C04582,67,Male,105300,Full-Time,787,Phoenix,New York,Low Risk
C04583,40,Male,63000,Full-Time,643,Buffalo,Georgia,High Risk
C04584,39,Male,152300,Self-Employed,803,Tampa,California,Low Risk
C04585,55,Male,64300,Full-Time,688,Atlanta,Georgia,Medium Risk
C04586,24,Female,95800,Self-Employed,641,Houston,Arizona,High Risk
C04587,25,Female,34800,Full-Time,636,Richmond,New York,High Risk
C04588,21,Male,58600,Self-Employed,804,Jacksonville,Arizona,Low Risk
C04589,24,Female,60600,Full-Time,742,Fresno,Arizona,Medium Risk
C04590,32,Male,63100,Retired,633,Tampa,Georgia,High Risk
C04591,47,Female,35800,Full-Time,699,Miami,Virginia,Medium Risk
C04592,62,Female,89200,Full-Time,513,Fresno,Virginia,Very High Risk
C04593,43,Female,103300,Self-Employed,590,Savannah,Florida,Very High Risk
C04594,45,Female,46500,Part-Time,634,Phoenix,Texas,High Risk
C04595,41,Male,38800,Full-Time,632,San Diego,Illinois,High Risk
C04596,44,Female,46000,Retired,781,Mesa,Virginia,Low Risk
C04597,45,Male,81200,Full-Time,546,Tampa,New York,Very High Risk
C04598,65,Male,49700,Full-Time,583,Rochester,Arizona,Very High Risk
C04599,66,Female,61200,Full-Time,724,Buffalo,Florida,Medium Risk
C04600,52,Male,40100,Full-Time,707,San Diego,Georgia,Medium Risk
C04601,52,Female,158400,Self-Employed,664,San Jose,Arizona,High Risk
C04602,25,Female,67200,Full-Time,844,San Diego,Florida,Low Risk
C04603,56,Male,109000,Full-Time,736,Orlando,Texas,Medium Risk
C04604,66,Male,81200,Full-Time,782,Houston,Texas,Low Risk
C04605,62,Male,63800,Full-Time,686,Norfolk,Illinois,Medium Risk
C04606,62,Female,62300,Unemployed,649,Aurora,Illinois,High Risk
C04607,59,Female,46900,Self-Employed,650,Naperville,Arizona,High Risk
C04608,36,Male,53100,Full-Time,760,San Diego,Virginia,Low Risk
C04609,53,Male,41300,Full-Time,748,Arlington,Illinois,Medium Risk
C04610,41,Male,39300,Unemployed,674,Arlington,California,High Risk
C04611,29,Female,166200,Full-Time,725,Jacksonville,California,Medium Risk
C04612,26,Male,73700,Full-Time,762,Fresno,Florida,Low Risk
C04613,65,Male,125700,Full-Time,648,Arlington,Georgia,High Risk
C04614,55,Female,45500,Full-Time,664,Aurora,Texas,High Risk
C04615,59,Female,37000,Self-Employed,723,San Diego,New York,Medium Risk
C04616,42,Female,41900,Full-Time,556,Atlanta,Virginia,Very High Risk
C04617,61,Male,53800,Retired,725,Rochester,Texas,Medium Risk
C04618,25,Female,66100,Full-Time,606,Phoenix,California,High Risk
C04619,62,Female,60700,Full-Time,761,Norfolk,Florida,Low Risk
C04620,43,Male,45900,Retired,850,Irving,New York,Low Risk
C04621,37,Female,67600,Self-Employed,638,San Diego,Illinois,High Risk
C04622,32,Male,70300,Self-Employed,589,Los Angeles,Illinois,Very High Risk
C04623,43,Male,89200,Full-Time,677,Plano,California,High Risk
C04624,36,Female,126000,Self-Employed,670,Norfolk,Florida,High Risk
C04625,23,Male,55200,Full-Time,740,San Diego,Arizona,Medium Risk
C04626,50,Female,112300,Full-Time,708,Savannah,Georgia,Medium Risk
C04627,42,Male,67000,Part-Time,668,Fresno,Texas,High Risk
C04628,29,Male,32700,Part-Time,697,Jacksonville,California,Medium Risk
C04629,49,Female,145000,Self-Employed,606,Arlington,Georgia,High Risk
C04630,67,Female,180700,Part-Time,752,Chicago,Georgia,Low Risk
C04631,57,Male,85900,Full-Time,811,Chicago,Texas,Low Risk
C04632,43,Female,67700,Full-Time,600,Buffalo,New York,High Risk
C04633,33,Male,57500,Part-Time,572,Aurora,Texas,Very High Risk
C04634,52,Female,52800,Full-Time,660,Tempe,New York,High Risk
C04635,66,Male,112100,Full-Time,598,Buffalo,Virginia,Very High Risk
C04636,67,Female,64500,Full-Time,594,Orlando,Georgia,Very High Risk
C04637,43,Male,138100,Full-Time,585,Mesa,Florida,Very High Risk
C04638,65,Female,66000,Retired,675,Arlington,California,High Risk
C04639,37,Female,54000,Full-Time,659,Arlington,Texas,High Risk
C04640,60,Male,49600,Full-Time,718,Tampa,Florida,Medium Risk
C04641,41,Female,46500,Self-Employed,648,Phoenix,Florida,High Risk
C04642,22,Male,81900,Full-Time,599,Chicago,Texas,Very High Risk
C04643,57,Male,36300,Unemployed,689,Tampa,Illinois,Medium Risk
C04644,26,Female,45000,Full-Time,611,San Diego,Georgia,High Risk
C04645,64,Male,118000,Unemployed,728,Tempe,Illinois,Medium Risk
C04646,38,Male,42300,Full-Time,565,San Diego,New York,Very High Risk
C04647,50,Male,95800,Full-Time,528,Norfolk,Virginia,Very High Risk
C04648,42,Female,25700,Full-Time,569,Savannah,Florida,Very High Risk
C04649,53,Male,124800,Full-Time,659,Norfolk,California,High Risk
C04650,50,Female,36700,Self-Employed,668,Phoenix,California,High Risk
C04651,37,Female,43800,Full-Time,700,Miami,Florida,Medium Risk
C04652,63,Female,88300,Part-Time,648,Rochester,Illinois,High Risk
C04653,52,Female,73400,Full-Time,627,Orlando,Georgia,High Risk
C04654,62,Female,97200,Self-Employed,797,Rochester,Florida,Low Risk
C04655,34,Female,36600,Self-Employed,778,Plano,Arizona,Low Risk
C04656,30,Male,57100,Full-Time,764,Mesa,New York,Low Risk
C04657,67,Male,49200,Full-Time,713,Plano,Florida,Medium Risk
C04658,56,Female,39400,Part-Time,719,Aurora,Texas,Medium Risk
C04659,54,Female,85000,Full-Time,630,Irving,Illinois,High Risk
C04660,29,Female,99400,Full-Time,701,New York,Texas,Medium Risk
C04661,62,Male,55900,Part-Time,620,San Jose,Texas,High Risk
C04662,48,Male,129000,Retired,611,Los Angeles,Florida,High Risk
C04663,31,Female,45600,Unemployed,569,Norfolk,Georgia,Very High Risk
C04664,34,Female,127600,Part-Time,720,Fresno,Florida,Medium Risk
C04665,59,Female,83700,Full-Time,702,Los Angeles,Georgia,Medium Risk
C04666,67,Female,37500,Retired,667,Savannah,California,High Risk
C04667,39,Male,158600,Full-Time,657,Chicago,Georgia,High Risk
C04668,35,Female,53200,Full-Time,553,San Jose,Virginia,Very High Risk
C04669,48,Female,111800,Unemployed,709,Austin,Texas,Medium Risk
C04670,44,Male,69400,Full-Time,666,Tampa,Virginia,High Risk
C04671,28,Male,76900,Full-Time,757,Jacksonville,Florida,Low Risk
C04672,63,Female,97500,Part-Time,701,Aurora,Virginia,Medium Risk
C04673,29,Female,95100,Full-Time,743,Phoenix,California,Medium Risk
C04674,67,Male,55700,Full-Time,689,Orlando,Arizona,Medium Risk
C04675,53,Male,82600,Full-Time,704,Plano,Texas,Medium Risk
C04676,53,Male,79800,Full-Time,760,New York,California,Low Risk
C04677,39,Male,71600,Retired,676,Dallas,Illinois,High Risk
C04678,23,Female,59300,Full-Time,725,Arlington,New York,Medium Risk
C04679,30,Female,71500,Full-Time,657,Buffalo,Texas,High Risk
C04680,60,Female,157600,Full-Time,680,Aurora,Florida,Medium Risk
C04681,67,Female,56900,Part-Time,810,Augusta,Georgia,Low Risk
C04682,62,Male,111900,Self-Employed,738,Aurora,Illinois,Medium Risk
C04683,21,Male,49200,Full-Time,649,Chicago,Virginia,High Risk
C04684,49,Male,43700,Full-Time,722,Dallas,Arizona,Medium Risk
C04685,54,Male,250000,Part-Time,594,New York,California,Very High Risk
C04686,33,Male,82900,Full-Time,673,Atlanta,New York,High Risk
C04687,21,Female,83900,Full-Time,618,Tempe,Georgia,High Risk
C04688,54,Female,85000,Full-Time,724,Augusta,Texas,Medium Risk
C04689,49,Female,122400,Full-Time,676,Rochester,New York,High Risk
C04690,67,Female,78100,Retired,711,Houston,Virginia,Medium Risk
C04691,33,Female,93800,Self-Employed,748,Augusta,Illinois,Medium Risk
C04692,49,Female,40400,Self-Employed,655,Los Angeles,Virginia,High Risk
C04693,59,Male,101200,Unemployed,658,Mesa,New York,High Risk
C04694,44,Female,58400,Self-Employed,687,Rochester,Virginia,Medium Risk
C04695,46,Male,87900,Unemployed,625,Atlanta,Texas,High Risk
C04696,37,Male,30000,Full-Time,689,Los Angeles,Illinois,Medium Risk
C04697,27,Male,86300,Full-Time,693,Buffalo,California,Medium Risk
C04698,33,Female,23700,Self-Employed,707,Richmond,Texas,Medium Risk
C04699,25,Female,57400,Part-Time,721,Dallas,New York,Medium Risk
C04700,46,Female,30200,Full-Time,570,San Diego,Texas,Very High Risk
C04701,23,Female,86400,Full-Time,594,Phoenix,Virginia,Very High Risk
C04702,27,Male,67100,Full-Time,602,Orlando,Virginia,High Risk
C04703,59,Female,45900,Full-Time,697,Dallas,Virginia,Medium Risk
C04704,21,Female,123900,Full-Time,669,San Jose,Illinois,High Risk
C04705,37,Female,43400,Full-Time,520,New York,New York,Very High Risk
C04706,63,Male,22000,Self-Employed,836,Irving,California,Low Risk
C04707,45,Male,81900,Self-Employed,541,Jacksonville,Arizona,Very High Risk
C04708,23,Female,29400,Self-Employed,692,Buffalo,Arizona,Medium Risk
C04709,35,Male,44000,Unemployed,732,Fresno,Georgia,Medium Risk
C04710,49,Female,51500,Full-Time,636,San Jose,Florida,High Risk
C04711,63,Male,34200,Full-Time,738,Naperville,California,Medium Risk
C04712,52,Female,52100,Full-Time,614,Chicago,Texas,High Risk
C04713,46,Male,34500,Retired,703,Naperville,Florida,Medium Risk
C04714,36,Female,69900,Full-Time,526,Aurora,Georgia,Very High Risk
C04715,45,Male,37400,Self-Employed,778,Aurora,Georgia,Low Risk
C04716,48,Female,65900,Full-Time,690,Arlington,Virginia,Medium Risk
C04717,29,Male,109600,Retired,570,Houston,Illinois,Very High Risk
C04718,21,Female,92400,Full-Time,737,Plano,Georgia,Medium Risk
C04719,49,Female,62700,Self-Employed,812,Tempe,Arizona,Low Risk
C04720,42,Male,41700,Full-Time,621,Irving,New York,High Risk
C04721,36,Female,69800,Full-Time,674,Chicago,Virginia,High Risk
C04722,61,Male,47500,Part-Time,651,Augusta,New York,High Risk
C04723,64,Male,71200,Retired,632,Norfolk,Illinois,High Risk
C04724,61,Male,30000,Full-Time,624,San Diego,Georgia,High Risk
C04725,27,Female,93500,Retired,642,Rochester,Texas,High Risk
C04726,34,Male,66000,Self-Employed,646,Dallas,California,High Risk
C04727,49,Male,175600,Self-Employed,663,Tampa,Virginia,High Risk
C04728,39,Female,117000,Full-Time,658,Naperville,Arizona,High Risk
C04729,39,Female,83900,Full-Time,747,Fresno,Florida,Medium Risk
C04730,22,Male,61500,Full-Time,740,Rochester,Illinois,Medium Risk
C04731,61,Female,46800,Retired,575,San Diego,Virginia,Very High Risk
C04732,65,Female,99300,Retired,645,Buffalo,Georgia,High Risk
C04733,35,Male,58600,Self-Employed,784,Tampa,Texas,Low Risk
C04734,23,Female,110000,Full-Time,712,Houston,Virginia,Medium Risk
C04735,31,Female,77800,Full-Time,715,Los Angeles,Texas,Medium Risk
C04736,66,Female,78100,Retired,708,Los Angeles,Florida,Medium Risk
C04737,50,Male,84900,Full-Time,670,Buffalo,Virginia,High Risk
C04738,60,Female,43000,Self-Employed,687,Norfolk,Illinois,Medium Risk
C04739,38,Male,41000,Full-Time,660,Austin,California,High Risk
C04740,22,Female,40400,Full-Time,754,Plano,Arizona,Low Risk
C04741,52,Male,104100,Self-Employed,660,Irving,California,High Risk
C04742,28,Male,42500,Full-Time,682,San Jose,Illinois,Medium Risk
C04743,42,Male,44900,Full-Time,745,Naperville,New York,Medium Risk
C04744,26,Female,82800,Retired,665,Savannah,Arizona,High Risk
C04745,32,Male,58000,Part-Time,685,Rochester,Georgia,Medium Risk
C04746,67,Male,54800,Self-Employed,663,Naperville,California,High Risk
C04747,60,Male,52700,Self-Employed,683,Phoenix,New York,Medium Risk
C04748,56,Female,22800,Full-Time,666,Rochester,Illinois,High Risk
C04749,35,Male,42100,Full-Time,650,Los Angeles,Georgia,High Risk
C04750,48,Female,110600,Full-Time,637,Augusta,Texas,High Risk
C04751,65,Male,51000,Full-Time,677,Dallas,Illinois,High Risk
C04752,38,Male,27600,Full-Time,766,Aurora,Texas,Low Risk
C04753,22,Female,41300,Self-Employed,737,Augusta,Virginia,Medium Risk
C04754,33,Female,76400,Full-Time,572,San Jose,Illinois,Very High Risk
C04755,65,Male,75700,Part-Time,658,Irving,Arizona,High Risk
C04756,35,Male,56900,Full-Time,642,Tampa,New York,High Risk
C04757,40,Male,47700,Full-Time,573,Aurora,Georgia,Very High Risk
C04758,49,Female,34600,Full-Time,711,Irving,New York,Medium Risk
C04759,62,Male,76700,Self-Employed,683,Mesa,Georgia,Medium Risk
C04760,49,Female,94800,Full-Time,842,Augusta,Arizona,Low Risk
C04761,23,Male,116100,Full-Time,665,Jacksonville,Illinois,High Risk
C04762,39,Male,39400,Part-Time,632,Savannah,Texas,High Risk
C04763,23,Male,120200,Full-Time,625,Richmond,Illinois,High Risk
C04764,34,Female,63400,Full-Time,656,Augusta,Texas,High Risk
C04765,60,Female,65800,Unemployed,734,Tampa,New York,Medium Risk
C04766,24,Male,97200,Full-Time,743,Rochester,Florida,Medium Risk
C04767,31,Female,51000,Full-Time,850,New York,California,Low Risk
C04768,51,Male,24500,Part-Time,600,Orlando,New York,High Risk
C04769,63,Female,89300,Part-Time,696,Norfolk,Illinois,Medium Risk
C04770,52,Male,76000,Full-Time,639,Fresno,Illinois,High Risk
C04771,47,Male,55300,Full-Time,716,Phoenix,Texas,Medium Risk
C04772,50,Female,86000,Full-Time,794,Miami,California,Low Risk
C04773,63,Female,94300,Full-Time,755,Rochester,Georgia,Low Risk
C04774,22,Male,32900,Full-Time,599,Naperville,New York,Very High Risk
C04775,29,Female,65700,Full-Time,741,Miami,Arizona,Medium Risk
C04776,48,Male,23300,Full-Time,531,Richmond,California,Very High Risk
C04777,51,Female,61500,Unemployed,512,Savannah,Virginia,Very High Risk
C04778,54,Male,55000,Part-Time,671,Houston,California,High Risk
C04779,35,Female,81100,Unemployed,736,Arlington,New York,Medium Risk
C04780,45,Male,40100,Full-Time,716,Savannah,Texas,Medium Risk
C04781,56,Male,53800,Full-Time,833,San Jose,Georgia,Low Risk
C04782,28,Male,22000,Full-Time,698,Orlando,Texas,Medium Risk
C04783,29,Male,83500,Self-Employed,682,Los Angeles,Arizona,Medium Risk
C04784,57,Male,62500,Full-Time,777,Houston,Texas,Low Risk
C04785,65,Male,67600,Full-Time,662,Savannah,Florida,High Risk
C04786,59,Female,33200,Full-Time,719,Arlington,California,Medium Risk
C04787,52,Male,77800,Full-Time,724,Phoenix,Florida,Medium Risk
C04788,37,Female,136700,Full-Time,617,Tempe,Texas,High Risk
C04789,55,Female,59800,Full-Time,719,Irving,Georgia,Medium Risk
C04790,57,Female,87100,Full-Time,850,Aurora,New York,Low Risk
C04791,39,Female,43900,Part-Time,775,Augusta,California,Low Risk
C04792,64,Female,62800,Full-Time,627,Mesa,New York,High Risk
C04793,49,Female,32600,Part-Time,850,Austin,Illinois,Low Risk
C04794,27,Male,92700,Full-Time,742,San Diego,California,Medium Risk
C04795,48,Female,69800,Full-Time,722,Tempe,New York,Medium Risk
C04796,29,Female,37600,Full-Time,683,Augusta,Texas,Medium Risk
C04797,48,Male,45300,Full-Time,741,Tampa,Florida,Medium Risk
C04798,26,Female,66800,Full-Time,698,Austin,New York,Medium Risk
C04799,49,Male,98500,Full-Time,691,Chicago,Arizona,Medium Risk
C04800,37,Female,126500,Full-Time,680,Austin,Georgia,Medium Risk
C04801,36,Male,61200,Full-Time,763,Orlando,Virginia,Low Risk
C04802,43,Female,35200,Full-Time,755,Los Angeles,Illinois,Low Risk
C04803,51,Female,72400,Full-Time,679,Orlando,Texas,High Risk
C04804,23,Female,145100,Full-Time,576,Houston,Arizona,Very High Risk
C04805,41,Female,31300,Full-Time,693,Chicago,Illinois,Medium Risk
C04806,46,Female,42300,Retired,636,Augusta,Georgia,High Risk
C04807,56,Male,85600,Full-Time,654,Dallas,Georgia,High Risk
C04808,62,Male,69700,Full-Time,681,Tampa,Florida,Medium Risk
C04809,57,Male,50900,Part-Time,610,Tempe,Virginia,High Risk
C04810,42,Male,71800,Part-Time,569,Austin,Illinois,Very High Risk
C04811,62,Male,100900,Retired,712,Rochester,Georgia,Medium Risk
C04812,32,Female,62200,Self-Employed,692,Austin,New York,Medium Risk
C04813,62,Female,59800,Self-Employed,689,New York,Georgia,Medium Risk
C04814,33,Female,84700,Retired,728,Chicago,Georgia,Medium Risk
C04815,31,Male,57600,Full-Time,641,Naperville,Virginia,High Risk
C04816,36,Male,108700,Part-Time,715,San Diego,New York,Medium Risk
C04817,28,Female,161800,Unemployed,790,Richmond,Texas,Low Risk
C04818,60,Male,43500,Part-Time,671,Tempe,Florida,High Risk
C04819,60,Male,37000,Retired,832,Orlando,Florida,Low Risk
C04820,65,Male,76800,Full-Time,694,Rochester,California,Medium Risk
C04821,22,Male,36400,Full-Time,626,Tempe,Arizona,High Risk
C04822,50,Male,36200,Retired,754,Naperville,California,Low Risk
C04823,50,Male,25800,Full-Time,682,Irving,New York,Medium Risk
C04824,32,Male,54700,Self-Employed,769,Dallas,Georgia,Low Risk
C04825,30,Female,64000,Full-Time,721,Mesa,Illinois,Medium Risk
C04826,64,Male,51500,Part-Time,665,Tempe,Georgia,High Risk
C04827,31,Male,121500,Retired,804,Miami,Georgia,Low Risk
C04828,35,Female,117500,Full-Time,653,Aurora,Illinois,High Risk
C04829,36,Female,154800,Full-Time,528,Miami,Texas,Very High Risk
C04830,37,Male,66400,Full-Time,756,Dallas,Florida,Low Risk
C04831,46,Female,110700,Unemployed,716,Jacksonville,Virginia,Medium Risk
C04832,22,Male,74700,Self-Employed,786,Houston,New York,Low Risk
C04833,32,Male,71400,Full-Time,624,Mesa,Illinois,High Risk
C04834,46,Female,52700,Full-Time,671,Tampa,Virginia,High Risk
C04835,43,Female,23500,Self-Employed,663,Tempe,California,High Risk
C04836,38,Male,86600,Self-Employed,760,Rochester,New York,Low Risk
C04837,52,Female,109300,Full-Time,739,Naperville,Texas,Medium Risk
C04838,58,Female,32700,Full-Time,706,Richmond,New York,Medium Risk
C04839,67,Male,64700,Self-Employed,707,Tampa,Illinois,Medium Risk
C04840,23,Male,101600,Full-Time,604,Los Angeles,Arizona,High Risk
C04841,58,Male,55300,Retired,748,Rochester,Texas,Medium Risk
C04842,23,Female,111200,Full-Time,749,Tampa,Georgia,Medium Risk
C04843,50,Male,61000,Part-Time,850,Mesa,California,Low Risk
C04844,21,Female,51300,Full-Time,725,Richmond,California,Medium Risk
C04845,50,Male,114100,Retired,737,Tempe,Illinois,Medium Risk
C04846,65,Male,42700,Full-Time,726,Miami,Texas,Medium Risk
C04847,52,Female,46900,Full-Time,638,Irving,California,High Risk
C04848,48,Female,43400,Full-Time,784,Norfolk,Virginia,Low Risk
C04849,41,Male,38900,Self-Employed,686,Norfolk,Texas,Medium Risk
C04850,66,Male,69600,Full-Time,676,Mesa,New York,High Risk
C04851,33,Female,51600,Full-Time,680,Mesa,Arizona,Medium Risk
C04852,47,Male,81000,Full-Time,685,Naperville,Florida,Medium Risk
C04853,56,Male,29800,Full-Time,654,Tampa,Florida,High Risk
C04854,27,Female,39200,Full-Time,706,San Jose,Florida,Medium Risk
C04855,42,Male,66500,Full-Time,683,Houston,California,Medium Risk
C04856,30,Male,125900,Part-Time,676,Richmond,Illinois,High Risk
C04857,59,Female,77100,Self-Employed,727,San Diego,Florida,Medium Risk
C04858,35,Female,49900,Self-Employed,696,Richmond,Georgia,Medium Risk
C04859,35,Male,33300,Unemployed,648,Tempe,Arizona,High Risk
C04860,24,Female,48600,Full-Time,633,Phoenix,Illinois,High Risk
C04861,52,Male,63800,Self-Employed,697,Irving,Arizona,Medium Risk
C04862,43,Male,22500,Full-Time,634,Orlando,Florida,High Risk
C04863,26,Male,37700,Full-Time,629,Chicago,Virginia,High Risk
C04864,44,Male,46600,Full-Time,630,Norfolk,New York,High Risk
C04865,40,Female,57900,Full-Time,709,Tempe,Virginia,Medium Risk
C04866,57,Male,63400,Full-Time,780,Savannah,Virginia,Low Risk
C04867,40,Female,49400,Full-Time,716,Austin,Arizona,Medium Risk
C04868,32,Male,81600,Part-Time,757,Plano,Florida,Low Risk
C04869,53,Male,68800,Full-Time,685,Naperville,Virginia,Medium Risk
C04870,48,Male,55000,Full-Time,701,Mesa,Illinois,Medium Risk
C04871,28,Female,86800,Full-Time,814,Plano,California,Low Risk
C04872,21,Female,83700,Full-Time,752,New York,Arizona,Low Risk
C04873,57,Female,33800,Full-Time,760,Richmond,Virginia,Low Risk
C04874,42,Male,64100,Full-Time,670,Dallas,Georgia,High Risk
C04875,26,Female,97000,Full-Time,690,Rochester,Virginia,Medium Risk
C04876,41,Male,104600,Part-Time,720,Buffalo,New York,Medium Risk
C04877,52,Female,76800,Self-Employed,645,Aurora,Illinois,High Risk
C04878,55,Female,58500,Full-Time,513,Plano,Texas,Very High Risk
C04879,35,Male,78600,Full-Time,720,Norfolk,Florida,Medium Risk
C04880,25,Male,93500,Self-Employed,762,Orlando,New York,Low Risk
C04881,66,Female,68500,Full-Time,694,Savannah,California,Medium Risk
C04882,26,Female,72000,Full-Time,645,Chicago,Arizona,High Risk
C04883,45,Male,58100,Full-Time,665,Jacksonville,Texas,High Risk
C04884,66,Female,35600,Part-Time,538,Tampa,Arizona,Very High Risk
C04885,60,Female,60100,Part-Time,665,Richmond,Florida,High Risk
C04886,49,Male,47900,Self-Employed,606,Tempe,New York,High Risk
C04887,27,Male,48000,Full-Time,638,Plano,Georgia,High Risk
C04888,60,Female,123900,Full-Time,603,Augusta,Illinois,High Risk
C04889,33,Male,99700,Full-Time,594,Savannah,Arizona,Very High Risk
C04890,58,Male,30300,Self-Employed,615,Aurora,Florida,High Risk
C04891,38,Female,39900,Unemployed,737,Miami,New York,Medium Risk
C04892,22,Female,55200,Full-Time,652,Tampa,Florida,High Risk
C04893,28,Female,48700,Full-Time,607,Chicago,Georgia,High Risk
C04894,31,Male,75000,Full-Time,747,Augusta,New York,Medium Risk
C04895,53,Female,37100,Full-Time,700,New York,Illinois,Medium Risk
C04896,58,Female,100100,Full-Time,513,Augusta,Florida,Very High Risk
C04897,47,Male,63700,Full-Time,765,Naperville,Arizona,Low Risk
C04898,40,Female,55800,Retired,695,Jacksonville,New York,Medium Risk
C04899,32,Female,64600,Full-Time,748,Tempe,Arizona,Medium Risk
C04900,63,Female,53900,Full-Time,673,Mesa,Texas,High Risk
C04901,51,Female,26100,Full-Time,810,Austin,California,Low Risk
C04902,47,Male,65300,Full-Time,661,Mesa,Georgia,High Risk
C04903,52,Female,56300,Full-Time,492,San Jose,New York,Very High Risk
C04904,30,Female,42300,Self-Employed,623,Irving,Arizona,High Risk
C04905,23,Female,106500,Full-Time,728,Augusta,Virginia,Medium Risk
C04906,65,Female,87900,Retired,702,Norfolk,Virginia,Medium Risk
C04907,47,Male,194800,Full-Time,681,Norfolk,New York,Medium Risk
C04908,55,Male,94600,Full-Time,616,Tampa,New York,High Risk
C04909,51,Male,48700,Full-Time,691,Dallas,Virginia,Medium Risk
C04910,35,Female,43200,Part-Time,689,Savannah,Florida,Medium Risk
C04911,36,Male,52000,Full-Time,688,Richmond,Georgia,Medium Risk
C04912,33,Female,48200,Full-Time,730,Rochester,California,Medium Risk
C04913,55,Male,68300,Full-Time,704,Richmond,Georgia,Medium Risk
C04914,31,Male,32500,Unemployed,671,Tampa,Florida,High Risk
C04915,41,Male,87000,Full-Time,615,Phoenix,Arizona,High Risk
C04916,31,Female,67700,Full-Time,792,Chicago,New York,Low Risk
C04917,50,Female,82600,Full-Time,839,Richmond,Georgia,Low Risk
C04918,55,Female,38800,Full-Time,821,Fresno,New York,Low Risk
C04919,42,Female,72600,Full-Time,742,Jacksonville,California,Medium Risk
C04920,58,Male,116600,Full-Time,564,Phoenix,Texas,Very High Risk
C04921,51,Male,44100,Part-Time,555,Houston,Florida,Very High Risk
C04922,34,Female,43600,Full-Time,649,Arlington,Texas,High Risk
C04923,44,Female,89500,Self-Employed,686,Houston,Georgia,Medium Risk
C04924,52,Male,42000,Self-Employed,683,Arlington,New York,Medium Risk
C04925,56,Female,58500,Full-Time,705,Buffalo,Arizona,Medium Risk
C04926,52,Male,126300,Full-Time,586,Miami,Arizona,Very High Risk
C04927,35,Male,43900,Self-Employed,811,Phoenix,New York,Low Risk
C04928,63,Male,130200,Part-Time,803,Los Angeles,Illinois,Low Risk
C04929,55,Female,55900,Part-Time,592,Austin,Illinois,Very High Risk
C04930,23,Male,39200,Self-Employed,550,Mesa,Texas,Very High Risk
C04931,36,Male,85300,Full-Time,683,Buffalo,Illinois,Medium Risk
C04932,25,Male,68200,Self-Employed,785,Los Angeles,Arizona,Low Risk
C04933,41,Male,65400,Full-Time,688,Orlando,Georgia,Medium Risk
C04934,30,Male,46000,Full-Time,709,Plano,Virginia,Medium Risk
C04935,39,Male,68000,Full-Time,657,Richmond,California,High Risk
C04936,45,Male,25600,Self-Employed,701,Norfolk,Georgia,Medium Risk
C04937,24,Female,71700,Full-Time,761,Plano,Texas,Low Risk
C04938,49,Male,116500,Part-Time,721,Dallas,Georgia,Medium Risk
C04939,39,Male,29400,Self-Employed,733,Orlando,Illinois,Medium Risk
C04940,63,Male,54100,Unemployed,565,Irving,Illinois,Very High Risk
C04941,22,Female,43900,Self-Employed,850,Richmond,California,Low Risk
C04942,30,Female,32900,Full-Time,566,Los Angeles,Virginia,Very High Risk
C04943,63,Male,25800,Self-Employed,702,Austin,Georgia,Medium Risk
C04944,45,Female,38200,Part-Time,679,Atlanta,California,High Risk
C04945,40,Female,58300,Part-Time,682,Irving,Arizona,Medium Risk
C04946,39,Female,109000,Unemployed,755,Atlanta,Texas,Low Risk
C04947,43,Male,32800,Full-Time,637,Fresno,Florida,High Risk
C04948,44,Male,74200,Full-Time,658,Norfolk,Virginia,High Risk
C04949,31,Female,71800,Full-Time,604,Naperville,Georgia,High Risk
C04950,66,Female,137900,Self-Employed,774,Irving,Arizona,Low Risk
C04951,54,Female,84000,Full-Time,710,Phoenix,Arizona,Medium Risk
C04952,48,Male,86300,Part-Time,738,Tampa,Georgia,Medium Risk
C04953,25,Male,89000,Full-Time,751,Tampa,California,Low Risk
C04954,25,Female,42900,Part-Time,839,Rochester,Illinois,Low Risk
C04955,41,Female,50200,Self-Employed,826,San Diego,Texas,Low Risk
C04956,32,Male,107400,Full-Time,714,New York,Florida,Medium Risk
C04957,24,Male,25800,Part-Time,702,Augusta,Georgia,Medium Risk
C04958,62,Male,47800,Self-Employed,650,Fresno,Texas,High Risk
C04959,40,Female,35700,Full-Time,746,Buffalo,Illinois,Medium Risk
C04960,58,Female,72200,Full-Time,743,Phoenix,Virginia,Medium Risk
C04961,45,Female,53800,Full-Time,635,Orlando,Florida,High Risk
C04962,34,Female,86100,Self-Employed,744,Houston,Florida,Medium Risk
C04963,31,Male,61900,Full-Time,766,Orlando,Arizona,Low Risk
C04964,52,Female,32400,Full-Time,606,Richmond,California,High Risk
C04965,31,Female,33100,Full-Time,704,Fresno,New York,Medium Risk
C04966,38,Female,64800,Full-Time,685,Los Angeles,Illinois,Medium Risk
C04967,47,Female,45900,Self-Employed,690,Chicago,New York,Medium Risk
C04968,38,Male,51100,Self-Employed,619,Fresno,Illinois,High Risk
C04969,43,Female,99200,Full-Time,553,Arlington,Texas,Very High Risk
C04970,31,Female,91500,Part-Time,633,Phoenix,New York,High Risk
C04971,41,Female,146000,Self-Employed,623,Los Angeles,Arizona,High Risk
C04972,64,Male,56400,Full-Time,716,Los Angeles,Georgia,Medium Risk
C04973,25,Female,48700,Full-Time,718,Houston,Virginia,Medium Risk
C04974,43,Male,78500,Unemployed,713,Atlanta,Arizona,Medium Risk
C04975,61,Male,50500,Part-Time,585,Orlando,Arizona,Very High Risk
C04976,45,Male,51300,Part-Time,606,Austin,Georgia,High Risk
C04977,61,Female,59300,Full-Time,644,Tempe,Georgia,High Risk
C04978,30,Male,136700,Self-Employed,692,Tempe,Florida,Medium Risk
C04979,42,Male,89200,Full-Time,665,Aurora,California,High Risk
C04980,39,Female,93500,Self-Employed,713,Rochester,Arizona,Medium Risk
C04981,21,Female,134000,Retired,763,Savannah,Illinois,Low Risk
C04982,27,Female,97600,Retired,615,Rochester,California,High Risk
C04983,24,Male,39100,Self-Employed,618,Mesa,Illinois,High Risk
C04984,21,Female,96900,Full-Time,700,Tampa,Georgia,Medium Risk
C04985,35,Male,102600,Unemployed,684,New York,Florida,Medium Risk
C04986,60,Male,87200,Full-Time,746,Fresno,Florida,Medium Risk
C04987,32,Male,59500,Self-Employed,691,San Diego,Florida,Medium Risk
C04988,42,Female,83100,Full-Time,821,New York,Florida,Low Risk
C04989,42,Male,64400,Part-Time,571,Atlanta,Arizona,Very High Risk
C04990,67,Male,41900,Full-Time,753,Atlanta,Florida,Low Risk
C04991,37,Male,46800,Self-Employed,705,Miami,Georgia,Medium Risk
C04992,49,Male,89200,Full-Time,585,Orlando,California,Very High Risk
C04993,66,Female,43200,Full-Time,535,San Diego,Texas,Very High Risk
C04994,34,Female,45100,Self-Employed,606,Naperville,New York,High Risk
C04995,40,Male,91200,Part-Time,781,Naperville,California,Low Risk
C04996,53,Male,69000,Full-Time,772,Savannah,Georgia,Low Risk
C04997,63,Male,84300,Full-Time,680,Orlando,Virginia,Medium Risk
C04998,35,Female,37400,Full-Time,663,Los Angeles,New York,High Risk
C04999,32,Male,83200,Part-Time,626,San Jose,Texas,High Risk
C05000,60,Male,48300,Retired,676,Dallas,Illinois,High Risk
