Loan_ID,Customer_ID,Branch_ID,Loan_Type,Loan_Amount,Interest_Rate,Loan_Term_Months,Application_Date,Approval_Date,Loan_Status,Default_Status
L000001,C01983,B017,Personal,48900,11.92,36,2024-10-03,2024-10-13,Approved,Current
L000002,C01929,B024,Personal,0,14.35,48,2023-01-23,2023-02-07,Rejected,Current
L000003,C02558,B025,Auto,34600,12.28,24,2024-11-26,2024-12-12,Approved,Current
L000004,C04133,B009,Home,105000,10.86,36,2025-04-28,2025-05-02,Approved,Current
L000005,C02020,B014,Home,112900,13.74,48,2023-06-08,2023-06-28,Approved,Current
L000006,C00823,B013,Personal,10500,12.53,12,2025-10-11,2025-10-14,Approved,Current
L000007,C04675,B024,Personal,15000,11.23,36,2023-09-25,2023-09-30,Approved,Current
L000008,C02565,B011,Personal,11100,12.52,36,2024-09-24,2024-09-27,Approved,Current
L000009,C02833,B029,Auto,125100,10.53,24,2024-11-05,2024-11-13,Approved,Current
L000010,C01021,B025,Business,73800,9.97,24,2025-10-24,2025-10-30,Approved,Current
L000011,C01082,B004,Business,163600,10.01,24,2025-03-06,2025-03-21,Approved,Current
L000012,C02023,B003,Education,19500,12.78,24,2025-10-25,2025-10-31,Approved,Current
L000013,C04209,B006,Business,324500,11.63,36,2025-10-01,2025-10-08,Approved,Current
L000014,C03676,B019,Home,222900,11.65,24,2025-11-06,2025-11-14,Approved,Current
L000015,C02884,B017,Home,293100,12.3,72,2023-07-31,2023-08-16,Approved,Current
L000016,C01780,B028,Education,0,13.43,48,2023-06-27,2023-07-10,Rejected,Current
L000017,C01820,B016,Auto,54800,14.11,48,2023-06-23,2023-06-28,Approved,Current
L000018,C04697,B005,Personal,21600,13.09,36,2025-01-24,2025-02-13,Approved,Current
L000019,C04538,B010,Auto,0,14.3,72,2024-09-14,2024-09-16,Rejected,Current
L000020,C03762,B029,Education,15500,9.63,60,2024-10-05,2024-10-19,Approved,Current
L000021,C00228,B027,Business,83400,11.02,12,2023-01-31,2023-02-18,Approved,Current
L000022,C00874,B004,Personal,0,14.03,60,2023-01-04,2023-01-22,Rejected,Current
L000023,C03651,B025,Education,45200,12.61,24,2025-06-09,2025-06-27,Approved,Default
L000024,C04767,B021,Education,24600,8.89,48,2023-01-18,2023-02-02,Approved,Current
L000025,C03429,B016,Personal,0,12.63,72,2025-10-15,2025-10-20,Rejected,Current
L000026,C01292,B011,Business,135500,11.32,72,2023-08-20,2023-08-22,Approved,Current
L000027,C04791,B002,Business,193500,10.06,24,2023-02-17,2023-02-28,Approved,Current
L000028,C02917,B017,Personal,7200,10.63,72,2023-03-04,2023-03-24,Approved,Current
L000029,C01028,B015,Auto,86300,14.21,12,2023-09-27,2023-10-07,Approved,Current
L000030,C03550,B009,Home,398800,8.82,72,2023-10-16,2023-10-21,Approved,Current
L000031,C00121,B002,Auto,22600,16.22,60,2023-06-19,2023-06-21,Approved,Current
L000032,C00742,B007,Education,15100,12.33,72,2025-06-14,2025-06-26,Approved,Current
L000033,C03882,B013,Home,330100,10.13,36,2024-09-15,2024-10-02,Approved,Current
L000034,C01510,B006,Home,87100,10.17,72,2023-04-09,2023-04-14,Approved,Current
L000035,C01243,B027,Education,19400,8.69,60,2025-06-01,2025-06-19,Approved,Current
L000036,C04790,B021,Education,13600,10.28,36,2024-11-13,2024-11-29,Approved,Current
L000037,C04353,B002,Personal,0,13.84,36,2024-11-27,2024-12-05,Rejected,Current
L000038,C02091,B028,Education,62700,11.86,36,2023-05-23,2023-05-27,Approved,Current
L000039,C02918,B008,Personal,22100,11.47,48,2023-11-02,2023-11-06,Approved,Current
L000040,C03782,B022,Home,323900,11.14,24,2024-01-07,2024-01-11,Approved,Current
L000041,C01713,B008,Business,78300,12.54,48,2024-07-28,2024-08-14,Approved,Current
L000042,C02636,B020,Business,0,12.82,12,2024-08-04,2024-08-24,Rejected,Current
L000043,C03765,B026,Auto,16300,13.82,36,2024-01-28,2024-02-07,Approved,Current
L000044,C00594,B006,Personal,17100,14.91,60,2023-01-01,2023-01-02,Approved,Current
L000045,C01034,B009,Personal,11900,14.59,48,2024-12-28,2025-01-15,Approved,Current
L000046,C02840,B019,Education,25600,13.75,36,2024-01-05,2024-01-20,Approved,Current
L000047,C00212,B011,Personal,15900,10.49,36,2025-11-25,2025-12-05,Approved,Current
L000048,C01406,B025,Personal,15100,10.67,36,2023-08-30,2023-09-15,Approved,Current
L000049,C03812,B030,Business,0,13.66,12,2025-09-04,2025-09-08,Rejected,Current
L000050,C03077,B022,Auto,84600,8.93,36,2025-08-20,2025-09-07,Approved,Current
L000051,C00922,B028,Home,403100,11.6,60,2024-05-04,2024-05-15,Approved,Current
L000052,C02040,B017,Personal,48300,10.72,24,2025-02-03,2025-02-11,Approved,Current
L000053,C02200,B004,Business,0,12.64,24,2025-08-25,2025-08-26,Rejected,Current
L000054,C04063,B021,Education,27700,10.48,60,2023-05-02,2023-05-04,Approved,Current
L000055,C03239,B002,Personal,16800,14.05,36,2024-08-16,2024-09-02,Approved,Current
L000056,C01494,B007,Auto,36400,12.57,36,2025-09-23,2025-10-13,Approved,Default
L000057,C04174,B020,Personal,16000,10.12,48,2023-11-29,2023-12-18,Approved,Current
L000058,C04508,B025,Business,53600,15.33,48,2025-06-28,2025-07-08,Approved,Current
L000059,C01578,B010,Home,217800,10.54,24,2024-12-14,2024-12-22,Approved,Current
L000060,C01598,B004,Auto,13500,9.14,48,2023-03-27,2023-04-05,Approved,Current
L000061,C02429,B025,Home,199500,10.2,60,2025-02-15,2025-02-25,Approved,Current
L000062,C02996,B021,Home,107000,9.13,48,2024-01-05,2024-01-25,Approved,Current
L000063,C00313,B006,Business,0,12.81,72,2023-12-03,2023-12-08,Rejected,Current
L000064,C02443,B009,Home,0,15.89,84,2024-08-03,2024-08-12,Rejected,Current
L000065,C03982,B013,Business,78200,13.57,48,2025-07-18,2025-07-29,Approved,Current
L000066,C04076,B026,Home,0,10.35,84,2025-07-24,2025-08-11,Rejected,Current
L000067,C00004,B023,Personal,9400,11.79,60,2024-01-27,2024-01-28,Approved,Current
L000068,C04205,B013,Home,238000,10.46,48,2023-01-06,2023-01-22,Approved,Current
L000069,C00886,B004,Home,136200,14.35,72,2024-03-13,2024-04-02,Approved,Current
L000070,C04189,B029,Home,251800,15.72,84,2023-05-26,2023-06-05,Approved,Current
L000071,C00192,B009,Business,95500,11.45,84,2025-10-11,2025-10-29,Approved,Current
L000072,C02381,B020,Auto,0,15.38,60,2023-06-11,2023-06-12,Rejected,Current
L000073,C01236,B021,Business,115000,11.17,48,2024-07-16,2024-07-22,Approved,Current
L000074,C03279,B009,Home,127600,12.63,36,2025-10-14,2025-10-15,Approved,Current
L000075,C04723,B008,Personal,22400,11.83,48,2024-06-03,2024-06-06,Approved,Current
L000076,C03034,B026,Personal,14300,15.72,60,2024-02-18,2024-03-02,Approved,Current
L000077,C04669,B006,Business,383300,9.37,12,2025-04-05,2025-04-17,Approved,Current
L000078,C02404,B027,Personal,9600,10.03,36,2025-06-10,2025-06-24,Approved,Current
L000079,C04292,B022,Personal,14800,12.29,36,2023-11-13,2023-11-30,Approved,Current
L000080,C00262,B023,Personal,15100,10.19,60,2024-04-07,2024-04-23,Approved,Current
L000081,C02370,B014,Home,88000,13.36,60,2025-10-18,2025-10-31,Approved,Current
L000082,C02468,B017,Home,275800,10.35,48,2023-07-18,2023-07-22,Approved,Current
L000083,C01935,B020,Personal,14200,11.99,72,2024-02-24,2024-03-10,Approved,Current
L000084,C04428,B030,Home,50000,9.67,48,2025-05-19,2025-05-28,Approved,Current
L000085,C01260,B008,Home,271200,12.45,60,2024-02-07,2024-02-24,Approved,Current
L000086,C04777,B030,Business,67000,15.76,60,2023-01-18,2023-01-29,Approved,Current
L000087,C02055,B010,Business,89700,14.05,72,2024-01-04,2024-01-24,Approved,Current
L000088,C00534,B015,Auto,0,12.41,60,2024-10-21,2024-10-28,Rejected,Current
L000089,C02120,B026,Home,151400,13.78,84,2024-05-28,2024-06-04,Approved,Current
L000090,C01524,B023,Personal,14700,10.46,36,2023-01-30,2023-02-03,Approved,Current
L000091,C02666,B002,Business,368500,12.65,24,2024-03-10,2024-03-18,Approved,Current
L000092,C02187,B023,Home,56600,11.34,60,2023-02-16,2023-03-07,Approved,Current
L000093,C03458,B021,Home,0,13.95,72,2023-10-26,2023-11-09,Rejected,Current
L000094,C02590,B010,Education,15400,12.12,12,2024-01-22,2024-01-26,Approved,Default
L000095,C04420,B022,Education,74900,13.08,36,2025-05-28,2025-06-14,Approved,Current
L000096,C01941,B010,Business,66600,10.78,60,2024-12-13,2024-12-31,Approved,Current
L000097,C03737,B027,Education,32000,11.99,60,2024-03-31,2024-04-15,Approved,Current
L000098,C00073,B029,Business,73200,11.76,60,2023-06-11,2023-06-16,Approved,Current
L000099,C02888,B017,Auto,44600,11.41,48,2025-01-20,2025-02-04,Approved,Current
L000100,C00988,B017,Personal,0,13.24,36,2024-09-07,2024-09-11,Rejected,Current
L000101,C01346,B028,Education,32200,13.86,60,2023-12-05,2023-12-09,Approved,Current
L000102,C03413,B008,Business,192800,11.67,48,2025-11-26,2025-12-08,Approved,Current
L000103,C01787,B026,Personal,22900,10.13,48,2023-02-28,2023-03-18,Approved,Current
L000104,C01032,B023,Home,0,10.68,60,2025-05-25,2025-06-13,Rejected,Current
L000105,C02007,B012,Personal,0,12.48,24,2023-12-27,2024-01-14,Rejected,Current
L000106,C01231,B001,Education,0,12.41,48,2025-02-24,2025-02-25,Rejected,Current
L000107,C00411,B010,Auto,43700,12.02,36,2023-01-25,2023-01-29,Approved,Current
L000108,C02306,B002,Personal,19600,13.99,12,2024-03-28,2024-04-12,Approved,Current
L000109,C01820,B017,Personal,8500,13.88,60,2023-01-25,2023-01-31,Approved,Current
L000110,C03093,B002,Education,41700,9.17,48,2023-09-05,2023-09-07,Approved,Current
L000111,C02592,B013,Auto,51700,12.9,72,2025-12-10,2025-12-12,Approved,Current
L000112,C02503,B007,Home,219700,12.78,48,2025-08-06,2025-08-08,Approved,Current
L000113,C00662,B026,Home,197000,10.67,12,2023-06-26,2023-07-07,Approved,Current
L000114,C01230,B026,Personal,0,11.14,36,2023-05-05,2023-05-13,Rejected,Current
L000115,C01357,B028,Personal,0,13.08,24,2023-06-15,2023-07-02,Rejected,Current
L000116,C03093,B007,Auto,63300,9.73,72,2023-05-06,2023-05-18,Approved,Current
L000117,C01674,B027,Home,191900,12.32,48,2025-05-31,2025-06-04,Approved,Current
L000118,C01089,B009,Home,172100,9.41,48,2023-03-11,2023-03-12,Approved,Current
L000119,C03649,B015,Auto,45300,12.85,36,2024-06-06,2024-06-16,Approved,Current
L000120,C03551,B025,Personal,16700,15.45,48,2024-11-02,2024-11-09,Approved,Current
L000121,C01961,B030,Education,0,13.12,24,2025-05-02,2025-05-18,Rejected,Current
L000122,C03446,B009,Personal,23200,12.37,48,2025-07-22,2025-08-08,Approved,Current
L000123,C00500,B007,Personal,13600,11.49,60,2023-07-04,2023-07-10,Approved,Current
L000124,C00326,B012,Personal,20300,12.92,36,2023-11-19,2023-11-20,Approved,Current
L000125,C04649,B008,Personal,18800,14.37,36,2023-01-15,2023-01-26,Approved,Current
L000126,C00888,B007,Personal,30600,13.89,60,2025-05-01,2025-05-14,Approved,Current
L000127,C00996,B006,Home,132200,13.56,48,2024-03-17,2024-03-30,Approved,Current
L000128,C03674,B010,Auto,10700,9.79,48,2024-02-03,2024-02-12,Approved,Current
L000129,C03041,B027,Personal,15200,9.56,36,2024-11-30,2024-12-03,Approved,Current
L000130,C00929,B020,Home,230200,12.55,48,2025-02-09,2025-02-11,Approved,Current
L000131,C02969,B003,Education,0,15.1,12,2024-07-30,2024-07-31,Rejected,Current
L000132,C04404,B021,Personal,12300,16.08,48,2025-07-04,2025-07-11,Approved,Current
L000133,C01923,B030,Business,128000,10.75,60,2025-10-31,2025-11-20,Approved,Current
L000134,C04566,B030,Personal,33600,14.6,24,2023-07-10,2023-07-20,Approved,Current
L000135,C03256,B021,Personal,27200,12.31,60,2025-04-30,2025-05-02,Approved,Current
L000136,C01655,B020,Home,119800,13.7,36,2023-03-01,2023-03-05,Approved,Current
L000137,C00625,B012,Personal,12400,13.22,12,2023-06-05,2023-06-21,Approved,Current
L000138,C04345,B003,Education,0,12.81,84,2025-10-15,2025-10-23,Rejected,Current
L000139,C02372,B020,Personal,0,12.15,24,2024-04-13,2024-04-25,Rejected,Current
L000140,C04700,B018,Auto,32300,13.64,36,2025-07-17,2025-07-22,Approved,Default
L000141,C00059,B023,Auto,29200,11.36,48,2023-11-11,2023-12-01,Approved,Current
L000142,C02317,B028,Personal,8500,12.03,72,2025-12-05,2025-12-08,Approved,Current
L000143,C01278,B028,Auto,26200,12.34,48,2025-02-06,2025-02-07,Approved,Current
L000144,C00687,B014,Home,124800,11.66,72,2023-05-12,2023-05-26,Approved,Current
L000145,C04611,B016,Auto,32500,10.09,48,2024-02-15,2024-03-05,Approved,Current
L000146,C00533,B008,Business,41300,11.96,36,2023-05-16,2023-06-01,Approved,Current
L000147,C03176,B016,Home,154400,16.36,48,2024-09-08,2024-09-17,Approved,Current
L000148,C03905,B026,Home,106200,14.85,24,2025-03-24,2025-03-29,Approved,Current
L000149,C04498,B017,Personal,30200,11.95,24,2025-06-22,2025-06-26,Approved,Current
L000150,C03853,B001,Personal,11200,11.87,24,2023-01-26,2023-02-01,Approved,Current
L000151,C03405,B005,Personal,13100,15.41,12,2024-05-27,2024-06-08,Approved,Current
L000152,C02769,B028,Education,0,14.29,24,2024-05-05,2024-05-19,Rejected,Current
L000153,C02925,B023,Home,144100,13.35,36,2025-09-19,2025-10-03,Approved,Current
L000154,C02656,B005,Personal,65900,13.12,12,2025-02-04,2025-02-10,Approved,Current
L000155,C02141,B023,Personal,30000,8.4,12,2024-04-12,2024-04-17,Approved,Current
L000156,C00574,B028,Personal,18200,15.28,24,2024-12-22,2024-12-24,Approved,Current
L000157,C01566,B018,Personal,22000,11.99,72,2025-11-28,2025-12-01,Approved,Current
L000158,C01806,B003,Home,0,15.57,48,2025-06-23,2025-07-02,Rejected,Current
L000159,C00437,B004,Personal,0,15.63,48,2023-01-27,2023-02-03,Rejected,Current
L000160,C03082,B021,Personal,23900,12.19,48,2023-07-17,2023-07-29,Approved,Current
L000161,C02504,B029,Auto,30700,15.25,48,2025-07-04,2025-07-22,Approved,Current
L000162,C02463,B016,Education,38200,11.97,24,2025-09-24,2025-10-07,Approved,Current
L000163,C03590,B020,Home,270100,13.44,48,2025-01-11,2025-01-12,Approved,Current
L000164,C01399,B023,Business,0,9.25,60,2023-01-22,2023-01-23,Rejected,Current
L000165,C01555,B005,Personal,22200,11.27,48,2024-03-16,2024-03-17,Approved,Current
L000166,C02752,B016,Business,169100,9.22,72,2024-01-27,2024-02-03,Approved,Current
L000167,C02930,B005,Personal,0,11.96,24,2023-01-01,2023-01-10,Rejected,Current
L000168,C04858,B018,Business,82700,11.61,60,2024-03-13,2024-03-14,Approved,Current
L000169,C03828,B029,Business,111800,13.19,60,2025-06-26,2025-07-11,Approved,Current
L000170,C03922,B001,Business,203200,12.33,60,2023-07-27,2023-08-08,Approved,Current
L000171,C03267,B001,Business,0,12.74,48,2023-01-14,2023-01-18,Rejected,Current
L000172,C02694,B011,Auto,0,11.66,24,2023-09-01,2023-09-11,Rejected,Current
L000173,C02945,B008,Personal,24900,12.11,60,2023-04-18,2023-05-06,Approved,Current
L000174,C03498,B001,Auto,41100,12.58,36,2023-05-05,2023-05-24,Approved,Current
L000175,C04072,B009,Home,350900,12.39,12,2024-02-16,2024-03-07,Approved,Default
L000176,C04957,B018,Personal,18300,11.06,36,2025-08-30,2025-09-04,Approved,Current
L000177,C01975,B028,Home,0,16.27,48,2023-08-25,2023-08-27,Rejected,Current
L000178,C00867,B008,Auto,15100,9.71,84,2025-01-29,2025-02-05,Approved,Current
L000179,C01054,B018,Personal,12300,10.53,48,2024-10-16,2024-10-22,Approved,Current
L000180,C02535,B008,Auto,62200,14.55,24,2023-07-28,2023-08-13,Approved,Current
L000181,C00028,B029,Auto,35700,9.69,72,2025-11-12,2025-11-27,Approved,Current
L000182,C03218,B025,Personal,17000,12.57,12,2023-01-10,2023-01-19,Approved,Current
L000183,C02336,B008,Home,0,15.06,24,2025-02-06,2025-02-13,Rejected,Current
L000184,C04677,B013,Education,0,11.19,48,2025-08-16,2025-08-26,Rejected,Current
L000185,C02998,B016,Business,63400,11.76,24,2025-02-04,2025-02-06,Approved,Current
L000186,C02158,B016,Home,0,12.95,48,2023-10-17,2023-10-20,Rejected,Current
L000187,C02692,B022,Home,0,15.29,24,2023-03-21,2023-04-09,Rejected,Current
L000188,C03343,B007,Personal,23200,12.21,60,2024-02-10,2024-02-13,Approved,Current
L000189,C01556,B030,Personal,21700,10.96,24,2024-02-23,2024-03-02,Approved,Current
L000190,C00276,B030,Personal,33900,11.32,60,2023-01-23,2023-01-28,Approved,Current
L000191,C02737,B004,Education,34500,10.85,60,2024-12-09,2024-12-29,Approved,Current
L000192,C03683,B004,Education,24500,6.73,72,2023-09-04,2023-09-16,Approved,Current
L000193,C01348,B027,Business,86700,10.78,12,2025-02-03,2025-02-14,Approved,Current
L000194,C03090,B019,Home,0,13.33,48,2024-04-30,2024-05-04,Rejected,Current
L000195,C02173,B026,Personal,0,12.3,60,2025-11-08,2025-11-12,Rejected,Current
L000196,C03392,B025,Auto,0,13.54,72,2025-02-25,2025-02-26,Rejected,Current
L000197,C00153,B014,Auto,0,14.58,48,2025-05-28,2025-06-04,Rejected,Current
L000198,C01605,B021,Home,0,14.43,84,2025-09-23,2025-10-13,Rejected,Current
L000199,C02068,B015,Auto,0,12.49,24,2024-08-21,2024-08-23,Rejected,Current
L000200,C01827,B008,Auto,13200,13.23,48,2024-01-31,2024-02-01,Approved,Current
L000201,C00247,B003,Business,0,13.33,36,2025-11-02,2025-11-21,Rejected,Current
L000202,C01371,B012,Home,124200,12.38,24,2023-12-08,2023-12-25,Approved,Current
L000203,C03548,B004,Business,53800,12.8,36,2024-12-07,2024-12-18,Approved,Current
L000204,C01692,B019,Personal,0,12.34,60,2024-08-10,2024-08-15,Rejected,Current
L000205,C02151,B012,Auto,74100,12.75,48,2025-11-12,2025-11-18,Approved,Current
L000206,C02645,B009,Personal,0,16.4,24,2025-10-17,2025-10-23,Rejected,Current
L000207,C03391,B001,Personal,0,15.18,12,2025-04-05,2025-04-22,Rejected,Current
L000208,C02399,B010,Personal,0,12.83,72,2023-07-14,2023-08-03,Rejected,Current
L000209,C02282,B025,Personal,0,7.92,36,2024-12-11,2024-12-21,Rejected,Current
L000210,C01671,B011,Education,22700,11.58,24,2025-10-09,2025-10-19,Approved,Current
L000211,C00037,B011,Home,0,16.62,24,2024-05-24,2024-06-02,Rejected,Current
L000212,C03417,B008,Education,48700,11.67,36,2025-04-15,2025-05-03,Approved,Current
L000213,C01628,B017,Personal,28700,14.22,36,2025-09-20,2025-10-03,Approved,Current
L000214,C02340,B011,Personal,0,13.08,36,2024-12-27,2025-01-04,Rejected,Current
L000215,C01372,B026,Auto,16700,9.77,36,2025-10-28,2025-11-08,Approved,Current
L000216,C00677,B010,Home,0,15.92,48,2023-08-04,2023-08-11,Rejected,Current
L000217,C00253,B020,Auto,22300,11.99,60,2023-10-11,2023-10-18,Approved,Current
L000218,C02865,B010,Home,151100,11.9,12,2024-03-14,2024-03-17,Approved,Current
L000219,C01617,B013,Business,81200,10.24,24,2023-11-19,2023-12-05,Approved,Current
L000220,C02017,B017,Home,180300,10.4,60,2025-01-26,2025-02-08,Approved,Current
L000221,C02232,B015,Auto,83000,14.88,24,2024-12-15,2025-01-02,Approved,Current
L000222,C00761,B014,Home,153500,12.55,60,2024-02-17,2024-03-06,Approved,Current
L000223,C03287,B011,Auto,31200,11.64,48,2023-08-05,2023-08-17,Approved,Current
L000224,C00393,B011,Auto,0,11.37,72,2025-07-21,2025-08-03,Rejected,Current
L000225,C03092,B018,Home,630000,11.89,12,2024-11-07,2024-11-10,Approved,Current
L000226,C03543,B016,Personal,0,16.01,60,2025-05-31,2025-06-03,Rejected,Current
L000227,C00431,B010,Auto,21700,13.65,48,2025-05-02,2025-05-04,Approved,Current
L000228,C03731,B002,Education,0,14.96,48,2025-11-18,2025-11-25,Rejected,Current
L000229,C00997,B027,Personal,20600,16.28,24,2024-05-15,2024-05-17,Approved,Current
L000230,C01092,B021,Business,234500,11.94,36,2025-12-08,2025-12-14,Approved,Current
L000231,C01101,B019,Home,274900,12.48,60,2025-10-22,2025-11-04,Approved,Default
L000232,C00102,B008,Home,0,12.28,24,2024-12-10,2024-12-21,Rejected,Current
L000233,C02700,B018,Education,0,11.89,48,2024-08-23,2024-08-28,Rejected,Current
L000234,C00893,B013,Auto,60600,11.45,36,2023-03-11,2023-03-18,Approved,Current
L000235,C02261,B026,Business,66100,12.25,48,2024-12-05,2024-12-16,Approved,Current
L000236,C01789,B021,Home,314200,12.17,36,2023-02-15,2023-02-22,Approved,Current
L000237,C02181,B022,Personal,15900,9.53,36,2025-01-07,2025-01-15,Approved,Current
L000238,C03097,B014,Auto,0,13.71,60,2025-07-05,2025-07-09,Rejected,Current
L000239,C04568,B010,Education,30300,12.24,12,2024-05-06,2024-05-16,Approved,Current
L000240,C03685,B005,Business,77000,10.81,72,2024-05-11,2024-05-31,Approved,Current
L000241,C01781,B001,Personal,14200,11.34,36,2025-11-16,2025-12-01,Approved,Current
L000242,C03615,B029,Home,318000,11.32,48,2025-05-17,2025-06-01,Approved,Current
L000243,C04014,B015,Home,0,10.57,36,2023-08-12,2023-08-31,Rejected,Current
L000244,C01280,B023,Auto,17800,12.2,36,2025-03-23,2025-04-02,Approved,Current
L000245,C04009,B022,Personal,26100,12.21,48,2024-12-21,2024-12-23,Approved,Current
L000246,C03287,B026,Personal,17300,12.99,60,2024-10-15,2024-10-31,Approved,Current
L000247,C02682,B004,Business,0,11.02,72,2024-06-12,2024-07-02,Rejected,Current
L000248,C04518,B026,Auto,39000,14.03,72,2025-07-13,2025-07-18,Approved,Current
L000249,C02629,B023,Business,45600,14.51,36,2024-05-10,2024-05-27,Approved,Current
L000250,C00539,B028,Education,29000,12.93,24,2025-01-21,2025-01-24,Approved,Current
L000251,C01781,B015,Home,248200,9.23,72,2025-11-27,2025-12-05,Approved,Current
L000252,C03527,B011,Business,108100,10.34,12,2023-02-27,2023-03-10,Approved,Current
L000253,C02349,B029,Auto,24700,12.57,72,2024-06-12,2024-06-17,Approved,Current
L000254,C01961,B013,Education,0,11.18,12,2024-09-23,2024-10-10,Rejected,Current
L000255,C03092,B016,Personal,0,10.98,84,2024-06-18,2024-06-22,Rejected,Current
L000256,C03563,B010,Personal,8700,11.57,12,2024-04-26,2024-05-04,Approved,Current
L000257,C04902,B023,Auto,0,13.31,12,2024-12-22,2024-12-24,Rejected,Current
L000258,C02305,B011,Education,0,12.83,48,2023-08-01,2023-08-17,Rejected,Current
L000259,C02501,B014,Business,58800,11.64,60,2023-05-28,2023-06-06,Approved,Current
L000260,C02486,B010,Auto,43900,15.34,36,2024-04-04,2024-04-21,Approved,Current
L000261,C02446,B025,Home,133400,12.46,60,2023-09-17,2023-09-27,Approved,Current
L000262,C00649,B001,Auto,15500,9.91,60,2023-03-14,2023-03-27,Approved,Current
L000263,C02270,B022,Business,0,7.26,60,2023-11-27,2023-12-14,Rejected,Current
L000264,C03816,B028,Business,300600,13.26,72,2023-02-18,2023-03-02,Approved,Current
L000265,C01552,B006,Auto,0,11.87,24,2025-03-04,2025-03-13,Rejected,Current
L000266,C04722,B029,Personal,0,11.75,36,2024-05-19,2024-06-03,Rejected,Current
L000267,C04872,B028,Auto,35100,13.21,48,2023-02-01,2023-02-11,Approved,Current
L000268,C01303,B006,Home,85400,14.03,60,2024-06-23,2024-07-12,Approved,Current
L000269,C02633,B014,Education,62100,16.19,24,2025-03-29,2025-04-15,Approved,Current
L000270,C02533,B028,Auto,0,14.09,24,2024-11-10,2024-11-17,Rejected,Current
L000271,C01269,B024,Auto,15600,6.06,72,2023-02-06,2023-02-20,Approved,Current
L000272,C01774,B013,Education,21100,13.74,12,2025-01-15,2025-01-28,Approved,Current
L000273,C03090,B009,Personal,16100,11.31,36,2025-10-03,2025-10-05,Approved,Current
L000274,C03628,B020,Personal,27200,12.47,36,2023-02-26,2023-03-14,Approved,Current
L000275,C01167,B029,Auto,22000,14.45,60,2023-12-02,2023-12-19,Approved,Current
L000276,C02549,B006,Home,750000,12.64,72,2024-05-10,2024-05-16,Approved,Current
L000277,C01551,B001,Home,110500,12.7,36,2024-08-06,2024-08-07,Approved,Current
L000278,C02141,B029,Business,133000,9.94,48,2023-07-14,2023-07-20,Approved,Current
L000279,C03521,B005,Auto,0,15.59,60,2023-01-03,2023-01-04,Rejected,Current
L000280,C03655,B018,Personal,16800,9.6,48,2023-07-21,2023-07-31,Approved,Current
L000281,C00621,B025,Home,0,10.32,60,2023-07-26,2023-08-15,Rejected,Current
L000282,C02524,B012,Personal,9700,10.99,36,2024-07-16,2024-07-24,Approved,Current
L000283,C04768,B022,Auto,0,14.39,60,2025-01-19,2025-02-04,Rejected,Current
L000284,C04897,B029,Personal,22900,9.29,84,2025-06-25,2025-07-07,Approved,Current
L000285,C00171,B026,Business,79800,10.63,36,2023-08-04,2023-08-23,Approved,Current
L000286,C02420,B008,Auto,40400,14.15,36,2024-08-14,2024-08-28,Approved,Current
L000287,C02780,B011,Personal,0,13.58,84,2025-07-20,2025-07-28,Rejected,Current
L000288,C01417,B007,Home,0,14.7,12,2025-11-10,2025-11-29,Rejected,Current
L000289,C00939,B006,Auto,55900,10.52,60,2023-08-10,2023-08-25,Approved,Current
L000290,C04931,B008,Home,227200,11.49,72,2025-05-23,2025-05-28,Approved,Current
L000291,C02032,B003,Home,259000,12.03,36,2025-01-23,2025-02-09,Approved,Current
L000292,C03178,B026,Education,12400,12.06,48,2024-03-21,2024-04-04,Approved,Current
L000293,C02772,B001,Home,414500,15.18,24,2024-01-14,2024-01-29,Approved,Current
L000294,C03797,B027,Home,0,14.24,36,2024-01-30,2024-02-07,Rejected,Current
L000295,C02885,B028,Business,166900,12.3,48,2024-10-04,2024-10-08,Approved,Current
L000296,C01732,B016,Home,279400,12.06,48,2024-03-16,2024-03-23,Approved,Current
L000297,C01273,B023,Personal,0,14.75,24,2023-08-02,2023-08-09,Rejected,Current
L000298,C01753,B010,Personal,10100,10.63,36,2023-05-08,2023-05-13,Approved,Current
L000299,C01957,B021,Education,16900,9.31,60,2024-05-26,2024-06-05,Approved,Current
L000300,C03488,B018,Education,0,14.93,48,2024-12-06,2024-12-26,Rejected,Current
L000301,C01692,B020,Personal,0,14.67,60,2025-06-26,2025-07-01,Rejected,Current
L000302,C04166,B016,Auto,17500,11.22,84,2025-12-04,2025-12-08,Approved,Current
L000303,C01258,B010,Personal,18400,11.21,60,2023-02-26,2023-03-09,Approved,Current
L000304,C00432,B028,Auto,0,15.58,12,2024-01-21,2024-01-27,Rejected,Current
L000305,C04266,B012,Personal,0,10.82,36,2024-05-31,2024-06-15,Rejected,Current
L000306,C02084,B026,Personal,0,14.47,24,2025-11-08,2025-11-19,Rejected,Current
L000307,C03906,B015,Business,156000,10.3,48,2025-11-20,2025-11-27,Approved,Current
L000308,C04355,B002,Home,183200,14.38,60,2025-07-28,2025-08-16,Approved,Current
L000309,C02299,B018,Personal,0,13.05,12,2024-04-12,2024-04-17,Rejected,Current
L000310,C02105,B021,Business,93800,15.44,36,2025-05-23,2025-05-27,Approved,Current
L000311,C01185,B029,Business,72300,12.47,24,2024-01-31,2024-02-01,Approved,Current
L000312,C00437,B030,Auto,12600,12.2,36,2024-02-23,2024-03-10,Approved,Current
L000313,C04326,B012,Education,33000,7.96,72,2025-08-11,2025-08-23,Approved,Current
L000314,C04927,B011,Home,281900,11.14,36,2024-09-28,2024-10-18,Approved,Current
L000315,C04937,B023,Personal,0,11.78,60,2025-05-21,2025-06-08,Rejected,Current
L000316,C04716,B010,Personal,0,11.16,36,2024-06-20,2024-07-10,Rejected,Current
L000317,C02400,B006,Home,135100,10.46,60,2025-01-18,2025-01-20,Approved,Current
L000318,C00622,B027,Personal,0,13.92,60,2024-12-26,2025-01-08,Rejected,Current
L000319,C03714,B017,Home,83900,12.58,24,2023-09-26,2023-10-08,Approved,Current
L000320,C00635,B017,Personal,0,9.23,60,2023-11-27,2023-12-01,Rejected,Current
L000321,C03013,B026,Home,144800,12.7,36,2025-08-05,2025-08-09,Approved,Current
L000322,C01994,B017,Personal,0,15.85,72,2023-10-18,2023-10-31,Rejected,Current
L000323,C02676,B003,Home,126900,9.81,24,2025-03-25,2025-03-28,Approved,Current
L000324,C02341,B001,Auto,17100,12.64,72,2023-08-23,2023-09-09,Approved,Current
L000325,C01410,B010,Home,407200,11.82,48,2023-11-02,2023-11-09,Approved,Current
L000326,C03817,B004,Home,289800,11.91,36,2023-03-28,2023-04-10,Approved,Current
L000327,C00829,B005,Education,39900,12.72,36,2025-03-18,2025-04-02,Approved,Current
L000328,C02282,B029,Auto,52700,11.02,12,2024-12-10,2024-12-24,Approved,Current
L000329,C00537,B013,Home,0,11.08,72,2025-01-02,2025-01-18,Rejected,Current
L000330,C01403,B028,Auto,53800,11.66,36,2025-04-05,2025-04-22,Approved,Default
L000331,C00805,B017,Auto,0,14.0,72,2025-10-22,2025-11-07,Rejected,Current
L000332,C03282,B021,Personal,0,11.09,72,2024-02-21,2024-03-08,Rejected,Current
L000333,C00852,B003,Personal,36600,8.53,36,2025-07-11,2025-07-12,Approved,Current
L000334,C02226,B017,Auto,39400,10.44,36,2025-08-09,2025-08-23,Approved,Current
L000335,C00556,B004,Home,0,16.0,48,2024-01-03,2024-01-05,Rejected,Current
L000336,C03144,B014,Personal,9200,10.41,72,2025-11-14,2025-11-23,Approved,Current
L000337,C04324,B005,Personal,20400,10.11,72,2023-05-13,2023-06-01,Approved,Current
L000338,C01865,B001,Personal,45500,12.02,48,2023-03-03,2023-03-08,Approved,Current
L000339,C04350,B012,Education,14800,10.88,48,2024-03-27,2024-04-06,Approved,Current
L000340,C02095,B002,Personal,31500,10.43,36,2024-12-21,2024-12-27,Approved,Current
L000341,C03479,B006,Personal,13900,11.35,72,2023-04-15,2023-04-18,Approved,Current
L000342,C02931,B013,Auto,25900,14.55,84,2024-08-25,2024-08-27,Approved,Current
L000343,C02628,B002,Home,96900,14.01,36,2024-11-06,2024-11-25,Approved,Current
L000344,C00254,B018,Auto,21200,11.81,72,2024-01-29,2024-02-04,Approved,Current
L000345,C03521,B008,Home,0,14.88,84,2025-01-14,2025-01-24,Rejected,Current
L000346,C00059,B029,Home,282700,12.33,48,2024-08-20,2024-09-07,Approved,Current
L000347,C03703,B011,Business,108200,10.95,36,2023-02-17,2023-03-03,Approved,Current
L000348,C01722,B024,Personal,13700,13.38,72,2023-07-07,2023-07-09,Approved,Default
L000349,C02608,B010,Home,100800,13.74,72,2025-10-05,2025-10-09,Approved,Current
L000350,C00265,B004,Education,29000,12.51,36,2024-05-28,2024-06-12,Approved,Current
L000351,C01708,B019,Personal,14700,6.47,48,2025-03-01,2025-03-07,Approved,Current
L000352,C03215,B002,Personal,0,12.52,36,2025-12-10,2025-12-16,Rejected,Current
L000353,C02294,B024,Personal,15100,12.69,36,2023-08-14,2023-08-23,Approved,Current
L000354,C03288,B002,Personal,15300,12.82,84,2025-07-12,2025-08-01,Approved,Current
L000355,C02485,B029,Personal,19600,12.02,24,2024-09-19,2024-10-07,Approved,Current
L000356,C02736,B013,Personal,21800,13.96,60,2025-02-07,2025-02-11,Approved,Current
L000357,C02524,B008,Personal,35300,10.24,48,2025-10-19,2025-10-20,Approved,Current
L000358,C03456,B001,Home,153700,13.11,24,2025-09-27,2025-10-01,Approved,Current
L000359,C00938,B014,Personal,24300,10.97,36,2025-12-02,2025-12-05,Approved,Current
L000360,C00878,B016,Business,256200,10.02,24,2024-03-31,2024-04-13,Approved,Current
L000361,C02705,B013,Business,130100,12.67,84,2025-09-08,2025-09-23,Approved,Current
L000362,C00547,B021,Home,0,12.41,36,2025-06-11,2025-06-12,Rejected,Current
L000363,C02463,B015,Education,19900,12.29,60,2023-08-26,2023-09-11,Approved,Current
L000364,C03204,B015,Auto,21500,10.41,48,2025-01-31,2025-02-02,Approved,Current
L000365,C04494,B025,Auto,29300,11.1,60,2023-06-03,2023-06-09,Approved,Current
L000366,C03579,B027,Personal,17500,9.94,36,2025-01-11,2025-01-12,Approved,Current
L000367,C03632,B006,Business,0,13.44,24,2024-10-13,2024-10-30,Rejected,Current
L000368,C02216,B007,Education,18700,12.15,60,2024-10-13,2024-10-30,Approved,Current
L000369,C03847,B030,Personal,17100,9.33,60,2025-11-18,2025-11-19,Approved,Current
L000370,C00230,B017,Auto,57800,12.15,24,2025-05-22,2025-06-07,Approved,Current
L000371,C04799,B029,Auto,36000,10.45,60,2023-02-10,2023-02-19,Approved,Current
L000372,C01428,B011,Home,183900,10.34,48,2024-10-21,2024-10-23,Approved,Current
L000373,C01700,B024,Home,0,12.48,24,2025-01-28,2025-02-02,Rejected,Current
L000374,C03970,B006,Personal,0,12.43,60,2023-10-22,2023-10-30,Rejected,Current
L000375,C03066,B017,Personal,9600,12.73,60,2023-09-15,2023-09-16,Approved,Current
L000376,C02146,B017,Personal,7500,14.36,48,2024-12-30,2025-01-08,Approved,Current
L000377,C00007,B022,Auto,0,14.92,24,2025-10-16,2025-10-30,Rejected,Current
L000378,C04273,B025,Auto,53000,10.39,48,2023-10-14,2023-10-31,Approved,Current
L000379,C01230,B029,Education,0,10.93,24,2023-08-30,2023-09-04,Rejected,Current
L000380,C04395,B010,Home,347000,11.51,24,2023-07-24,2023-08-01,Approved,Current
L000381,C01824,B009,Personal,40100,9.64,36,2024-10-17,2024-11-03,Approved,Current
L000382,C03985,B003,Personal,19500,13.22,60,2023-10-06,2023-10-18,Approved,Current
L000383,C02277,B013,Business,91700,11.27,60,2024-01-30,2024-02-18,Approved,Current
L000384,C02944,B027,Home,416600,9.56,12,2024-04-16,2024-04-24,Approved,Current
L000385,C00631,B026,Auto,21800,14.59,60,2025-08-27,2025-09-15,Approved,Current
L000386,C00270,B030,Personal,9400,11.98,12,2025-10-13,2025-10-25,Approved,Current
L000387,C04177,B014,Home,0,13.46,72,2025-11-01,2025-11-09,Rejected,Current
L000388,C03772,B003,Home,144000,13.8,60,2023-02-26,2023-03-09,Approved,Current
L000389,C04916,B001,Personal,18500,9.78,60,2024-04-08,2024-04-19,Approved,Current
L000390,C00501,B008,Business,59500,13.41,36,2025-08-19,2025-09-03,Approved,Default
L000391,C02751,B008,Home,226700,11.67,84,2024-08-24,2024-08-26,Approved,Current
L000392,C01313,B030,Home,0,13.17,72,2024-05-30,2024-06-02,Rejected,Current
L000393,C02154,B003,Business,0,13.74,48,2025-01-02,2025-01-03,Rejected,Current
L000394,C04737,B027,Home,95900,10.84,12,2024-10-17,2024-10-18,Approved,Current
L000395,C00609,B023,Personal,16700,12.38,48,2023-01-22,2023-01-26,Approved,Current
L000396,C03044,B024,Education,23300,12.99,24,2024-12-04,2024-12-23,Approved,Current
L000397,C01664,B013,Personal,20400,10.68,48,2023-11-22,2023-12-10,Approved,Current
L000398,C03295,B006,Business,158200,12.79,84,2025-06-25,2025-06-26,Approved,Current
L000399,C01998,B003,Business,0,12.3,60,2024-03-01,2024-03-20,Rejected,Current
L000400,C02430,B004,Personal,16800,10.98,36,2024-12-30,2024-12-31,Approved,Current
L000401,C04200,B028,Home,270600,12.07,36,2023-02-08,2023-02-18,Approved,Current
L000402,C02712,B013,Personal,0,11.54,72,2025-07-31,2025-08-13,Rejected,Current
L000403,C03186,B012,Home,0,13.46,24,2023-01-30,2023-02-18,Rejected,Current
L000404,C01532,B023,Auto,0,14.13,72,2023-06-10,2023-06-30,Rejected,Current
L000405,C04217,B013,Personal,25700,9.36,12,2024-09-07,2024-09-15,Approved,Current
L000406,C03707,B023,Personal,7300,9.09,36,2023-11-05,2023-11-10,Approved,Current
L000407,C03075,B003,Home,152500,12.79,60,2023-05-14,2023-05-25,Approved,Current
L000408,C04503,B006,Home,227500,15.08,36,2024-07-19,2024-07-27,Approved,Current
L000409,C00676,B021,Auto,27300,15.23,48,2023-02-05,2023-02-19,Approved,Current
L000410,C01655,B024,Business,0,9.47,48,2025-04-10,2025-04-22,Rejected,Current
L000411,C04528,B012,Auto,0,14.55,60,2023-03-21,2023-04-01,Rejected,Current
L000412,C04157,B009,Business,118200,13.29,24,2025-02-22,2025-03-07,Approved,Default
L000413,C03545,B001,Personal,23300,11.32,48,2024-03-12,2024-03-22,Approved,Current
L000414,C03819,B020,Auto,20700,13.6,84,2025-09-13,2025-10-03,Approved,Current
L000415,C03444,B024,Home,84800,10.87,24,2024-02-09,2024-02-17,Approved,Current
L000416,C01048,B017,Education,43600,13.71,12,2023-09-22,2023-10-02,Approved,Current
L000417,C02454,B005,Home,123000,12.94,36,2023-08-21,2023-08-27,Approved,Current
L000418,C01332,B020,Education,17900,12.41,36,2024-03-22,2024-03-23,Approved,Current
L000419,C04083,B026,Business,57900,12.86,24,2024-03-02,2024-03-11,Approved,Current
L000420,C02661,B011,Auto,60300,13.79,48,2025-08-25,2025-08-29,Approved,Current
L000421,C02263,B018,Home,207900,10.07,48,2025-11-17,2025-11-18,Approved,Current
L000422,C04358,B024,Home,223400,12.97,60,2025-09-05,2025-09-15,Approved,Current
L000423,C00764,B007,Home,0,12.63,48,2023-01-29,2023-02-18,Rejected,Current
L000424,C02368,B021,Personal,17600,15.35,84,2024-01-12,2024-01-19,Approved,Default
L000425,C03409,B028,Education,0,12.57,60,2023-02-02,2023-02-09,Rejected,Current
L000426,C01685,B007,Business,49200,15.39,48,2025-10-05,2025-10-10,Approved,Current
L000427,C04465,B008,Business,52300,9.16,48,2025-08-17,2025-08-19,Approved,Current
L000428,C00870,B023,Home,0,15.02,72,2024-09-11,2024-09-20,Rejected,Current
L000429,C02734,B007,Personal,0,12.61,60,2025-06-18,2025-06-24,Rejected,Current
L000430,C00914,B011,Auto,42300,10.41,60,2024-05-15,2024-05-24,Approved,Current
L000431,C03132,B024,Home,0,13.46,36,2025-06-17,2025-07-02,Rejected,Current
L000432,C01631,B016,Business,0,11.92,36,2025-05-06,2025-05-19,Rejected,Current
L000433,C00543,B023,Business,190800,10.21,60,2024-12-03,2024-12-18,Approved,Current
L000434,C02204,B018,Personal,12300,13.23,60,2024-08-30,2024-08-31,Approved,Current
L000435,C02936,B024,Auto,37600,9.61,84,2024-07-22,2024-08-06,Approved,Current
L000436,C00752,B013,Auto,21900,9.87,72,2024-12-30,2025-01-17,Approved,Current
L000437,C02112,B030,Auto,58500,10.69,48,2023-10-11,2023-10-22,Approved,Current
L000438,C00421,B008,Home,0,15.44,36,2024-11-10,2024-11-13,Rejected,Current
L000439,C02371,B013,Personal,0,12.09,24,2025-07-07,2025-07-08,Rejected,Current
L000440,C01487,B023,Personal,15600,12.89,36,2023-05-16,2023-05-20,Approved,Current
L000441,C00547,B009,Business,30300,10.57,36,2024-10-14,2024-10-16,Approved,Current
L000442,C04962,B008,Personal,0,10.9,12,2025-06-07,2025-06-23,Rejected,Current
L000443,C02558,B015,Business,0,11.2,24,2025-10-30,2025-11-18,Rejected,Current
L000444,C01572,B019,Home,0,15.76,48,2023-10-24,2023-11-09,Rejected,Current
L000445,C00454,B019,Education,12800,11.49,72,2024-12-07,2024-12-19,Approved,Current
L000446,C02692,B010,Education,0,13.26,36,2023-11-26,2023-12-04,Rejected,Current
L000447,C01758,B003,Auto,0,12.63,48,2024-03-23,2024-03-27,Rejected,Current
L000448,C04775,B010,Home,147600,10.61,36,2023-01-15,2023-01-31,Approved,Current
L000449,C04370,B012,Home,71100,14.16,36,2023-08-04,2023-08-13,Approved,Current
L000450,C00060,B008,Personal,0,17.11,60,2023-11-26,2023-12-11,Rejected,Current
L000451,C04438,B012,Personal,29300,8.48,48,2024-07-17,2024-07-29,Approved,Current
L000452,C01418,B012,Auto,153200,11.27,36,2023-06-25,2023-07-12,Approved,Current
L000453,C02161,B026,Business,0,14.39,72,2023-10-22,2023-11-06,Rejected,Current
L000454,C01339,B024,Personal,8800,12.56,36,2023-11-03,2023-11-07,Approved,Current
L000455,C00467,B007,Home,183800,14.07,60,2023-12-27,2024-01-04,Approved,Current
L000456,C02311,B022,Auto,44300,12.94,48,2024-07-23,2024-07-26,Approved,Current
L000457,C02472,B014,Education,19200,12.92,48,2024-09-30,2024-10-07,Approved,Current
L000458,C00720,B002,Personal,27600,15.21,12,2024-05-30,2024-06-06,Approved,Current
L000459,C01236,B004,Personal,26500,12.38,72,2023-08-23,2023-09-07,Approved,Default
L000460,C00563,B020,Education,55300,9.74,36,2024-03-08,2024-03-28,Approved,Default
L000461,C00983,B016,Personal,28000,10.99,60,2024-01-22,2024-02-08,Approved,Current
L000462,C02967,B015,Auto,37400,12.87,72,2025-11-21,2025-12-01,Approved,Current
L000463,C02336,B019,Auto,22500,13.37,48,2025-10-14,2025-10-30,Approved,Current
L000464,C04521,B011,Home,90800,14.51,60,2023-08-14,2023-08-30,Approved,Current
L000465,C04650,B002,Home,0,12.55,36,2023-05-24,2023-06-08,Rejected,Current
L000466,C04855,B009,Business,76100,11.18,60,2023-01-18,2023-01-30,Approved,Current
L000467,C01731,B006,Personal,15200,12.37,60,2025-01-01,2025-01-08,Approved,Current
L000468,C04340,B016,Personal,33400,11.75,48,2025-01-15,2025-01-18,Approved,Current
L000469,C03048,B009,Home,392800,9.68,60,2025-01-16,2025-01-18,Approved,Current
L000470,C01358,B019,Home,93800,12.11,36,2023-12-28,2024-01-01,Approved,Current
L000471,C02376,B024,Auto,0,15.38,60,2023-11-17,2023-11-25,Rejected,Current
L000472,C02763,B021,Education,22100,10.53,60,2024-08-14,2024-08-24,Approved,Current
L000473,C01786,B001,Education,33300,14.25,48,2023-03-14,2023-03-26,Approved,Current
L000474,C01963,B010,Personal,0,14.35,36,2025-04-28,2025-05-10,Rejected,Current
L000475,C01189,B015,Home,82800,13.37,60,2023-04-10,2023-04-19,Approved,Current
L000476,C02679,B021,Personal,16900,9.92,60,2023-09-13,2023-09-24,Approved,Current
L000477,C03008,B018,Education,43100,11.0,12,2025-05-12,2025-05-25,Approved,Current
L000478,C03124,B019,Home,192800,13.4,48,2023-06-11,2023-06-12,Approved,Current
L000479,C03144,B006,Home,0,13.43,24,2023-10-20,2023-10-23,Rejected,Current
L000480,C02801,B010,Business,105900,12.4,36,2023-06-11,2023-06-22,Approved,Current
L000481,C00324,B017,Home,373300,15.75,48,2025-05-18,2025-06-02,Approved,Current
L000482,C03684,B028,Personal,40800,12.02,24,2023-08-11,2023-08-18,Approved,Current
L000483,C02203,B018,Home,121800,12.33,48,2023-11-03,2023-11-19,Approved,Current
L000484,C01795,B017,Auto,52000,12.03,60,2023-01-14,2023-01-20,Approved,Current
L000485,C02249,B028,Auto,42300,12.6,48,2024-07-24,2024-08-13,Approved,Current
L000486,C02343,B026,Auto,126900,13.16,36,2023-08-15,2023-08-25,Approved,Current
L000487,C03394,B005,Personal,11600,14.43,36,2023-05-25,2023-05-29,Approved,Current
L000488,C03401,B010,Home,0,13.78,48,2024-10-18,2024-10-24,Rejected,Current
L000489,C01976,B002,Auto,0,13.4,72,2025-02-24,2025-03-08,Rejected,Current
L000490,C03046,B018,Business,0,12.92,48,2025-04-02,2025-04-05,Rejected,Current
L000491,C01308,B029,Personal,0,12.39,72,2024-04-27,2024-05-09,Rejected,Current
L000492,C01456,B026,Personal,20200,10.24,84,2024-03-08,2024-03-24,Approved,Current
L000493,C00963,B021,Auto,43100,11.45,48,2023-08-30,2023-09-11,Approved,Current
L000494,C01718,B026,Home,246200,11.1,24,2025-07-07,2025-07-22,Approved,Current
L000495,C02430,B023,Personal,15800,10.99,72,2024-09-07,2024-09-25,Approved,Current
L000496,C02540,B020,Home,161900,12.52,72,2023-10-04,2023-10-20,Approved,Default
L000497,C03619,B028,Education,16400,12.6,72,2024-11-16,2024-11-22,Approved,Current
L000498,C02379,B029,Auto,21800,13.57,84,2023-04-10,2023-04-27,Approved,Current
L000499,C00875,B020,Home,179300,11.25,36,2024-06-05,2024-06-08,Approved,Default
L000500,C03671,B010,Business,0,13.99,36,2025-12-12,2025-12-30,Rejected,Current
L000501,C02206,B017,Personal,26600,10.83,60,2024-10-08,2024-10-19,Approved,Current
L000502,C04528,B017,Home,258600,11.72,48,2023-02-24,2023-03-13,Approved,Default
L000503,C01140,B018,Home,0,13.06,72,2025-01-25,2025-01-31,Rejected,Current
L000504,C03592,B020,Home,108400,12.56,36,2024-07-30,2024-08-17,Approved,Current
L000505,C04715,B003,Education,24600,11.7,60,2025-11-10,2025-11-15,Approved,Default
L000506,C04715,B024,Personal,11100,10.44,72,2025-02-13,2025-03-01,Approved,Current
L000507,C02674,B001,Personal,36300,12.13,36,2025-04-15,2025-05-05,Approved,Current
L000508,C04531,B028,Education,21200,14.71,36,2023-12-25,2024-01-04,Approved,Current
L000509,C01546,B022,Personal,0,10.4,36,2023-05-23,2023-06-08,Rejected,Current
L000510,C02844,B022,Home,0,10.77,24,2024-09-01,2024-09-04,Rejected,Current
L000511,C04668,B008,Home,0,15.98,24,2025-10-22,2025-11-01,Rejected,Current
L000512,C00266,B021,Education,32900,12.77,36,2023-12-23,2024-01-10,Approved,Current
L000513,C00102,B028,Home,189000,12.61,12,2024-10-04,2024-10-20,Approved,Current
L000514,C02757,B017,Home,0,13.32,36,2024-03-27,2024-04-13,Rejected,Current
L000515,C03974,B023,Auto,25200,10.67,36,2023-02-16,2023-03-05,Approved,Current
L000516,C01535,B003,Education,25800,13.56,72,2025-01-22,2025-02-01,Approved,Current
L000517,C02270,B003,Business,259100,10.69,60,2024-03-02,2024-03-07,Approved,Default
L000518,C02963,B025,Personal,0,13.11,72,2025-05-17,2025-05-21,Rejected,Current
L000519,C02484,B018,Business,106300,9.33,36,2025-06-18,2025-07-03,Approved,Current
L000520,C01214,B017,Business,0,12.17,24,2025-04-30,2025-05-16,Rejected,Current
L000521,C04736,B013,Auto,27400,11.48,36,2025-05-15,2025-06-02,Approved,Current
L000522,C02993,B020,Auto,40200,10.75,12,2025-04-27,2025-05-16,Approved,Current
L000523,C04430,B025,Home,80900,12.24,72,2024-11-22,2024-12-02,Approved,Current
L000524,C00907,B029,Auto,66300,12.63,24,2025-07-29,2025-08-09,Approved,Current
L000525,C01582,B015,Auto,0,11.5,24,2024-05-02,2024-05-11,Rejected,Current
L000526,C01605,B018,Personal,17100,13.3,60,2024-11-02,2024-11-07,Approved,Current
L000527,C00570,B011,Personal,11100,11.07,60,2025-02-08,2025-02-14,Approved,Current
L000528,C01546,B010,Personal,27800,13.68,12,2024-06-12,2024-06-15,Approved,Current
L000529,C00909,B009,Business,50500,12.37,48,2023-06-21,2023-07-04,Approved,Current
L000530,C04463,B019,Auto,18400,9.74,48,2024-07-19,2024-07-25,Approved,Current
L000531,C04084,B008,Home,0,12.28,36,2024-06-08,2024-06-19,Rejected,Current
L000532,C03341,B016,Business,218900,10.8,24,2025-08-21,2025-09-06,Approved,Current
L000533,C02426,B008,Auto,0,12.47,60,2025-01-27,2025-02-07,Rejected,Current
L000534,C03219,B028,Education,19600,12.7,36,2024-03-25,2024-04-04,Approved,Current
L000535,C02166,B017,Personal,7100,12.9,48,2025-02-21,2025-03-09,Approved,Current
L000536,C01014,B006,Home,189300,10.03,72,2023-03-03,2023-03-17,Approved,Current
L000537,C03207,B024,Auto,36700,11.76,36,2024-10-25,2024-11-10,Approved,Current
L000538,C01873,B015,Personal,17300,14.95,12,2024-05-11,2024-05-28,Approved,Current
L000539,C04910,B003,Home,499600,12.13,72,2025-04-18,2025-04-26,Approved,Current
L000540,C00206,B025,Home,172100,15.27,48,2023-07-27,2023-07-31,Approved,Current
L000541,C00816,B020,Business,27100,17.17,48,2024-03-31,2024-04-17,Approved,Current
L000542,C00066,B001,Home,147900,11.68,48,2024-04-17,2024-04-27,Approved,Current
L000543,C04046,B005,Home,237600,12.21,24,2024-10-30,2024-11-01,Approved,Current
L000544,C02052,B018,Home,0,14.52,60,2023-02-23,2023-03-07,Rejected,Current
L000545,C00003,B025,Personal,16300,11.18,36,2025-06-07,2025-06-26,Approved,Default
L000546,C00325,B006,Education,23200,14.64,36,2023-08-03,2023-08-22,Approved,Current
L000547,C00605,B023,Home,61600,11.8,60,2023-01-11,2023-01-19,Approved,Current
L000548,C04892,B023,Auto,33500,13.84,60,2024-03-29,2024-04-04,Approved,Current
L000549,C02583,B014,Personal,14900,13.16,60,2024-02-15,2024-03-05,Approved,Current
L000550,C02647,B022,Home,212200,9.67,24,2024-12-31,2025-01-18,Approved,Current
L000551,C03123,B029,Education,36700,14.4,60,2024-08-06,2024-08-20,Approved,Current
L000552,C03115,B013,Education,55400,12.24,60,2023-04-19,2023-04-22,Approved,Current
L000553,C03276,B006,Home,109400,10.66,60,2023-01-27,2023-02-14,Approved,Current
L000554,C00347,B001,Personal,8800,12.86,84,2023-12-15,2024-01-03,Approved,Current
L000555,C04155,B024,Home,0,14.66,36,2025-10-02,2025-10-17,Rejected,Current
L000556,C02728,B030,Home,0,11.53,60,2024-05-31,2024-06-16,Rejected,Current
L000557,C02559,B019,Auto,20300,12.0,48,2025-10-08,2025-10-25,Approved,Current
L000558,C03390,B015,Home,0,12.3,36,2023-08-13,2023-08-16,Rejected,Current
L000559,C03444,B011,Business,103100,9.98,60,2023-12-16,2024-01-03,Approved,Current
L000560,C02255,B026,Auto,94700,10.96,36,2024-10-07,2024-10-20,Approved,Current
L000561,C00111,B019,Personal,18000,11.03,48,2023-11-26,2023-12-08,Approved,Default
L000562,C00023,B012,Business,0,16.67,48,2025-08-14,2025-09-02,Rejected,Current
L000563,C03817,B001,Business,60900,11.12,48,2023-03-24,2023-03-26,Approved,Current
L000564,C01964,B016,Auto,56200,11.68,48,2023-09-24,2023-09-25,Approved,Current
L000565,C04883,B015,Education,0,14.5,24,2025-03-09,2025-03-19,Rejected,Current
L000566,C01708,B019,Business,129100,10.84,36,2023-07-06,2023-07-24,Approved,Current
L000567,C03083,B004,Auto,0,14.66,24,2024-04-23,2024-05-05,Rejected,Current
L000568,C03816,B030,Education,16800,11.8,60,2024-11-16,2024-11-29,Approved,Current
L000569,C00747,B028,Auto,68600,13.39,60,2024-02-02,2024-02-06,Approved,Current
L000570,C00515,B005,Home,133800,12.35,60,2025-05-12,2025-05-13,Approved,Current
L000571,C03040,B016,Home,117400,16.0,72,2024-06-04,2024-06-08,Approved,Default
L000572,C02857,B027,Business,91000,14.04,36,2023-04-23,2023-05-13,Approved,Current
L000573,C02342,B018,Personal,0,15.15,60,2023-05-02,2023-05-20,Rejected,Current
L000574,C00325,B012,Home,625500,14.15,24,2024-01-21,2024-02-07,Approved,Current
L000575,C03363,B006,Home,331500,10.92,12,2025-02-22,2025-03-14,Approved,Current
L000576,C03491,B027,Auto,23100,12.89,12,2025-07-07,2025-07-21,Approved,Current
L000577,C02508,B001,Auto,24600,10.78,48,2024-01-17,2024-01-19,Approved,Current
L000578,C03179,B010,Home,60900,12.03,60,2023-06-05,2023-06-19,Approved,Current
L000579,C03325,B011,Personal,19400,14.44,60,2025-12-02,2025-12-12,Approved,Current
L000580,C01563,B001,Business,0,13.17,48,2024-01-16,2024-02-05,Rejected,Current
L000581,C01545,B016,Auto,33600,11.96,12,2024-01-24,2024-01-27,Approved,Current
L000582,C03230,B004,Business,32200,11.19,12,2025-11-12,2025-11-27,Approved,Current
L000583,C00526,B028,Personal,0,14.77,72,2025-02-25,2025-03-04,Rejected,Current
L000584,C04634,B009,Auto,81500,13.56,24,2023-08-16,2023-08-31,Approved,Current
L000585,C01750,B019,Auto,0,13.9,60,2024-08-10,2024-08-29,Rejected,Current
L000586,C04723,B020,Home,120800,12.82,12,2024-12-14,2024-12-26,Approved,Current
L000587,C00841,B022,Business,0,10.46,24,2024-09-22,2024-09-26,Rejected,Current
L000588,C02266,B011,Personal,17400,12.9,24,2025-02-02,2025-02-03,Approved,Current
L000589,C04689,B012,Auto,106800,12.75,36,2024-09-25,2024-09-30,Approved,Current
L000590,C00713,B005,Auto,26600,11.64,36,2023-06-23,2023-07-02,Approved,Current
L000591,C00067,B014,Home,95400,13.39,24,2025-12-14,2025-12-22,Approved,Current
L000592,C00761,B016,Auto,32400,11.01,84,2024-01-22,2024-02-05,Approved,Current
L000593,C00465,B012,Personal,20000,10.21,12,2024-11-10,2024-11-24,Approved,Current
L000594,C04192,B007,Auto,43600,13.99,60,2023-12-09,2023-12-13,Approved,Default
L000595,C04504,B020,Home,280300,12.13,48,2025-01-09,2025-01-16,Approved,Current
L000596,C03190,B021,Home,0,10.98,24,2023-11-29,2023-12-01,Rejected,Current
L000597,C04900,B023,Home,133300,12.47,24,2024-12-06,2024-12-17,Approved,Current
L000598,C01468,B022,Home,126800,11.36,48,2024-03-28,2024-04-04,Approved,Current
L000599,C04853,B014,Auto,11500,11.82,36,2023-03-20,2023-04-09,Approved,Current
L000600,C02761,B018,Business,136700,11.64,48,2023-01-08,2023-01-25,Approved,Current
L000601,C04457,B007,Home,0,10.35,48,2024-07-20,2024-08-04,Rejected,Current
L000602,C01394,B005,Home,302100,11.94,48,2024-07-02,2024-07-06,Approved,Current
L000603,C03694,B006,Home,141200,9.43,48,2024-12-12,2024-12-14,Approved,Current
L000604,C04308,B010,Auto,82700,13.72,12,2023-09-27,2023-10-06,Approved,Default
L000605,C01700,B020,Home,84100,13.47,60,2024-03-07,2024-03-19,Approved,Current
L000606,C01121,B002,Home,324700,9.87,36,2024-08-23,2024-09-11,Approved,Current
L000607,C01572,B001,Auto,52600,14.46,24,2023-08-14,2023-09-02,Approved,Current
L000608,C04874,B017,Personal,24000,13.06,24,2023-12-01,2023-12-04,Approved,Current
L000609,C00729,B009,Personal,0,12.78,36,2023-05-02,2023-05-22,Rejected,Current
L000610,C03505,B013,Personal,24100,12.84,60,2024-04-20,2024-04-25,Approved,Current
L000611,C00616,B009,Home,198400,13.69,48,2025-02-24,2025-03-05,Approved,Current
L000612,C00371,B027,Personal,6600,12.71,24,2023-08-25,2023-09-13,Approved,Current
L000613,C03465,B025,Auto,75400,11.46,12,2025-02-17,2025-02-26,Approved,Current
L000614,C04728,B012,Personal,14900,13.27,12,2024-01-17,2024-02-04,Approved,Current
L000615,C04857,B014,Home,417800,12.82,48,2024-01-24,2024-02-09,Approved,Current
L000616,C04943,B015,Personal,17300,13.01,60,2024-11-24,2024-11-26,Approved,Current
L000617,C00948,B008,Auto,54900,8.15,48,2024-04-05,2024-04-17,Approved,Current
L000618,C01120,B025,Business,59200,12.15,60,2023-04-20,2023-05-08,Approved,Current
L000619,C01456,B026,Auto,36000,11.65,36,2023-08-02,2023-08-13,Approved,Current
L000620,C02549,B012,Home,200200,9.4,24,2024-04-07,2024-04-10,Approved,Default
L000621,C02423,B012,Auto,26800,12.52,60,2024-08-07,2024-08-27,Approved,Current
L000622,C03612,B001,Personal,11200,13.86,60,2024-05-29,2024-06-01,Approved,Current
L000623,C02547,B014,Personal,3300,12.55,48,2023-01-02,2023-01-17,Approved,Current
L000624,C01341,B018,Personal,11300,12.72,72,2023-07-29,2023-08-10,Approved,Default
L000625,C03846,B004,Personal,0,13.76,60,2025-04-03,2025-04-04,Rejected,Current
L000626,C01519,B008,Personal,8400,12.74,48,2023-02-27,2023-03-10,Approved,Current
L000627,C01960,B008,Home,0,13.86,48,2024-04-28,2024-04-30,Rejected,Current
L000628,C00711,B004,Personal,8200,8.9,60,2025-08-05,2025-08-19,Approved,Current
L000629,C04571,B008,Education,0,13.5,48,2024-04-29,2024-04-30,Rejected,Current
L000630,C00574,B027,Business,58100,16.51,36,2023-03-12,2023-03-30,Approved,Current
L000631,C02844,B029,Education,0,13.78,84,2025-12-04,2025-12-22,Rejected,Current
L000632,C00508,B002,Personal,27000,12.18,84,2024-10-17,2024-11-01,Approved,Current
L000633,C02223,B017,Business,0,10.77,24,2024-06-25,2024-06-29,Rejected,Current
L000634,C04788,B012,Business,112300,11.62,48,2025-02-24,2025-02-26,Approved,Current
L000635,C01295,B020,Education,0,11.6,60,2025-09-22,2025-10-07,Rejected,Current
L000636,C01698,B013,Home,121600,8.83,12,2024-04-20,2024-05-03,Approved,Current
L000637,C00788,B030,Business,0,14.18,24,2024-07-25,2024-08-04,Rejected,Current
L000638,C03790,B009,Personal,29700,10.66,48,2025-01-16,2025-01-31,Approved,Current
L000639,C04668,B019,Personal,26500,14.73,12,2024-08-14,2024-08-20,Approved,Current
L000640,C02234,B015,Personal,13900,11.1,60,2024-10-10,2024-10-20,Approved,Current
L000641,C00587,B024,Education,22600,11.78,72,2024-04-10,2024-04-13,Approved,Current
L000642,C03166,B019,Personal,0,16.46,60,2023-08-13,2023-08-26,Rejected,Current
L000643,C03651,B026,Personal,0,12.17,60,2023-08-30,2023-09-17,Rejected,Current
L000644,C04610,B021,Education,9500,14.74,60,2025-08-26,2025-09-01,Approved,Current
L000645,C03250,B014,Personal,5400,14.45,24,2024-07-11,2024-07-25,Approved,Current
L000646,C02702,B022,Business,31500,17.41,12,2024-11-14,2024-12-02,Approved,Current
L000647,C04037,B005,Business,29200,9.73,60,2024-05-06,2024-05-17,Approved,Current
L000648,C00556,B007,Personal,0,14.07,60,2024-03-28,2024-04-17,Rejected,Current
L000649,C01710,B012,Personal,27700,11.03,36,2024-06-18,2024-07-03,Approved,Current
L000650,C03976,B020,Home,95700,14.47,60,2024-05-13,2024-05-26,Approved,Current
L000651,C04391,B020,Education,0,11.41,12,2025-03-12,2025-03-28,Rejected,Current
L000652,C03308,B004,Business,212700,9.93,36,2025-01-11,2025-01-23,Approved,Current
L000653,C01511,B025,Home,243600,10.73,36,2024-12-09,2024-12-10,Approved,Default
L000654,C02587,B001,Home,591900,10.79,24,2023-07-12,2023-07-26,Approved,Current
L000655,C03547,B026,Home,173700,10.94,60,2023-06-03,2023-06-06,Approved,Current
L000656,C04077,B007,Auto,22300,11.64,60,2024-04-10,2024-04-20,Approved,Current
L000657,C03507,B003,Home,102100,16.38,48,2024-07-20,2024-07-30,Approved,Current
L000658,C04344,B010,Personal,0,15.37,36,2025-02-05,2025-02-06,Rejected,Current
L000659,C03634,B012,Auto,53500,14.16,60,2025-11-04,2025-11-22,Approved,Current
L000660,C02407,B029,Home,195400,14.41,72,2023-03-20,2023-04-06,Approved,Current
L000661,C01462,B025,Personal,14800,11.95,36,2023-01-11,2023-01-30,Approved,Current
L000662,C02172,B008,Business,189600,10.22,36,2024-07-23,2024-07-24,Approved,Current
L000663,C00403,B015,Auto,42800,10.73,60,2025-10-01,2025-10-06,Approved,Current
L000664,C00284,B009,Home,173800,14.14,60,2023-08-27,2023-09-02,Approved,Current
L000665,C00241,B006,Auto,21000,11.48,48,2025-03-20,2025-03-21,Approved,Default
L000666,C04263,B016,Home,160800,10.09,72,2025-04-28,2025-05-15,Approved,Current
L000667,C04657,B007,Auto,41500,12.1,36,2023-07-16,2023-07-28,Approved,Current
L000668,C02196,B015,Business,0,15.46,60,2023-06-10,2023-06-14,Rejected,Current
L000669,C00701,B007,Auto,16200,9.63,60,2024-05-13,2024-05-17,Approved,Current
L000670,C02671,B008,Auto,24600,10.56,36,2023-06-21,2023-07-01,Approved,Current
L000671,C01920,B014,Auto,0,13.86,12,2025-05-06,2025-05-14,Rejected,Current
L000672,C04361,B016,Home,391600,14.15,60,2023-08-14,2023-08-26,Approved,Current
L000673,C02549,B025,Personal,9500,7.75,48,2025-09-01,2025-09-13,Approved,Current
L000674,C02327,B030,Home,0,14.53,24,2023-02-01,2023-02-04,Rejected,Current
L000675,C02797,B016,Auto,0,13.06,84,2023-10-22,2023-11-07,Rejected,Current
L000676,C02207,B001,Home,163200,12.96,36,2024-12-26,2024-12-30,Approved,Current
L000677,C04595,B005,Home,0,14.45,48,2024-08-08,2024-08-13,Rejected,Current
L000678,C01611,B030,Business,99300,14.1,48,2024-08-06,2024-08-21,Approved,Current
L000679,C00488,B002,Personal,0,11.24,36,2025-01-02,2025-01-10,Rejected,Current
L000680,C00465,B025,Auto,52200,8.68,24,2023-11-30,2023-12-20,Approved,Current
L000681,C04324,B012,Home,289700,9.85,60,2025-07-14,2025-07-24,Approved,Current
L000682,C00666,B020,Home,106700,13.04,24,2025-01-06,2025-01-07,Approved,Current
L000683,C01490,B010,Home,0,14.07,60,2023-12-28,2024-01-07,Rejected,Current
L000684,C00799,B002,Personal,22600,13.42,60,2025-07-18,2025-08-05,Approved,Current
L000685,C02801,B014,Home,0,13.22,12,2025-07-23,2025-08-09,Rejected,Current
L000686,C03299,B010,Home,142800,14.08,60,2025-12-08,2025-12-12,Approved,Current
L000687,C03241,B007,Home,330700,11.47,60,2024-05-04,2024-05-17,Approved,Current
L000688,C03356,B026,Auto,0,13.39,24,2023-05-13,2023-05-19,Rejected,Current
L000689,C03930,B021,Home,0,12.24,60,2025-05-22,2025-05-23,Rejected,Current
L000690,C04358,B030,Business,0,13.41,48,2023-10-26,2023-10-27,Rejected,Current
L000691,C03874,B024,Auto,26600,9.41,24,2024-07-12,2024-07-15,Approved,Current
L000692,C00860,B023,Personal,6600,12.14,48,2025-11-08,2025-11-13,Approved,Current
L000693,C00364,B025,Personal,14400,12.83,84,2023-07-13,2023-07-31,Approved,Current
L000694,C03933,B015,Personal,0,9.47,60,2024-02-02,2024-02-14,Rejected,Current
L000695,C02146,B005,Education,48600,11.32,36,2024-03-11,2024-03-12,Approved,Current
L000696,C02832,B024,Business,0,13.49,48,2024-08-26,2024-09-04,Rejected,Current
L000697,C04679,B007,Personal,0,12.27,60,2024-01-23,2024-02-09,Rejected,Current
L000698,C03573,B014,Auto,15700,12.56,24,2024-10-04,2024-10-17,Approved,Current
L000699,C00916,B005,Education,30600,9.37,48,2023-12-01,2023-12-15,Approved,Current
L000700,C01775,B025,Auto,28100,12.84,48,2024-01-03,2024-01-14,Approved,Current
L000701,C03366,B013,Home,388100,13.92,36,2024-07-15,2024-07-26,Approved,Current
L000702,C00151,B002,Personal,0,15.0,60,2025-09-05,2025-09-09,Rejected,Current
L000703,C04964,B003,Personal,0,12.22,48,2025-01-07,2025-01-16,Rejected,Current
L000704,C03221,B016,Auto,0,13.46,60,2024-05-23,2024-06-10,Rejected,Current
L000705,C03022,B020,Business,220300,10.5,48,2024-11-26,2024-12-15,Approved,Current
L000706,C04238,B010,Home,117300,10.2,60,2024-06-11,2024-06-15,Approved,Current
L000707,C03818,B008,Personal,22600,10.95,60,2023-04-10,2023-04-22,Approved,Current
L000708,C01071,B006,Education,0,15.39,60,2023-10-05,2023-10-23,Rejected,Current
L000709,C03444,B010,Business,105400,9.31,36,2024-03-03,2024-03-21,Approved,Current
L000710,C04190,B001,Personal,14700,15.27,60,2023-11-25,2023-12-01,Approved,Current
L000711,C00761,B014,Personal,14600,9.19,24,2025-10-20,2025-10-31,Approved,Current
L000712,C04452,B019,Home,62000,13.11,36,2025-02-02,2025-02-07,Approved,Current
L000713,C04628,B017,Personal,0,12.07,72,2024-11-22,2024-12-08,Rejected,Current
L000714,C02740,B026,Personal,9900,13.79,24,2023-02-02,2023-02-13,Approved,Default
L000715,C02018,B022,Personal,0,12.9,72,2023-04-30,2023-05-05,Rejected,Current
L000716,C00917,B029,Education,11900,13.22,48,2024-01-21,2024-01-30,Approved,Current
L000717,C03944,B014,Business,53100,10.44,24,2023-01-14,2023-01-25,Approved,Current
L000718,C03461,B004,Personal,23700,15.11,60,2024-09-04,2024-09-19,Approved,Current
L000719,C01493,B030,Business,0,14.47,36,2025-01-06,2025-01-23,Rejected,Current
L000720,C03622,B012,Auto,46100,12.15,60,2023-11-17,2023-12-05,Approved,Current
L000721,C00727,B018,Home,105200,14.12,60,2023-03-27,2023-04-10,Approved,Current
L000722,C04862,B023,Business,106900,13.53,48,2024-06-25,2024-07-02,Approved,Current
L000723,C01610,B016,Auto,0,12.71,60,2023-03-21,2023-04-06,Rejected,Current
L000724,C04749,B025,Business,160600,12.61,72,2024-01-29,2024-02-07,Approved,Current
L000725,C04842,B011,Home,233800,9.51,48,2024-10-28,2024-10-31,Approved,Current
L000726,C00940,B019,Home,128900,11.07,24,2025-05-27,2025-06-12,Approved,Current
L000727,C00088,B010,Personal,0,13.35,60,2023-07-30,2023-08-06,Rejected,Current
L000728,C00563,B011,Home,0,9.64,36,2024-02-07,2024-02-14,Rejected,Current
L000729,C01269,B030,Auto,14900,9.36,48,2023-09-24,2023-10-14,Approved,Current
L000730,C01491,B025,Education,0,11.92,60,2025-12-11,2025-12-12,Rejected,Current
L000731,C04538,B027,Auto,15200,15.83,60,2024-09-29,2024-10-07,Approved,Current
L000732,C03080,B017,Personal,44600,13.27,60,2023-02-01,2023-02-02,Approved,Current
L000733,C01573,B026,Personal,10300,13.22,36,2025-10-17,2025-10-29,Approved,Current
L000734,C04655,B006,Business,266600,11.61,60,2024-04-12,2024-04-29,Approved,Current
L000735,C03172,B011,Home,102900,15.24,60,2023-10-19,2023-10-29,Approved,Current
L000736,C02801,B001,Home,0,15.2,12,2024-08-22,2024-09-10,Rejected,Current
L000737,C03414,B013,Business,154100,11.28,36,2023-06-20,2023-06-29,Approved,Current
L000738,C01258,B016,Education,46600,9.34,84,2024-01-03,2024-01-13,Approved,Current
L000739,C04889,B011,Auto,0,15.98,24,2023-11-04,2023-11-15,Rejected,Current
L000740,C04786,B022,Personal,26100,12.86,24,2023-03-09,2023-03-19,Approved,Current
L000741,C04573,B004,Home,119000,11.84,48,2023-06-25,2023-07-12,Approved,Current
L000742,C04781,B003,Business,150200,11.06,36,2025-06-01,2025-06-08,Approved,Current
L000743,C02420,B027,Education,32000,15.22,60,2025-07-08,2025-07-13,Approved,Current
L000744,C01144,B016,Education,22900,9.21,36,2025-06-10,2025-06-30,Approved,Current
L000745,C04638,B005,Home,194900,11.16,48,2023-04-22,2023-05-04,Approved,Current
L000746,C04275,B027,Business,170200,12.34,84,2023-12-21,2023-12-26,Approved,Current
L000747,C03166,B022,Personal,0,14.72,36,2023-07-10,2023-07-11,Rejected,Current
L000748,C02615,B003,Personal,5500,13.16,24,2023-09-19,2023-09-29,Approved,Current
L000749,C00748,B002,Home,302000,11.55,60,2024-09-07,2024-09-14,Approved,Current
L000750,C03490,B018,Education,43800,12.89,48,2024-11-18,2024-11-30,Approved,Current
L000751,C02634,B016,Personal,0,11.97,48,2025-12-07,2025-12-09,Rejected,Current
L000752,C03489,B025,Home,0,12.19,72,2025-07-13,2025-07-22,Rejected,Current
L000753,C01848,B004,Education,29800,11.74,24,2023-04-30,2023-05-05,Approved,Current
L000754,C04026,B019,Home,62300,10.96,48,2025-07-25,2025-07-30,Approved,Current
L000755,C01146,B010,Personal,14400,12.91,24,2024-01-19,2024-02-02,Approved,Current
L000756,C02105,B025,Auto,26200,13.14,24,2023-11-25,2023-12-14,Approved,Current
L000757,C03857,B007,Auto,0,10.12,48,2025-05-21,2025-06-08,Rejected,Current
L000758,C02769,B021,Home,138500,12.26,72,2025-02-03,2025-02-11,Approved,Current
L000759,C04060,B006,Education,40300,12.35,60,2025-02-11,2025-02-14,Approved,Current
L000760,C01809,B008,Personal,11500,14.71,36,2023-03-26,2023-04-09,Approved,Current
L000761,C00410,B012,Education,46200,14.34,48,2023-01-17,2023-01-28,Approved,Current
L000762,C00646,B029,Business,133300,11.24,60,2024-01-19,2024-01-27,Approved,Current
L000763,C03921,B007,Home,391000,14.49,24,2023-03-23,2023-04-04,Approved,Current
L000764,C01552,B025,Business,246500,12.91,36,2025-03-06,2025-03-17,Approved,Current
L000765,C01114,B029,Personal,46900,10.08,24,2023-04-16,2023-04-25,Approved,Current
L000766,C03588,B011,Personal,9400,10.57,60,2025-06-07,2025-06-11,Approved,Current
L000767,C00062,B005,Education,33800,12.64,12,2023-05-27,2023-06-15,Approved,Current
L000768,C01236,B015,Personal,0,12.4,48,2025-10-28,2025-11-04,Rejected,Current
L000769,C04344,B015,Personal,0,13.77,60,2023-10-01,2023-10-18,Rejected,Current
L000770,C01728,B026,Home,259300,9.73,60,2024-05-25,2024-06-10,Approved,Current
L000771,C04593,B002,Personal,39200,14.1,60,2025-01-04,2025-01-23,Approved,Default
L000772,C04555,B030,Business,0,11.62,36,2023-02-07,2023-02-19,Rejected,Current
L000773,C02967,B029,Education,6600,11.22,60,2024-07-24,2024-07-31,Approved,Current
L000774,C03361,B004,Home,0,13.71,84,2024-10-21,2024-11-04,Rejected,Current
L000775,C01413,B002,Home,126900,9.61,24,2023-03-23,2023-04-03,Approved,Current
L000776,C03585,B021,Home,0,13.34,72,2025-05-30,2025-06-10,Rejected,Current
L000777,C01734,B003,Personal,21900,12.81,72,2025-04-28,2025-05-05,Approved,Current
L000778,C03631,B030,Personal,23700,9.25,84,2025-02-25,2025-03-08,Approved,Current
L000779,C03870,B010,Personal,0,13.77,36,2025-02-03,2025-02-06,Rejected,Current
L000780,C02492,B002,Home,0,12.81,72,2023-10-10,2023-10-25,Rejected,Current
L000781,C02040,B016,Auto,0,16.15,24,2023-09-09,2023-09-12,Rejected,Current
L000782,C04888,B024,Education,59800,13.85,24,2025-10-02,2025-10-11,Approved,Current
L000783,C01308,B008,Auto,44300,12.34,24,2024-12-08,2024-12-25,Approved,Current
L000784,C04013,B030,Auto,0,14.14,48,2025-07-08,2025-07-25,Rejected,Current
L000785,C01725,B005,Home,209200,12.88,12,2025-05-04,2025-05-16,Approved,Current
L000786,C04691,B005,Business,37600,11.3,36,2023-02-05,2023-02-12,Approved,Current
L000787,C02456,B021,Education,40300,11.42,60,2025-08-17,2025-08-28,Approved,Current
L000788,C00942,B020,Education,0,12.21,12,2025-06-20,2025-07-04,Rejected,Current
L000789,C02037,B010,Personal,11500,15.42,60,2024-05-26,2024-06-15,Approved,Current
L000790,C01814,B003,Auto,65900,12.28,36,2025-01-27,2025-01-28,Approved,Current
L000791,C03062,B016,Auto,37200,10.26,12,2023-10-05,2023-10-11,Approved,Current
L000792,C02395,B011,Personal,12500,14.66,36,2023-11-27,2023-12-14,Approved,Current
L000793,C04368,B023,Education,20100,11.31,24,2023-12-26,2024-01-04,Approved,Current
L000794,C01285,B017,Personal,22000,15.53,60,2025-05-20,2025-05-21,Approved,Current
L000795,C00396,B013,Personal,21100,8.73,36,2023-04-12,2023-04-24,Approved,Current
L000796,C03764,B001,Home,0,12.17,24,2024-01-12,2024-02-01,Rejected,Current
L000797,C04250,B024,Home,0,12.76,48,2024-08-11,2024-08-28,Rejected,Current
L000798,C01091,B025,Education,15700,13.09,48,2025-02-12,2025-02-16,Approved,Current
L000799,C02889,B004,Home,122600,13.23,36,2025-04-01,2025-04-09,Approved,Current
L000800,C01723,B006,Home,166100,10.28,36,2023-01-02,2023-01-21,Approved,Current
L000801,C04444,B020,Auto,31300,12.25,60,2023-05-08,2023-05-27,Approved,Current
L000802,C04007,B029,Personal,16500,11.22,60,2025-07-31,2025-08-05,Approved,Current
L000803,C01087,B021,Business,0,13.48,36,2023-12-18,2023-12-29,Rejected,Current
L000804,C01305,B030,Business,267400,10.32,72,2023-02-11,2023-02-17,Approved,Current
L000805,C03113,B029,Home,295100,12.61,36,2023-09-16,2023-09-29,Approved,Current
L000806,C01015,B003,Education,53800,13.85,48,2023-02-06,2023-02-25,Approved,Current
L000807,C04373,B013,Auto,0,12.46,48,2023-01-22,2023-01-28,Rejected,Current
L000808,C00221,B019,Auto,33300,12.19,36,2023-12-25,2024-01-07,Approved,Current
L000809,C03806,B001,Education,0,11.79,36,2025-04-09,2025-04-15,Rejected,Current
L000810,C01127,B023,Auto,36200,9.4,48,2023-11-02,2023-11-18,Approved,Current
L000811,C03257,B013,Home,0,15.41,36,2023-01-14,2023-02-01,Rejected,Current
L000812,C01931,B002,Personal,0,9.2,36,2023-02-17,2023-02-28,Rejected,Current
L000813,C02123,B011,Auto,47700,9.95,60,2025-03-26,2025-04-15,Approved,Current
L000814,C00473,B016,Education,0,14.99,60,2023-06-09,2023-06-26,Rejected,Current
L000815,C00416,B021,Home,68500,14.59,60,2023-07-04,2023-07-14,Approved,Current
L000816,C01869,B011,Home,193900,10.32,24,2024-04-11,2024-04-27,Approved,Current
L000817,C04113,B027,Home,90200,13.47,60,2025-02-21,2025-02-26,Approved,Current
L000818,C01534,B029,Auto,23800,10.53,72,2024-09-22,2024-10-02,Approved,Current
L000819,C01463,B001,Personal,16500,10.6,48,2025-01-04,2025-01-07,Approved,Current
L000820,C01866,B022,Business,0,12.05,60,2024-07-11,2024-07-30,Rejected,Current
L000821,C04010,B029,Business,92200,10.81,84,2023-11-23,2023-11-27,Approved,Current
L000822,C03131,B009,Home,192100,9.77,72,2023-03-07,2023-03-19,Approved,Current
L000823,C01737,B025,Personal,27300,11.44,48,2023-11-09,2023-11-19,Approved,Current
L000824,C03187,B007,Auto,24900,11.69,60,2023-10-17,2023-10-28,Approved,Default
L000825,C00472,B021,Personal,20900,9.44,24,2023-08-15,2023-08-23,Approved,Current
L000826,C03178,B026,Home,175500,11.22,36,2025-08-18,2025-08-30,Approved,Current
L000827,C02927,B018,Personal,0,12.62,60,2023-06-24,2023-07-08,Rejected,Current
L000828,C02866,B001,Auto,12800,10.3,36,2025-04-26,2025-04-29,Approved,Current
L000829,C03198,B019,Home,174000,8.11,48,2025-01-31,2025-02-11,Approved,Current
L000830,C02462,B024,Business,0,12.36,24,2023-09-27,2023-10-04,Rejected,Current
L000831,C03582,B010,Business,0,11.92,72,2023-07-01,2023-07-16,Rejected,Current
L000832,C00501,B013,Education,24800,11.97,72,2025-06-24,2025-07-05,Approved,Default
L000833,C00121,B018,Personal,17300,14.19,48,2025-04-14,2025-04-21,Approved,Current
L000834,C01776,B011,Personal,33000,10.2,24,2023-12-06,2023-12-25,Approved,Current
L000835,C00607,B026,Home,188100,10.43,60,2025-06-14,2025-06-30,Approved,Current
L000836,C04446,B029,Personal,21100,11.01,36,2025-06-05,2025-06-24,Approved,Current
L000837,C00820,B021,Personal,17900,12.15,36,2025-05-08,2025-05-21,Approved,Current
L000838,C03265,B009,Auto,24400,12.72,84,2025-01-22,2025-02-08,Approved,Current
L000839,C00784,B028,Auto,0,11.81,24,2025-10-31,2025-11-14,Rejected,Current
L000840,C01847,B019,Personal,15400,10.33,36,2025-06-17,2025-06-19,Approved,Current
L000841,C04593,B026,Home,229700,13.51,48,2025-09-10,2025-09-20,Approved,Current
L000842,C00392,B014,Home,0,14.84,24,2023-06-16,2023-06-22,Rejected,Current
L000843,C03746,B024,Personal,0,16.22,12,2025-10-30,2025-11-15,Rejected,Current
L000844,C01133,B008,Business,159800,13.16,48,2024-07-16,2024-07-23,Approved,Current
L000845,C02977,B017,Personal,35600,13.46,24,2023-11-24,2023-12-13,Approved,Current
L000846,C02518,B004,Personal,0,14.36,36,2025-12-06,2025-12-16,Rejected,Current
L000847,C04446,B020,Personal,42900,12.34,48,2025-03-31,2025-04-20,Approved,Current
L000848,C04871,B022,Personal,20800,9.04,36,2024-02-03,2024-02-18,Approved,Current
L000849,C02197,B009,Business,119000,15.67,60,2024-03-12,2024-03-24,Approved,Current
L000850,C03461,B013,Personal,29500,15.82,84,2025-03-20,2025-03-29,Approved,Current
L000851,C04440,B005,Auto,32400,8.36,60,2025-03-07,2025-03-25,Approved,Current
L000852,C00677,B024,Home,102700,13.83,84,2025-12-06,2025-12-23,Approved,Current
L000853,C00595,B019,Auto,70900,13.82,36,2024-12-31,2025-01-19,Approved,Current
L000854,C03885,B027,Education,18400,13.59,36,2025-03-08,2025-03-18,Approved,Default
L000855,C03152,B014,Business,0,13.27,36,2024-09-26,2024-10-04,Rejected,Current
L000856,C03325,B013,Personal,15800,13.29,72,2024-06-09,2024-06-29,Approved,Current
L000857,C02935,B011,Business,0,16.15,36,2024-05-03,2024-05-08,Rejected,Current
L000858,C04334,B019,Home,185400,14.58,60,2024-05-19,2024-06-01,Approved,Current
L000859,C02986,B026,Home,175300,11.14,60,2025-01-19,2025-01-21,Approved,Current
L000860,C02364,B007,Auto,67100,12.62,12,2025-05-23,2025-05-24,Approved,Current
L000861,C00840,B007,Education,36000,13.11,72,2024-07-09,2024-07-17,Approved,Current
L000862,C02511,B011,Personal,0,15.09,48,2024-02-13,2024-02-23,Rejected,Current
L000863,C03770,B021,Business,63900,11.12,36,2023-08-27,2023-09-01,Approved,Current
L000864,C04688,B025,Personal,14500,10.6,84,2023-11-13,2023-12-01,Approved,Current
L000865,C02888,B012,Home,149800,10.75,60,2025-02-08,2025-02-10,Approved,Current
L000866,C03044,B029,Business,0,12.9,60,2025-09-03,2025-09-12,Rejected,Current
L000867,C01632,B011,Home,100900,10.87,84,2023-03-20,2023-04-05,Approved,Current
L000868,C01406,B021,Personal,21100,12.44,60,2024-04-19,2024-05-09,Approved,Current
L000869,C04246,B006,Home,0,14.71,24,2023-11-26,2023-12-13,Rejected,Current
L000870,C02490,B013,Business,56300,10.56,84,2024-05-24,2024-06-09,Approved,Current
L000871,C04491,B012,Home,0,13.14,48,2025-02-15,2025-02-16,Rejected,Current
L000872,C03437,B008,Personal,28700,9.43,36,2025-07-08,2025-07-13,Approved,Current
L000873,C00006,B011,Home,0,15.6,60,2025-08-18,2025-09-06,Rejected,Current
L000874,C02582,B025,Education,74600,9.07,12,2023-06-15,2023-07-03,Approved,Current
L000875,C00220,B017,Auto,108200,10.2,60,2025-06-19,2025-07-09,Approved,Current
L000876,C02919,B018,Auto,42100,11.04,24,2023-08-25,2023-08-28,Approved,Current
L000877,C00012,B024,Business,0,11.6,24,2024-04-15,2024-05-03,Rejected,Current
L000878,C02843,B030,Personal,20900,13.51,36,2023-05-15,2023-05-26,Approved,Current
L000879,C00458,B004,Auto,16300,12.52,36,2025-08-04,2025-08-15,Approved,Current
L000880,C02273,B023,Home,0,11.94,60,2023-06-09,2023-06-20,Rejected,Current
L000881,C00167,B005,Personal,0,13.78,48,2024-09-10,2024-09-20,Rejected,Current
L000882,C01974,B030,Personal,12700,10.55,60,2025-04-21,2025-05-01,Approved,Current
L000883,C01945,B028,Business,0,11.72,24,2025-01-24,2025-01-28,Rejected,Current
L000884,C02196,B004,Personal,25400,14.05,72,2025-01-24,2025-02-02,Approved,Current
L000885,C04132,B009,Home,122500,14.02,72,2024-07-08,2024-07-18,Approved,Current
L000886,C03829,B020,Personal,0,13.36,36,2024-02-19,2024-03-03,Rejected,Current
L000887,C04738,B012,Personal,0,13.11,48,2025-11-12,2025-11-13,Rejected,Current
L000888,C00240,B014,Home,352300,10.13,48,2025-04-19,2025-05-05,Approved,Current
L000889,C00917,B013,Business,78200,12.15,72,2024-10-17,2024-11-05,Approved,Current
L000890,C02953,B026,Personal,0,13.89,72,2025-02-15,2025-02-27,Rejected,Current
L000891,C03439,B006,Personal,0,13.43,12,2025-09-05,2025-09-10,Rejected,Current
L000892,C00856,B021,Auto,64400,14.31,84,2024-07-04,2024-07-09,Approved,Current
L000893,C02665,B004,Auto,49200,14.18,12,2023-10-27,2023-11-03,Approved,Default
L000894,C03239,B023,Auto,65500,14.4,48,2024-08-10,2024-08-22,Approved,Current
L000895,C00554,B010,Personal,7200,13.14,36,2025-08-26,2025-09-09,Approved,Current
L000896,C02814,B016,Business,65900,11.99,36,2023-02-17,2023-02-18,Approved,Current
L000897,C01886,B020,Home,326300,12.44,60,2023-07-24,2023-07-30,Approved,Current
L000898,C02946,B011,Auto,44000,10.39,48,2024-09-02,2024-09-20,Approved,Current
L000899,C01229,B022,Personal,16800,14.42,24,2024-02-26,2024-03-03,Approved,Current
L000900,C00195,B003,Personal,13900,15.11,84,2025-08-31,2025-09-19,Approved,Default
L000901,C03688,B011,Business,146600,10.63,12,2023-11-16,2023-11-28,Approved,Current
L000902,C01426,B030,Personal,6100,13.64,36,2025-08-05,2025-08-23,Approved,Current
L000903,C03820,B010,Personal,27800,14.14,60,2023-03-31,2023-04-03,Approved,Current
L000904,C02694,B013,Auto,33600,10.84,72,2024-07-03,2024-07-14,Approved,Current
L000905,C03754,B010,Home,141400,12.03,60,2023-04-21,2023-04-25,Approved,Default
L000906,C01972,B012,Auto,42200,11.89,36,2024-11-14,2024-11-27,Approved,Current
L000907,C00500,B005,Auto,25900,12.21,60,2025-10-28,2025-10-29,Approved,Current
L000908,C04115,B025,Home,188000,13.47,60,2023-01-23,2023-02-12,Approved,Current
L000909,C03774,B029,Home,180400,9.81,48,2024-07-24,2024-07-30,Approved,Current
L000910,C03648,B021,Education,0,12.66,60,2024-03-16,2024-03-30,Rejected,Current
L000911,C02867,B015,Home,201900,14.0,48,2025-10-08,2025-10-17,Approved,Current
L000912,C00687,B010,Auto,11200,12.02,12,2024-11-17,2024-11-26,Approved,Current
L000913,C02068,B023,Personal,0,12.96,36,2024-04-06,2024-04-13,Rejected,Current
L000914,C03922,B011,Business,0,10.05,60,2024-09-20,2024-10-05,Rejected,Current
L000915,C00448,B002,Personal,0,16.44,36,2025-01-21,2025-01-31,Rejected,Current
L000916,C01767,B017,Auto,0,13.31,48,2024-10-27,2024-11-05,Rejected,Current
L000917,C01125,B011,Home,463600,12.8,48,2023-11-04,2023-11-19,Approved,Current
L000918,C00294,B013,Auto,0,14.05,60,2024-02-25,2024-03-05,Rejected,Current
L000919,C04161,B008,Home,380100,13.7,36,2023-10-30,2023-11-06,Approved,Current
L000920,C02547,B002,Auto,11000,12.96,48,2024-12-12,2024-12-20,Approved,Current
L000921,C00076,B009,Personal,18200,13.08,48,2024-06-09,2024-06-11,Approved,Current
L000922,C03776,B026,Home,211700,16.01,60,2023-02-16,2023-02-19,Approved,Default
L000923,C02683,B021,Business,0,13.8,48,2025-01-29,2025-01-31,Rejected,Current
L000924,C03197,B020,Personal,15200,10.74,36,2024-08-28,2024-08-29,Approved,Current
L000925,C02075,B018,Personal,19200,10.35,48,2024-05-13,2024-05-25,Approved,Current
L000926,C01300,B024,Home,93800,11.77,24,2023-04-16,2023-04-21,Approved,Current
L000927,C02728,B016,Education,45100,11.01,60,2025-01-09,2025-01-27,Approved,Current
L000928,C04179,B018,Personal,20700,13.3,72,2025-06-25,2025-07-14,Approved,Current
L000929,C03535,B012,Personal,22000,10.56,48,2025-02-08,2025-02-10,Approved,Current
L000930,C02054,B026,Auto,0,12.06,36,2023-06-07,2023-06-23,Rejected,Current
L000931,C01700,B009,Personal,15000,12.28,36,2024-01-06,2024-01-12,Approved,Current
L000932,C04464,B019,Home,246900,11.88,72,2025-03-02,2025-03-05,Approved,Current
L000933,C02519,B016,Business,227800,12.95,60,2023-09-02,2023-09-10,Approved,Current
L000934,C01738,B009,Personal,8400,10.13,60,2023-04-27,2023-05-01,Approved,Default
L000935,C01931,B020,Auto,14500,10.86,48,2023-03-11,2023-03-29,Approved,Current
L000936,C00370,B025,Home,214200,13.39,36,2025-05-27,2025-06-16,Approved,Current
L000937,C03740,B025,Education,23300,13.27,24,2023-05-15,2023-05-19,Approved,Current
L000938,C04374,B005,Education,30000,11.76,84,2025-01-06,2025-01-14,Approved,Current
L000939,C00340,B020,Home,182600,14.57,24,2025-06-08,2025-06-15,Approved,Default
L000940,C02863,B019,Auto,45100,11.06,36,2023-05-18,2023-06-07,Approved,Current
L000941,C00614,B027,Auto,27300,8.61,60,2024-12-13,2024-12-31,Approved,Current
L000942,C01104,B026,Home,95200,11.48,36,2023-08-28,2023-08-29,Approved,Current
L000943,C03778,B015,Personal,11700,10.41,48,2024-06-20,2024-07-08,Approved,Current
L000944,C00793,B004,Education,25600,12.79,60,2023-08-05,2023-08-07,Approved,Current
L000945,C00067,B022,Home,0,16.96,48,2025-05-30,2025-06-18,Rejected,Current
L000946,C04311,B008,Personal,17600,10.83,48,2025-11-01,2025-11-11,Approved,Current
L000947,C04512,B016,Business,98200,10.04,12,2024-05-21,2024-05-22,Approved,Current
L000948,C04648,B012,Auto,26300,14.32,48,2024-02-22,2024-02-29,Approved,Default
L000949,C03796,B003,Personal,20200,12.52,48,2024-01-22,2024-02-05,Approved,Current
L000950,C00571,B026,Personal,7400,12.83,72,2025-07-11,2025-07-12,Approved,Current
L000951,C00540,B009,Personal,10700,11.13,48,2024-08-17,2024-08-21,Approved,Current
L000952,C00117,B016,Education,14900,11.28,60,2025-04-19,2025-04-30,Approved,Current
L000953,C02199,B027,Education,45400,13.38,60,2023-02-05,2023-02-07,Approved,Current
L000954,C03032,B022,Home,0,10.41,48,2025-04-08,2025-04-16,Rejected,Current
L000955,C03457,B015,Business,58500,13.07,36,2024-12-11,2024-12-29,Approved,Default
L000956,C03052,B020,Home,162500,11.89,72,2024-11-12,2024-11-29,Approved,Current
L000957,C02482,B003,Auto,21900,15.63,72,2023-09-05,2023-09-19,Approved,Current
L000958,C02368,B005,Home,208900,12.11,72,2023-11-17,2023-12-05,Approved,Current
L000959,C01635,B008,Home,132400,9.92,36,2024-12-23,2025-01-02,Approved,Current
L000960,C00242,B023,Personal,21000,13.04,36,2025-02-20,2025-03-12,Approved,Current
L000961,C00465,B007,Personal,25900,9.58,72,2024-09-18,2024-10-06,Approved,Current
L000962,C02251,B013,Personal,9200,10.19,24,2023-11-19,2023-12-09,Approved,Current
L000963,C04645,B016,Personal,20900,11.07,60,2025-07-18,2025-07-23,Approved,Current
L000964,C04954,B011,Education,10400,7.75,36,2025-06-22,2025-06-30,Approved,Current
L000965,C01879,B029,Education,24300,10.55,60,2023-03-02,2023-03-12,Approved,Current
L000966,C04882,B014,Business,79500,10.62,60,2025-07-23,2025-07-24,Approved,Current
L000967,C04637,B007,Personal,0,17.08,36,2025-10-18,2025-11-04,Rejected,Current
L000968,C02535,B021,Home,155800,11.88,24,2025-07-07,2025-07-26,Approved,Current
L000969,C01906,B008,Home,140900,12.08,60,2023-11-24,2023-12-11,Approved,Current
L000970,C03810,B024,Home,0,13.95,12,2025-06-13,2025-06-23,Rejected,Current
L000971,C00572,B027,Personal,20500,12.51,12,2023-06-17,2023-07-05,Approved,Current
L000972,C02709,B009,Home,214200,12.86,72,2023-12-24,2023-12-25,Approved,Current
L000973,C03642,B013,Personal,19200,13.16,60,2025-05-17,2025-06-03,Approved,Current
L000974,C03505,B004,Business,69300,12.57,48,2024-11-13,2024-11-26,Approved,Current
L000975,C03620,B004,Auto,0,12.9,60,2023-03-25,2023-04-04,Rejected,Current
L000976,C00657,B006,Home,428100,13.61,84,2023-09-05,2023-09-06,Approved,Current
L000977,C03152,B012,Auto,0,14.43,12,2025-04-05,2025-04-25,Rejected,Current
L000978,C00949,B007,Personal,19700,12.08,36,2025-10-18,2025-10-25,Approved,Current
L000979,C04111,B011,Personal,13900,8.4,60,2025-07-20,2025-08-02,Approved,Current
L000980,C03023,B025,Home,0,12.96,36,2025-08-26,2025-09-02,Rejected,Current
L000981,C00307,B004,Business,94300,15.17,36,2024-04-25,2024-05-01,Approved,Default
L000982,C00705,B018,Personal,18500,9.65,48,2024-10-07,2024-10-20,Approved,Current
L000983,C04493,B007,Auto,0,11.93,60,2023-07-12,2023-07-20,Rejected,Current
L000984,C00678,B007,Personal,15300,12.07,36,2024-03-13,2024-03-29,Approved,Current
L000985,C02913,B021,Personal,45300,14.45,48,2024-05-14,2024-05-23,Approved,Current
L000986,C03994,B015,Personal,0,15.53,48,2023-06-01,2023-06-14,Rejected,Current
L000987,C00211,B014,Auto,53400,11.3,24,2024-10-30,2024-11-01,Approved,Current
L000988,C04495,B024,Home,163900,13.15,48,2023-09-26,2023-10-08,Approved,Current
L000989,C01397,B015,Auto,29900,12.27,72,2024-07-28,2024-08-09,Approved,Current
L000990,C03461,B027,Personal,28100,14.43,60,2023-06-06,2023-06-21,Approved,Current
L000991,C04354,B029,Personal,0,12.15,48,2023-07-06,2023-07-26,Rejected,Current
L000992,C02163,B009,Auto,16100,12.88,24,2023-11-13,2023-11-23,Approved,Current
L000993,C04430,B022,Personal,19300,12.4,12,2024-08-22,2024-09-05,Approved,Current
L000994,C04445,B023,Personal,23400,10.22,12,2025-09-13,2025-09-30,Approved,Current
L000995,C02281,B009,Home,172200,12.32,60,2023-03-25,2023-04-04,Approved,Current
L000996,C04545,B012,Auto,39400,11.84,60,2023-07-15,2023-07-26,Approved,Current
L000997,C03149,B008,Auto,0,16.55,60,2024-01-13,2024-01-30,Rejected,Current
L000998,C04081,B022,Personal,0,13.42,36,2023-04-28,2023-05-09,Rejected,Current
L000999,C00828,B018,Auto,0,16.33,24,2023-01-26,2023-02-10,Rejected,Current
L001000,C02656,B015,Auto,54700,13.18,60,2023-08-27,2023-08-31,Approved,Current
L001001,C02146,B002,Home,161700,10.44,72,2024-01-17,2024-01-21,Approved,Current
L001002,C03702,B020,Personal,0,14.67,48,2025-03-03,2025-03-18,Rejected,Current
L001003,C04558,B011,Auto,31900,12.97,60,2025-11-07,2025-11-21,Approved,Current
L001004,C00500,B013,Auto,20300,12.72,60,2024-10-25,2024-11-03,Approved,Current
L001005,C02679,B007,Personal,13900,11.9,72,2024-05-16,2024-06-01,Approved,Current
L001006,C01062,B020,Auto,0,11.86,12,2024-09-11,2024-09-12,Rejected,Current
L001007,C03497,B008,Home,234500,9.84,84,2025-02-14,2025-02-17,Approved,Current
L001008,C04223,B006,Business,316600,12.33,72,2023-08-05,2023-08-09,Approved,Current
L001009,C01127,B003,Personal,13800,9.06,72,2025-09-21,2025-10-10,Approved,Current
L001010,C01990,B001,Personal,0,9.17,84,2023-01-24,2023-02-02,Rejected,Current
L001011,C02525,B025,Home,115300,10.76,60,2025-09-26,2025-10-15,Approved,Current
L001012,C03301,B014,Home,242000,10.72,24,2024-01-08,2024-01-16,Approved,Current
L001013,C02771,B001,Home,0,14.42,60,2024-09-05,2024-09-09,Rejected,Current
L001014,C04181,B008,Auto,0,13.61,24,2023-11-26,2023-12-09,Rejected,Current
L001015,C01383,B027,Auto,0,14.29,60,2025-07-24,2025-08-12,Rejected,Current
L001016,C04882,B019,Auto,0,14.41,48,2024-02-21,2024-03-06,Rejected,Current
L001017,C04168,B021,Personal,0,13.83,12,2024-02-27,2024-03-03,Rejected,Current
L001018,C03167,B016,Auto,20100,12.06,48,2024-08-28,2024-09-15,Approved,Current
L001019,C02636,B022,Home,220300,13.89,60,2025-11-26,2025-12-14,Approved,Current
L001020,C01030,B006,Personal,27300,13.4,24,2024-11-30,2024-12-15,Approved,Current
L001021,C01619,B009,Personal,38500,10.61,12,2023-04-23,2023-05-10,Approved,Current
L001022,C04248,B020,Personal,30700,10.34,48,2024-06-25,2024-06-28,Approved,Current
L001023,C03629,B006,Home,253500,13.7,12,2025-07-29,2025-07-30,Approved,Current
L001024,C01236,B003,Home,130300,11.83,72,2023-01-18,2023-02-05,Approved,Current
L001025,C02631,B006,Education,0,10.09,60,2023-06-11,2023-06-27,Rejected,Current
L001026,C03984,B010,Business,50800,12.82,60,2023-06-08,2023-06-14,Approved,Current
L001027,C01406,B013,Business,48200,11.54,12,2025-10-30,2025-11-08,Approved,Current
L001028,C04238,B001,Home,184900,10.37,48,2025-05-22,2025-06-01,Approved,Current
L001029,C01548,B016,Business,63700,11.44,60,2025-11-04,2025-11-21,Approved,Current
L001030,C01885,B012,Personal,34800,12.33,48,2024-07-18,2024-07-25,Approved,Current
L001031,C02185,B013,Auto,23300,13.35,72,2024-11-29,2024-12-13,Approved,Current
L001032,C00219,B025,Home,194800,14.3,60,2025-12-14,2025-12-28,Approved,Current
L001033,C04351,B014,Personal,15600,11.25,36,2024-03-21,2024-04-02,Approved,Current
L001034,C00812,B020,Personal,0,9.3,60,2025-06-08,2025-06-14,Rejected,Current
L001035,C00270,B011,Auto,58300,13.12,48,2024-01-26,2024-02-09,Approved,Current
L001036,C04979,B014,Personal,26400,10.41,72,2023-05-19,2023-05-27,Approved,Current
L001037,C04700,B026,Auto,50000,12.0,60,2025-06-02,2025-06-19,Approved,Default
L001038,C03206,B008,Education,38800,13.85,48,2025-01-31,2025-02-08,Approved,Current
L001039,C01187,B009,Personal,11900,13.78,48,2023-05-05,2023-05-13,Approved,Current
L001040,C01734,B024,Home,123100,12.52,36,2023-08-07,2023-08-24,Approved,Current
L001041,C04797,B013,Auto,41000,11.57,24,2023-10-08,2023-10-19,Approved,Current
L001042,C02968,B014,Personal,42100,12.8,36,2024-03-15,2024-03-22,Approved,Current
L001043,C00073,B015,Education,34600,11.8,36,2023-04-12,2023-04-19,Approved,Default
L001044,C04994,B021,Business,0,13.23,24,2025-11-29,2025-12-11,Rejected,Current
L001045,C04639,B023,Personal,13500,13.0,60,2024-04-15,2024-05-01,Approved,Current
L001046,C04062,B020,Personal,32900,10.28,12,2024-03-09,2024-03-22,Approved,Current
L001047,C00631,B005,Education,22200,12.84,72,2023-01-11,2023-01-26,Approved,Current
L001048,C02843,B030,Education,0,10.38,24,2023-05-12,2023-05-31,Rejected,Current
L001049,C00878,B007,Home,151300,9.12,12,2024-04-28,2024-05-01,Approved,Current
L001050,C00757,B013,Personal,29400,14.45,84,2024-02-19,2024-03-01,Approved,Current
L001051,C02666,B003,Auto,0,10.59,84,2025-04-01,2025-04-09,Rejected,Current
L001052,C04294,B001,Personal,8000,10.05,24,2024-07-21,2024-07-29,Approved,Current
L001053,C01451,B019,Education,58000,12.27,24,2025-05-11,2025-05-23,Approved,Current
L001054,C02541,B021,Business,0,13.89,24,2023-12-21,2023-12-24,Rejected,Current
L001055,C00082,B002,Auto,26300,13.02,48,2023-09-18,2023-10-08,Approved,Current
L001056,C01332,B025,Personal,16800,13.15,36,2024-08-14,2024-08-16,Approved,Current
L001057,C01723,B016,Auto,63300,10.13,36,2025-10-07,2025-10-10,Approved,Current
L001058,C00357,B018,Personal,0,11.46,60,2024-08-02,2024-08-18,Rejected,Current
L001059,C01320,B005,Personal,0,12.77,72,2025-10-24,2025-11-12,Rejected,Current
L001060,C00580,B006,Home,0,13.97,84,2023-12-07,2023-12-27,Rejected,Current
L001061,C04396,B030,Home,87800,11.14,48,2025-08-27,2025-09-03,Approved,Current
L001062,C00646,B017,Business,0,12.98,36,2023-04-05,2023-04-24,Rejected,Current
L001063,C02234,B026,Business,119500,11.96,48,2023-01-16,2023-01-17,Approved,Current
L001064,C02632,B018,Home,75900,12.29,72,2023-11-22,2023-12-05,Approved,Current
L001065,C03300,B004,Home,150700,13.05,12,2025-05-24,2025-06-07,Approved,Current
L001066,C00308,B009,Home,0,13.0,72,2024-11-01,2024-11-02,Rejected,Current
L001067,C00234,B030,Home,314000,12.53,36,2023-04-04,2023-04-08,Approved,Current
L001068,C01035,B006,Auto,46800,8.52,36,2025-09-23,2025-10-10,Approved,Current
L001069,C02223,B018,Home,73300,12.26,36,2023-12-02,2023-12-08,Approved,Current
L001070,C02821,B017,Education,19100,13.37,72,2025-03-22,2025-04-11,Approved,Current
L001071,C04739,B028,Auto,0,12.61,24,2023-06-13,2023-06-19,Rejected,Current
L001072,C01736,B024,Personal,16000,11.89,36,2025-06-12,2025-06-14,Approved,Current
L001073,C04278,B001,Personal,9800,13.12,60,2024-02-16,2024-03-04,Approved,Current
L001074,C00942,B002,Home,0,14.4,72,2024-01-03,2024-01-19,Rejected,Current
L001075,C00350,B002,Home,126300,11.59,24,2023-11-15,2023-11-27,Approved,Current
L001076,C02687,B012,Home,255700,13.12,48,2024-05-03,2024-05-15,Approved,Current
L001077,C01406,B007,Personal,18000,10.05,72,2024-07-03,2024-07-21,Approved,Current
L001078,C03628,B019,Education,0,13.95,72,2025-06-14,2025-06-30,Rejected,Current
L001079,C01546,B006,Personal,0,13.45,72,2023-07-06,2023-07-12,Rejected,Current
L001080,C04321,B015,Auto,0,17.6,72,2023-01-25,2023-02-07,Rejected,Current
L001081,C01752,B015,Personal,21100,12.13,36,2023-05-22,2023-06-07,Approved,Default
L001082,C01747,B013,Home,162200,13.09,36,2024-03-03,2024-03-13,Approved,Current
L001083,C04382,B013,Home,103500,10.14,72,2023-01-25,2023-02-05,Approved,Current
L001084,C01355,B015,Home,333400,15.96,60,2024-04-21,2024-04-22,Approved,Current
L001085,C03633,B010,Home,290800,12.16,36,2025-04-26,2025-05-03,Approved,Current
L001086,C04289,B015,Auto,0,15.37,60,2025-11-12,2025-11-29,Rejected,Current
L001087,C01169,B001,Auto,21900,11.13,36,2023-05-02,2023-05-14,Approved,Current
L001088,C04767,B007,Auto,41100,7.89,48,2025-09-09,2025-09-29,Approved,Current
L001089,C04045,B015,Business,0,14.38,36,2023-01-17,2023-02-06,Rejected,Current
L001090,C02586,B003,Business,67300,10.22,48,2023-01-02,2023-01-17,Approved,Current
L001091,C04708,B012,Auto,18100,9.77,72,2023-09-24,2023-10-03,Approved,Current
L001092,C00901,B005,Personal,10300,14.93,60,2023-09-08,2023-09-14,Approved,Current
L001093,C03342,B003,Education,0,14.39,60,2023-10-04,2023-10-09,Rejected,Current
L001094,C04147,B004,Education,0,14.41,36,2025-10-26,2025-10-31,Rejected,Current
L001095,C00128,B010,Auto,12200,16.21,12,2023-08-12,2023-08-21,Approved,Current
L001096,C01676,B020,Home,0,14.95,60,2025-07-29,2025-07-31,Rejected,Current
L001097,C01778,B011,Personal,20700,11.83,48,2025-11-20,2025-11-30,Approved,Current
L001098,C00234,B020,Business,161800,14.9,36,2024-04-17,2024-04-22,Approved,Current
L001099,C02496,B016,Business,109400,13.77,72,2024-05-28,2024-06-14,Approved,Current
L001100,C00584,B009,Auto,26000,14.31,48,2023-06-14,2023-06-18,Approved,Current
L001101,C01467,B027,Auto,20400,13.21,48,2023-10-27,2023-10-31,Approved,Default
L001102,C00503,B013,Personal,31000,11.05,36,2025-09-01,2025-09-14,Approved,Current
L001103,C04381,B005,Home,243100,12.48,72,2024-03-29,2024-04-18,Approved,Current
L001104,C01156,B026,Auto,24400,11.93,72,2024-09-30,2024-10-19,Approved,Current
L001105,C01500,B027,Personal,0,13.84,60,2024-04-25,2024-05-01,Rejected,Current
L001106,C00936,B009,Auto,25000,12.11,24,2023-03-16,2023-04-04,Approved,Current
L001107,C02592,B024,Business,0,13.21,24,2023-11-05,2023-11-21,Rejected,Current
L001108,C00356,B021,Home,0,13.78,48,2023-03-17,2023-03-23,Rejected,Current
L001109,C01995,B025,Personal,24100,14.38,24,2024-01-22,2024-02-02,Approved,Current
L001110,C01446,B027,Business,55000,13.83,36,2025-08-14,2025-08-24,Approved,Current
L001111,C02660,B027,Personal,15300,13.08,24,2025-01-16,2025-02-03,Approved,Current
L001112,C03281,B030,Home,129100,13.43,36,2025-12-14,2025-12-23,Approved,Default
L001113,C03975,B024,Auto,37000,12.62,72,2024-04-04,2024-04-14,Approved,Current
L001114,C02505,B009,Business,117600,14.2,60,2024-10-22,2024-11-06,Approved,Current
L001115,C02147,B029,Business,51800,10.02,24,2023-11-09,2023-11-23,Approved,Current
L001116,C01211,B010,Home,231300,8.39,60,2023-09-26,2023-10-12,Approved,Current
L001117,C00630,B014,Home,0,10.99,12,2023-06-04,2023-06-11,Rejected,Current
L001118,C02718,B022,Business,317200,10.74,84,2024-04-24,2024-05-02,Approved,Current
L001119,C04883,B013,Auto,24200,13.15,48,2023-01-28,2023-02-05,Approved,Current
L001120,C01495,B012,Auto,57000,11.96,48,2025-05-11,2025-05-24,Approved,Current
L001121,C01108,B022,Home,206600,9.4,36,2023-04-29,2023-05-18,Approved,Current
L001122,C03078,B008,Home,211300,11.6,48,2025-11-16,2025-11-26,Approved,Current
L001123,C04987,B028,Home,97400,11.97,48,2023-05-30,2023-05-31,Approved,Current
L001124,C03435,B003,Home,294200,13.1,60,2024-11-12,2024-11-28,Approved,Current
L001125,C03055,B026,Home,0,14.99,12,2025-01-31,2025-02-03,Rejected,Current
L001126,C02816,B020,Education,36300,12.81,36,2023-07-02,2023-07-05,Approved,Current
L001127,C03782,B017,Home,176000,8.16,36,2023-07-02,2023-07-08,Approved,Current
L001128,C02036,B013,Personal,0,12.71,24,2023-06-22,2023-07-04,Rejected,Current
L001129,C00170,B010,Home,113600,10.78,36,2024-06-25,2024-06-30,Approved,Current
L001130,C03832,B018,Auto,29400,10.72,36,2023-12-21,2024-01-06,Approved,Current
L001131,C02297,B006,Education,0,11.87,60,2023-06-03,2023-06-20,Rejected,Current
L001132,C04758,B018,Business,0,13.2,60,2024-08-23,2024-09-02,Rejected,Current
L001133,C02788,B019,Business,102300,11.66,72,2024-01-20,2024-01-27,Approved,Current
L001134,C03316,B011,Business,0,11.95,36,2025-01-02,2025-01-12,Rejected,Current
L001135,C00632,B001,Education,32100,13.53,72,2025-07-08,2025-07-10,Approved,Current
L001136,C00805,B009,Personal,17000,13.47,72,2025-11-14,2025-11-29,Approved,Current
L001137,C03035,B011,Home,231900,12.9,48,2024-07-07,2024-07-24,Approved,Current
L001138,C03088,B012,Home,211400,12.36,60,2023-12-27,2023-12-31,Approved,Current
L001139,C04481,B021,Home,195200,13.64,48,2025-02-14,2025-02-22,Approved,Current
L001140,C03413,B021,Auto,35100,10.0,36,2025-05-23,2025-06-11,Approved,Current
L001141,C04989,B010,Home,0,15.32,36,2024-12-18,2024-12-20,Rejected,Current
L001142,C03870,B009,Auto,16500,15.65,24,2024-10-21,2024-11-06,Approved,Current
L001143,C00792,B012,Home,155300,11.75,60,2024-05-09,2024-05-23,Approved,Current
L001144,C04142,B021,Home,222800,12.43,48,2024-02-28,2024-03-11,Approved,Current
L001145,C02552,B018,Home,77500,14.19,36,2025-04-20,2025-04-29,Approved,Current
L001146,C03842,B018,Business,203200,14.22,48,2023-09-12,2023-09-24,Approved,Current
L001147,C03215,B009,Auto,36800,11.0,24,2023-09-18,2023-09-21,Approved,Current
L001148,C03357,B007,Education,47400,9.68,24,2024-06-06,2024-06-19,Approved,Current
L001149,C04926,B005,Business,0,14.59,60,2024-02-26,2024-03-03,Rejected,Current
L001150,C02573,B005,Home,232100,12.99,72,2024-08-02,2024-08-04,Approved,Current
L001151,C03905,B012,Personal,0,13.08,36,2024-02-20,2024-02-27,Rejected,Current
L001152,C02095,B007,Auto,34700,13.07,36,2025-10-25,2025-11-14,Approved,Current
L001153,C04624,B024,Auto,36000,13.52,36,2025-07-06,2025-07-20,Approved,Current
L001154,C00616,B014,Home,101800,11.01,48,2023-07-25,2023-07-31,Approved,Current
L001155,C03994,B009,Personal,0,16.01,36,2024-04-13,2024-04-22,Rejected,Current
L001156,C04297,B022,Auto,41300,12.68,36,2023-03-23,2023-03-30,Approved,Current
L001157,C02302,B001,Personal,9100,10.83,60,2025-01-26,2025-02-14,Approved,Current
L001158,C02231,B003,Education,87000,12.11,36,2023-09-24,2023-10-10,Approved,Current
L001159,C01573,B029,Auto,37000,13.68,72,2025-01-20,2025-02-02,Approved,Current
L001160,C03029,B011,Personal,37900,12.37,36,2024-04-19,2024-04-25,Approved,Current
L001161,C02538,B015,Personal,0,11.15,36,2023-06-02,2023-06-06,Rejected,Current
L001162,C00505,B028,Auto,48400,14.39,84,2024-07-07,2024-07-19,Approved,Current
L001163,C01946,B018,Auto,33000,11.43,36,2024-05-01,2024-05-11,Approved,Current
L001164,C01862,B008,Auto,55600,11.23,48,2024-07-24,2024-08-09,Approved,Current
L001165,C03723,B001,Auto,0,12.82,36,2024-09-20,2024-09-21,Rejected,Current
L001166,C03684,B013,Auto,52200,9.43,12,2025-01-30,2025-02-11,Approved,Current
L001167,C00404,B015,Home,0,13.49,84,2025-12-07,2025-12-27,Rejected,Current
L001168,C04332,B007,Education,25700,13.5,36,2025-11-13,2025-12-02,Approved,Current
L001169,C01620,B003,Home,147700,10.14,60,2024-12-09,2024-12-28,Approved,Current
L001170,C02907,B018,Personal,15300,11.29,72,2025-11-22,2025-12-10,Approved,Current
L001171,C03014,B004,Home,0,13.02,48,2025-04-17,2025-04-26,Rejected,Current
L001172,C03617,B008,Personal,35100,15.16,60,2023-06-24,2023-06-28,Approved,Current
L001173,C04729,B005,Home,137900,12.37,60,2024-07-18,2024-07-29,Approved,Current
L001174,C01570,B013,Auto,12600,14.46,36,2024-11-15,2024-12-01,Approved,Current
L001175,C03717,B009,Personal,70600,11.03,60,2025-08-24,2025-09-13,Approved,Current
L001176,C00140,B009,Business,137400,11.66,36,2024-12-23,2024-12-25,Approved,Current
L001177,C04684,B011,Auto,25800,11.72,12,2025-10-18,2025-10-27,Approved,Current
L001178,C01844,B019,Personal,34600,13.04,84,2025-10-23,2025-11-10,Approved,Current
L001179,C03379,B028,Home,0,10.53,24,2025-12-08,2025-12-25,Rejected,Current
L001180,C02965,B018,Home,242500,11.64,48,2025-11-03,2025-11-20,Approved,Current
L001181,C04666,B004,Personal,13800,11.9,12,2025-03-03,2025-03-17,Approved,Current
L001182,C03170,B023,Personal,0,10.5,72,2023-09-04,2023-09-17,Rejected,Current
L001183,C02173,B029,Personal,32800,14.49,24,2024-03-07,2024-03-26,Approved,Current
L001184,C03421,B019,Home,71800,16.35,60,2024-07-20,2024-07-26,Approved,Current
L001185,C03044,B023,Personal,20400,12.19,60,2024-04-25,2024-05-07,Approved,Current
L001186,C01250,B014,Personal,21200,11.91,12,2023-09-15,2023-09-28,Approved,Current
L001187,C02698,B004,Business,0,10.83,60,2024-06-18,2024-06-21,Rejected,Current
L001188,C02754,B028,Personal,0,13.41,84,2023-04-18,2023-05-04,Rejected,Current
L001189,C04435,B017,Home,355200,10.81,48,2023-06-25,2023-07-05,Approved,Current
L001190,C04935,B004,Personal,0,13.95,36,2024-04-13,2024-04-23,Rejected,Current
L001191,C03885,B010,Personal,18000,14.66,48,2024-06-10,2024-06-28,Approved,Current
L001192,C00095,B012,Auto,38100,10.69,24,2025-03-29,2025-04-01,Approved,Current
L001193,C04292,B026,Personal,16300,12.37,84,2023-06-01,2023-06-14,Approved,Current
L001194,C04288,B002,Personal,8400,10.55,36,2025-04-03,2025-04-19,Approved,Current
L001195,C04618,B014,Auto,0,14.71,48,2025-11-27,2025-12-01,Rejected,Current
L001196,C04849,B007,Personal,20400,12.58,36,2023-10-08,2023-10-19,Approved,Current
L001197,C01676,B005,Home,151300,16.77,12,2025-08-05,2025-08-22,Approved,Current
L001198,C00013,B020,Personal,16700,11.79,12,2024-03-06,2024-03-07,Approved,Current
L001199,C02302,B003,Home,32200,12.72,48,2023-11-16,2023-11-28,Approved,Current
L001200,C04084,B029,Personal,35000,11.72,48,2023-03-12,2023-03-15,Approved,Current
L001201,C00373,B001,Education,46000,10.51,84,2023-02-26,2023-03-17,Approved,Current
L001202,C04490,B004,Home,0,13.19,36,2023-06-16,2023-06-25,Rejected,Current
L001203,C00418,B007,Auto,22100,13.71,36,2024-09-22,2024-10-11,Approved,Current
L001204,C00817,B024,Auto,71000,12.82,84,2025-03-07,2025-03-26,Approved,Current
L001205,C04870,B005,Business,50300,11.43,12,2025-07-10,2025-07-28,Approved,Current
L001206,C01804,B025,Auto,41600,9.77,60,2023-11-16,2023-12-06,Approved,Current
L001207,C03613,B015,Business,72500,13.43,24,2024-06-15,2024-06-26,Approved,Current
L001208,C03405,B022,Home,231800,8.77,72,2023-01-07,2023-01-08,Approved,Current
L001209,C02940,B013,Home,0,13.5,36,2024-04-02,2024-04-14,Rejected,Current
L001210,C01333,B021,Business,81300,13.93,60,2023-08-26,2023-09-06,Approved,Default
L001211,C03247,B013,Business,117600,11.64,72,2024-03-26,2024-04-05,Approved,Current
L001212,C00756,B022,Personal,13700,10.41,60,2025-06-14,2025-06-25,Approved,Current
L001213,C03526,B007,Home,0,10.71,48,2024-05-06,2024-05-14,Rejected,Current
L001214,C01797,B002,Auto,0,11.7,84,2024-03-24,2024-04-10,Rejected,Current
L001215,C03970,B024,Personal,0,12.49,60,2025-10-01,2025-10-07,Rejected,Current
L001216,C03060,B008,Education,11600,11.3,60,2024-09-30,2024-10-07,Approved,Current
L001217,C02178,B004,Home,226700,13.1,36,2023-07-22,2023-07-27,Approved,Current
L001218,C03557,B001,Auto,29100,12.25,36,2024-08-04,2024-08-08,Approved,Current
L001219,C02051,B016,Personal,21900,12.34,48,2025-05-09,2025-05-16,Approved,Current
L001220,C01990,B006,Personal,0,10.08,24,2023-04-30,2023-05-16,Rejected,Current
L001221,C00555,B008,Personal,27300,13.9,84,2024-10-26,2024-10-30,Approved,Current
L001222,C00266,B016,Personal,0,14.23,24,2025-08-01,2025-08-04,Rejected,Current
L001223,C00923,B008,Home,107900,14.14,60,2024-09-15,2024-09-29,Approved,Current
L001224,C02072,B015,Business,0,13.73,12,2025-07-01,2025-07-05,Rejected,Current
L001225,C00534,B012,Home,0,12.86,24,2023-06-29,2023-07-08,Rejected,Current
L001226,C03984,B006,Personal,60000,9.83,60,2024-09-22,2024-10-03,Approved,Current
L001227,C01694,B005,Personal,18100,11.94,48,2024-10-03,2024-10-04,Approved,Current
L001228,C04976,B016,Auto,39500,14.66,12,2024-11-30,2024-12-09,Approved,Default
L001229,C02052,B002,Home,0,10.68,36,2025-08-10,2025-08-18,Rejected,Current
L001230,C03691,B008,Education,28800,16.23,36,2024-05-07,2024-05-22,Approved,Default
L001231,C04904,B011,Business,94000,15.07,72,2025-07-31,2025-08-08,Approved,Current
L001232,C02832,B029,Business,0,15.28,60,2024-02-01,2024-02-21,Rejected,Current
L001233,C04328,B011,Personal,19800,13.41,60,2025-02-28,2025-03-07,Approved,Current
L001234,C02921,B010,Business,133700,12.89,84,2023-11-30,2023-12-14,Approved,Current
L001235,C04846,B002,Personal,0,12.19,60,2024-10-20,2024-11-07,Rejected,Current
L001236,C04168,B011,Auto,50700,14.42,24,2023-01-01,2023-01-04,Approved,Default
L001237,C04624,B010,Home,274000,15.28,72,2024-03-27,2024-04-11,Approved,Current
L001238,C00886,B027,Auto,19700,12.36,24,2023-07-03,2023-07-23,Approved,Current
L001239,C01459,B002,Personal,0,11.09,24,2024-12-04,2024-12-10,Rejected,Current
L001240,C03796,B011,Home,236700,12.73,36,2024-08-03,2024-08-18,Approved,Current
L001241,C03156,B003,Personal,0,14.81,24,2023-12-06,2023-12-20,Rejected,Current
L001242,C03411,B030,Personal,10100,13.37,12,2025-07-06,2025-07-17,Approved,Current
L001243,C04025,B020,Auto,82300,10.79,48,2024-09-13,2024-09-21,Approved,Current
L001244,C00563,B008,Education,16500,9.53,60,2023-06-21,2023-06-29,Approved,Current
L001245,C04027,B010,Business,41100,15.98,48,2024-01-13,2024-01-18,Approved,Current
L001246,C02972,B020,Home,120200,16.45,36,2023-06-26,2023-07-12,Approved,Current
L001247,C00345,B023,Personal,0,11.96,72,2024-09-02,2024-09-09,Rejected,Current
L001248,C02717,B004,Personal,18700,14.95,36,2023-02-05,2023-02-06,Approved,Current
L001249,C02679,B003,Personal,50800,8.3,60,2023-08-13,2023-08-18,Approved,Current
L001250,C01673,B013,Education,18300,11.21,24,2025-05-05,2025-05-08,Approved,Current
L001251,C03128,B014,Home,210700,13.63,36,2025-07-18,2025-07-31,Approved,Current
L001252,C04894,B030,Business,0,11.71,60,2025-12-10,2025-12-30,Rejected,Current
L001253,C03954,B011,Auto,0,13.33,12,2023-06-02,2023-06-19,Rejected,Current
L001254,C01120,B015,Auto,0,13.77,72,2025-01-18,2025-01-19,Rejected,Current
L001255,C01913,B002,Education,10200,9.97,36,2025-02-04,2025-02-23,Approved,Current
L001256,C03003,B003,Personal,0,9.49,84,2025-03-31,2025-04-04,Rejected,Current
L001257,C02263,B023,Home,319700,10.98,60,2023-04-15,2023-04-28,Approved,Current
L001258,C00743,B025,Business,65300,14.07,72,2024-01-02,2024-01-21,Approved,Default
L001259,C04154,B010,Auto,50500,10.4,12,2025-04-12,2025-04-30,Approved,Current
L001260,C02453,B021,Personal,0,12.01,60,2025-10-20,2025-10-31,Rejected,Current
L001261,C02769,B009,Personal,8900,14.4,72,2025-12-04,2025-12-13,Approved,Current
L001262,C00783,B011,Business,68300,12.6,84,2024-05-04,2024-05-07,Approved,Current
L001263,C00097,B011,Personal,37700,9.05,12,2023-02-19,2023-03-07,Approved,Default
L001264,C00587,B024,Education,29100,9.55,24,2025-03-26,2025-04-12,Approved,Current
L001265,C04637,B021,Personal,22900,13.91,60,2023-07-20,2023-08-02,Approved,Current
L001266,C04912,B003,Auto,33300,13.02,12,2023-06-24,2023-06-30,Approved,Current
L001267,C02239,B008,Auto,52300,13.68,12,2023-05-22,2023-05-29,Approved,Current
L001268,C00917,B013,Auto,42400,10.79,48,2023-07-09,2023-07-18,Approved,Current
L001269,C03350,B025,Home,0,12.91,48,2025-05-07,2025-05-12,Rejected,Current
L001270,C02587,B005,Business,29900,10.57,60,2025-02-19,2025-02-24,Approved,Current
L001271,C04181,B024,Auto,0,15.3,12,2025-05-18,2025-06-02,Rejected,Current
L001272,C02489,B021,Business,141900,11.23,48,2025-11-30,2025-12-04,Approved,Current
L001273,C03794,B010,Personal,9100,13.27,36,2023-11-25,2023-12-05,Approved,Current
L001274,C02838,B006,Personal,9400,14.25,60,2025-08-22,2025-08-31,Approved,Current
L001275,C02387,B020,Personal,23900,11.89,36,2025-02-13,2025-02-20,Approved,Current
L001276,C01842,B002,Personal,20000,9.27,36,2023-04-05,2023-04-20,Approved,Current
L001277,C01203,B004,Auto,10800,12.88,60,2024-11-24,2024-12-13,Approved,Current
L001278,C04770,B025,Home,0,12.81,60,2024-04-26,2024-05-06,Rejected,Current
L001279,C00730,B017,Business,112900,11.84,12,2023-01-11,2023-01-18,Approved,Current
L001280,C00317,B003,Personal,0,14.9,60,2025-02-11,2025-02-14,Rejected,Current
L001281,C00076,B022,Home,0,11.47,60,2024-04-15,2024-04-18,Rejected,Current
L001282,C03047,B023,Business,87600,11.78,48,2024-03-06,2024-03-26,Approved,Current
L001283,C00204,B024,Education,17300,11.81,60,2025-12-02,2025-12-20,Approved,Current
L001284,C04289,B010,Education,58000,15.1,12,2023-01-04,2023-01-17,Approved,Current
L001285,C03776,B003,Business,0,16.23,84,2023-12-03,2023-12-15,Rejected,Current
L001286,C02945,B011,Auto,0,14.15,36,2024-01-10,2024-01-27,Rejected,Current
L001287,C04356,B028,Education,14800,10.19,48,2023-01-30,2023-02-16,Approved,Current
L001288,C03052,B002,Auto,0,13.26,12,2025-06-16,2025-06-27,Rejected,Current
L001289,C02664,B016,Education,75800,14.56,60,2025-04-21,2025-05-08,Approved,Current
L001290,C00432,B026,Personal,0,15.89,48,2023-08-08,2023-08-28,Rejected,Current
L001291,C02764,B019,Education,22500,14.08,84,2023-05-08,2023-05-25,Approved,Current
L001292,C04792,B011,Auto,28500,13.03,48,2023-08-13,2023-09-01,Approved,Current
L001293,C03163,B019,Personal,12700,15.19,60,2024-02-12,2024-02-19,Approved,Current
L001294,C00198,B028,Personal,0,12.86,12,2024-11-07,2024-11-26,Rejected,Current
L001295,C00039,B016,Business,96800,8.38,12,2023-06-07,2023-06-09,Approved,Current
L001296,C02519,B006,Home,0,13.29,72,2024-12-09,2024-12-19,Rejected,Current
L001297,C02127,B020,Education,14000,11.56,36,2024-02-11,2024-02-17,Approved,Current
L001298,C00729,B021,Personal,29400,16.11,72,2023-01-30,2023-02-15,Approved,Current
L001299,C03900,B015,Home,0,12.95,24,2023-07-15,2023-07-23,Rejected,Current
L001300,C03166,B017,Home,128800,13.97,60,2025-03-29,2025-04-02,Approved,Current
L001301,C04780,B018,Home,125600,11.82,48,2023-12-10,2023-12-30,Approved,Current
L001302,C04228,B015,Auto,17900,12.4,84,2024-08-01,2024-08-12,Approved,Current
L001303,C02125,B010,Auto,37100,12.24,36,2023-07-03,2023-07-21,Approved,Current
L001304,C04135,B017,Personal,29400,13.13,12,2024-05-26,2024-06-10,Approved,Current
L001305,C03772,B022,Personal,12100,11.2,48,2025-08-18,2025-09-03,Approved,Current
L001306,C03258,B008,Personal,6500,11.89,60,2024-09-12,2024-09-20,Approved,Current
L001307,C03207,B023,Business,54000,9.83,12,2023-08-06,2023-08-23,Approved,Current
L001308,C02599,B027,Home,144600,13.31,12,2023-11-17,2023-11-19,Approved,Current
L001309,C04436,B030,Home,94000,12.16,60,2023-01-02,2023-01-19,Approved,Current
L001310,C03314,B030,Home,133100,13.91,60,2025-02-09,2025-02-24,Approved,Current
L001311,C01245,B015,Business,0,13.77,24,2024-08-17,2024-09-06,Rejected,Current
L001312,C04088,B026,Personal,17800,11.52,60,2023-03-23,2023-03-30,Approved,Current
L001313,C00658,B010,Personal,0,13.25,12,2023-08-11,2023-08-22,Rejected,Current
L001314,C02966,B019,Auto,44000,13.1,60,2025-02-13,2025-03-04,Approved,Current
L001315,C01700,B002,Education,0,15.06,36,2025-05-28,2025-06-03,Rejected,Current
L001316,C04457,B030,Auto,70200,14.15,36,2025-11-27,2025-12-15,Approved,Current
L001317,C03044,B015,Personal,13100,11.88,60,2024-03-17,2024-03-26,Approved,Default
L001318,C04425,B004,Home,0,12.49,72,2024-07-26,2024-08-11,Rejected,Current
L001319,C01800,B001,Education,37900,13.93,12,2024-08-17,2024-08-30,Approved,Current
L001320,C04536,B012,Home,180600,13.04,24,2025-07-23,2025-07-31,Approved,Current
L001321,C03627,B028,Home,0,10.51,36,2023-01-28,2023-02-14,Rejected,Current
L001322,C03978,B008,Home,269400,12.41,72,2023-07-04,2023-07-18,Approved,Current
L001323,C01977,B010,Education,45500,11.88,72,2023-03-11,2023-03-20,Approved,Current
L001324,C04929,B028,Auto,0,11.42,72,2024-12-19,2024-12-25,Rejected,Current
L001325,C03670,B029,Auto,0,14.95,36,2024-10-29,2024-11-14,Rejected,Current
L001326,C04193,B004,Personal,0,13.52,36,2024-07-02,2024-07-05,Rejected,Current
L001327,C00938,B018,Auto,0,11.09,24,2023-08-05,2023-08-07,Rejected,Current
L001328,C01290,B008,Home,430700,14.74,72,2024-08-30,2024-09-07,Approved,Current
L001329,C04671,B003,Personal,4300,9.33,36,2024-11-25,2024-11-29,Approved,Current
L001330,C02151,B011,Business,131800,13.27,48,2024-09-04,2024-09-16,Approved,Current
L001331,C04925,B014,Home,0,15.1,36,2025-01-09,2025-01-10,Rejected,Current
L001332,C00513,B026,Personal,31700,15.5,48,2024-04-16,2024-05-03,Approved,Current
L001333,C04762,B016,Education,15100,13.0,36,2024-01-20,2024-02-07,Approved,Current
L001334,C01517,B028,Personal,13600,12.51,36,2023-01-03,2023-01-20,Approved,Current
L001335,C02083,B001,Auto,0,13.36,48,2024-08-05,2024-08-21,Rejected,Current
L001336,C01405,B020,Auto,17900,12.81,36,2023-04-07,2023-04-10,Approved,Current
L001337,C04493,B015,Education,0,14.32,60,2024-08-19,2024-08-28,Rejected,Current
L001338,C01932,B012,Business,94100,12.19,48,2025-01-20,2025-02-01,Approved,Default
L001339,C01886,B025,Auto,28700,12.88,24,2024-11-18,2024-11-25,Approved,Default
L001340,C02354,B028,Home,0,13.77,36,2024-10-04,2024-10-10,Rejected,Current
L001341,C03808,B015,Home,100200,11.48,12,2024-11-19,2024-11-30,Approved,Current
L001342,C02747,B016,Education,18200,13.5,36,2024-09-04,2024-09-10,Approved,Current
L001343,C00581,B004,Personal,16700,12.71,60,2024-11-30,2024-12-17,Approved,Current
L001344,C02213,B007,Business,49100,11.16,24,2023-12-19,2023-12-29,Approved,Current
L001345,C03330,B005,Personal,35400,14.39,24,2025-10-18,2025-10-21,Approved,Current
L001346,C00102,B021,Personal,0,12.93,36,2023-06-30,2023-07-19,Rejected,Current
L001347,C04551,B014,Personal,0,12.71,60,2024-04-21,2024-04-24,Rejected,Current
L001348,C04289,B010,Personal,11100,12.05,48,2024-10-27,2024-10-29,Approved,Current
L001349,C03843,B012,Education,0,12.13,36,2024-02-26,2024-03-17,Rejected,Current
L001350,C02964,B014,Business,39200,13.72,72,2025-06-23,2025-06-24,Approved,Current
L001351,C04994,B019,Home,0,13.73,48,2025-12-05,2025-12-23,Rejected,Current
L001352,C04906,B027,Auto,59700,11.9,48,2025-05-11,2025-05-19,Approved,Current
L001353,C00299,B018,Auto,23600,14.04,12,2023-03-27,2023-04-15,Approved,Current
L001354,C04117,B021,Business,60300,11.05,60,2025-01-16,2025-01-21,Approved,Current
L001355,C00045,B018,Business,0,12.43,48,2025-06-11,2025-06-21,Rejected,Current
L001356,C02544,B024,Personal,7800,13.11,24,2024-08-16,2024-08-25,Approved,Current
L001357,C03860,B023,Home,188600,12.62,36,2023-06-27,2023-07-15,Approved,Current
L001358,C04779,B002,Auto,20500,13.13,36,2023-07-12,2023-07-31,Approved,Current
L001359,C04395,B011,Education,24300,12.01,24,2025-03-05,2025-03-10,Approved,Current
L001360,C03553,B015,Auto,22500,10.63,48,2024-05-01,2024-05-12,Approved,Current
L001361,C03156,B005,Business,61200,14.23,36,2024-10-03,2024-10-23,Approved,Current
L001362,C03132,B005,Business,242600,12.49,36,2024-04-11,2024-04-12,Approved,Current
L001363,C00288,B020,Auto,49200,9.27,36,2024-03-20,2024-04-01,Approved,Current
L001364,C03706,B007,Business,0,14.45,48,2025-06-04,2025-06-10,Rejected,Current
L001365,C00517,B002,Home,114300,15.14,48,2025-06-07,2025-06-27,Approved,Current
L001366,C02202,B022,Home,296500,13.39,60,2023-04-01,2023-04-13,Approved,Current
L001367,C04438,B028,Business,161800,9.3,36,2023-03-04,2023-03-16,Approved,Current
L001368,C04182,B025,Personal,8400,14.73,60,2023-01-15,2023-01-18,Approved,Current
L001369,C03659,B027,Home,271700,12.23,12,2025-10-11,2025-10-26,Approved,Current
L001370,C04287,B001,Auto,37000,12.95,60,2025-01-02,2025-01-13,Approved,Current
L001371,C03324,B001,Home,63600,14.7,36,2023-10-21,2023-10-31,Approved,Current
L001372,C04077,B015,Education,22400,14.19,36,2025-03-26,2025-04-11,Approved,Current
L001373,C03937,B001,Education,26000,11.53,48,2023-09-15,2023-09-27,Approved,Current
L001374,C01170,B006,Home,190000,13.7,60,2024-12-13,2024-12-29,Approved,Current
L001375,C00991,B013,Home,0,10.82,48,2023-06-11,2023-06-16,Rejected,Current
L001376,C04972,B007,Auto,21000,13.59,72,2025-10-18,2025-11-05,Approved,Current
L001377,C03706,B012,Home,0,14.79,72,2024-03-02,2024-03-12,Rejected,Current
L001378,C01852,B004,Personal,0,12.65,36,2023-01-24,2023-01-30,Rejected,Current
L001379,C02710,B026,Auto,24100,16.02,48,2025-09-24,2025-10-08,Approved,Current
L001380,C04008,B010,Auto,0,13.7,60,2024-09-20,2024-10-04,Rejected,Current
L001381,C02622,B008,Personal,21300,13.04,36,2024-06-28,2024-07-07,Approved,Current
L001382,C02179,B018,Business,0,15.67,12,2023-10-26,2023-11-11,Rejected,Current
L001383,C00839,B025,Auto,51700,10.67,84,2025-11-06,2025-11-19,Approved,Current
L001384,C01556,B022,Personal,37100,12.99,84,2025-10-27,2025-11-10,Approved,Current
L001385,C01223,B011,Auto,24600,10.6,36,2025-08-12,2025-08-23,Approved,Current
L001386,C04935,B006,Personal,10400,13.23,36,2024-07-01,2024-07-03,Approved,Current
L001387,C02044,B027,Personal,28000,11.56,24,2023-09-28,2023-10-18,Approved,Current
L001388,C01434,B016,Business,0,13.38,60,2023-03-11,2023-03-31,Rejected,Current
L001389,C01169,B019,Education,41800,11.43,60,2023-08-16,2023-09-04,Approved,Current
L001390,C00948,B028,Personal,11100,9.18,48,2023-08-25,2023-09-06,Approved,Current
L001391,C00161,B029,Education,40000,13.13,36,2023-07-16,2023-08-02,Approved,Current
L001392,C04560,B022,Personal,16300,11.73,48,2024-01-04,2024-01-13,Approved,Current
L001393,C03132,B003,Personal,0,11.32,48,2025-03-27,2025-04-07,Rejected,Current
L001394,C02628,B006,Personal,0,13.83,48,2025-06-02,2025-06-14,Rejected,Current
L001395,C02536,B011,Personal,23600,13.85,48,2024-12-20,2024-12-23,Approved,Current
L001396,C02273,B005,Home,283200,14.68,12,2024-12-15,2025-01-01,Approved,Current
L001397,C03464,B018,Education,0,11.05,48,2024-09-30,2024-10-06,Rejected,Current
L001398,C04805,B028,Personal,21800,13.32,36,2025-03-06,2025-03-10,Approved,Current
L001399,C00161,B014,Home,223100,12.76,48,2023-12-08,2023-12-21,Approved,Current
L001400,C01785,B028,Auto,0,12.43,12,2023-06-04,2023-06-21,Rejected,Current
L001401,C01945,B005,Home,318400,11.11,72,2025-09-03,2025-09-13,Approved,Current
L001402,C03183,B017,Auto,86700,11.29,72,2024-03-31,2024-04-20,Approved,Current
L001403,C03975,B008,Home,143200,12.19,48,2023-02-01,2023-02-19,Approved,Default
L001404,C03625,B020,Personal,40200,12.59,60,2025-09-30,2025-10-14,Approved,Current
L001405,C03745,B025,Auto,34100,12.29,48,2025-11-04,2025-11-20,Approved,Current
L001406,C00767,B018,Personal,0,13.16,48,2023-05-08,2023-05-27,Rejected,Current
L001407,C02028,B023,Personal,12600,13.72,60,2024-02-28,2024-03-14,Approved,Current
L001408,C04007,B023,Home,0,11.96,36,2023-04-06,2023-04-19,Rejected,Current
L001409,C00185,B022,Home,275500,10.87,84,2025-03-25,2025-03-27,Approved,Current
L001410,C01897,B016,Auto,0,12.59,60,2024-09-04,2024-09-13,Rejected,Current
L001411,C03296,B004,Home,0,14.51,84,2024-06-05,2024-06-18,Rejected,Current
L001412,C02405,B012,Auto,0,13.01,48,2023-08-12,2023-08-24,Rejected,Current
L001413,C02540,B026,Auto,19900,11.56,12,2023-09-05,2023-09-06,Approved,Current
L001414,C00733,B019,Home,0,13.51,36,2025-09-01,2025-09-14,Rejected,Current
L001415,C01622,B024,Education,0,15.73,60,2024-10-10,2024-10-18,Rejected,Current
L001416,C00578,B003,Education,0,14.73,72,2025-01-11,2025-01-15,Rejected,Current
L001417,C02162,B022,Auto,36800,9.83,60,2025-05-11,2025-05-22,Approved,Current
L001418,C00378,B002,Personal,25800,12.55,48,2024-07-05,2024-07-11,Approved,Current
L001419,C03849,B024,Home,87500,10.45,24,2025-02-22,2025-03-07,Approved,Current
L001420,C01309,B008,Personal,8600,9.83,24,2025-11-14,2025-12-04,Approved,Current
L001421,C04193,B005,Home,0,12.53,12,2023-05-18,2023-05-23,Rejected,Current
L001422,C00842,B001,Personal,18000,13.8,60,2025-07-14,2025-07-27,Approved,Current
L001423,C02172,B029,Auto,55700,10.51,60,2023-01-09,2023-01-26,Approved,Current
L001424,C00156,B005,Personal,26700,11.49,24,2024-07-22,2024-08-10,Approved,Current
L001425,C04149,B014,Education,22900,13.65,36,2023-10-29,2023-11-17,Approved,Current
L001426,C01703,B004,Personal,21900,9.62,48,2024-09-22,2024-09-23,Approved,Current
L001427,C02636,B008,Auto,20100,11.72,24,2023-06-20,2023-06-24,Approved,Current
L001428,C03386,B025,Education,29200,10.92,36,2025-06-02,2025-06-04,Approved,Current
L001429,C04822,B016,Personal,0,9.72,84,2024-05-26,2024-06-07,Rejected,Current
L001430,C01414,B005,Education,60600,11.73,60,2024-01-04,2024-01-05,Approved,Current
L001431,C00045,B011,Home,0,13.66,24,2024-01-10,2024-01-22,Rejected,Current
L001432,C01687,B013,Education,18300,12.15,24,2023-07-23,2023-08-05,Approved,Current
L001433,C02170,B008,Education,0,13.48,48,2023-02-26,2023-03-04,Rejected,Current
L001434,C03242,B011,Personal,15000,12.93,84,2024-10-18,2024-10-25,Approved,Current
L001435,C02726,B003,Business,40200,8.2,60,2025-11-14,2025-12-04,Approved,Current
L001436,C01424,B001,Personal,15900,10.94,36,2025-12-14,2025-12-19,Approved,Current
L001437,C04015,B004,Personal,16600,10.5,12,2023-05-27,2023-06-05,Approved,Current
L001438,C04596,B019,Personal,23300,11.31,36,2025-09-03,2025-09-16,Approved,Current
L001439,C00074,B014,Personal,25200,9.53,24,2025-10-01,2025-10-15,Approved,Current
L001440,C03019,B022,Auto,33800,10.99,24,2025-07-10,2025-07-18,Approved,Current
L001441,C01561,B026,Home,75500,11.93,24,2023-03-13,2023-03-29,Approved,Current
L001442,C00892,B028,Business,48500,14.9,60,2025-01-19,2025-02-02,Approved,Current
L001443,C03133,B002,Home,0,12.57,12,2025-08-10,2025-08-28,Rejected,Current
L001444,C01890,B014,Education,40100,12.56,48,2023-05-16,2023-05-26,Approved,Current
L001445,C01247,B007,Personal,25300,13.35,60,2025-12-05,2025-12-24,Approved,Current
L001446,C03803,B011,Personal,0,16.5,24,2024-05-31,2024-06-16,Rejected,Current
L001447,C00473,B003,Auto,117200,14.79,72,2025-11-01,2025-11-10,Approved,Current
L001448,C02218,B017,Business,0,12.5,12,2023-01-27,2023-01-28,Rejected,Current
L001449,C00701,B026,Business,187900,12.22,60,2023-03-25,2023-04-03,Approved,Current
L001450,C02080,B015,Home,272000,13.09,24,2024-07-01,2024-07-15,Approved,Current
L001451,C00053,B021,Personal,23200,10.77,60,2025-12-11,2025-12-18,Approved,Current
L001452,C02988,B029,Personal,22300,15.35,48,2023-03-15,2023-03-26,Approved,Current
L001453,C00139,B028,Home,68600,12.16,48,2024-05-04,2024-05-24,Approved,Current
L001454,C01398,B004,Home,103800,10.52,36,2023-01-12,2023-01-19,Approved,Current
L001455,C02138,B030,Home,163700,11.67,36,2024-11-01,2024-11-11,Approved,Current
L001456,C00828,B019,Auto,34300,12.06,48,2024-08-25,2024-09-13,Approved,Current
L001457,C02084,B010,Auto,29900,12.8,60,2024-11-02,2024-11-04,Approved,Current
L001458,C02977,B017,Auto,37200,11.41,24,2025-09-28,2025-09-30,Approved,Current
L001459,C01249,B017,Personal,5700,14.59,60,2025-04-11,2025-04-27,Approved,Current
L001460,C04650,B012,Auto,42300,10.66,48,2024-08-25,2024-09-06,Approved,Current
L001461,C04836,B015,Personal,18600,10.66,48,2023-11-11,2023-11-19,Approved,Current
L001462,C04365,B029,Personal,16200,11.93,12,2025-03-03,2025-03-13,Approved,Current
L001463,C00186,B011,Business,158200,12.73,24,2023-03-09,2023-03-24,Approved,Current
L001464,C03443,B027,Auto,0,12.3,48,2023-07-16,2023-08-01,Rejected,Current
L001465,C04965,B014,Business,83400,13.34,84,2024-10-26,2024-10-30,Approved,Current
L001466,C03194,B015,Personal,21000,10.84,36,2024-06-05,2024-06-10,Approved,Current
L001467,C04929,B013,Education,17500,16.85,12,2023-07-09,2023-07-26,Approved,Current
L001468,C01413,B002,Personal,6000,10.54,48,2023-01-12,2023-01-22,Approved,Current
L001469,C03189,B005,Business,50400,10.85,12,2025-08-20,2025-08-24,Approved,Current
L001470,C02917,B020,Home,178500,11.48,36,2025-11-18,2025-11-19,Approved,Current
L001471,C01016,B006,Personal,15700,10.69,36,2025-09-15,2025-09-16,Approved,Default
L001472,C04538,B015,Personal,0,13.49,12,2024-07-08,2024-07-15,Rejected,Current
L001473,C04135,B029,Personal,0,14.62,60,2023-03-29,2023-04-01,Rejected,Current
L001474,C04262,B011,Home,89900,14.21,72,2025-05-05,2025-05-21,Approved,Current
L001475,C01936,B001,Education,0,12.63,84,2024-04-17,2024-05-03,Rejected,Current
L001476,C01469,B026,Home,0,12.91,48,2023-04-21,2023-05-06,Rejected,Current
L001477,C04539,B024,Auto,45400,11.42,36,2024-02-25,2024-03-07,Approved,Current
L001478,C04427,B012,Business,63000,12.23,60,2023-03-10,2023-03-28,Approved,Current
L001479,C01359,B017,Auto,0,11.99,60,2023-04-29,2023-05-19,Rejected,Current
L001480,C01770,B029,Home,44200,11.25,36,2025-02-17,2025-02-25,Approved,Current
L001481,C02762,B001,Education,0,13.62,48,2023-09-04,2023-09-10,Rejected,Current
L001482,C02883,B002,Personal,19300,14.52,60,2025-04-10,2025-04-28,Approved,Default
L001483,C01190,B002,Home,162800,12.27,24,2023-01-22,2023-01-30,Approved,Current
L001484,C01193,B030,Business,69600,11.76,12,2024-02-03,2024-02-23,Approved,Current
L001485,C02817,B018,Personal,0,13.39,48,2023-11-22,2023-12-09,Rejected,Current
L001486,C03622,B030,Auto,0,14.86,60,2024-08-24,2024-08-29,Rejected,Current
L001487,C04857,B022,Personal,22000,11.88,48,2024-10-07,2024-10-10,Approved,Current
L001488,C01043,B003,Personal,0,11.47,48,2023-12-18,2024-01-06,Rejected,Current
L001489,C00226,B016,Personal,14700,11.7,36,2025-03-21,2025-03-28,Approved,Default
L001490,C01979,B010,Education,0,13.07,60,2024-02-08,2024-02-20,Rejected,Current
L001491,C03978,B015,Business,0,15.17,12,2024-09-28,2024-09-29,Rejected,Current
L001492,C03832,B012,Personal,18500,10.77,24,2024-12-02,2024-12-05,Approved,Current
L001493,C02645,B013,Personal,0,15.12,48,2023-11-19,2023-11-29,Rejected,Current
L001494,C01884,B012,Home,0,15.02,72,2024-08-16,2024-08-22,Rejected,Current
L001495,C00541,B021,Auto,68300,12.03,60,2023-08-15,2023-08-31,Approved,Current
L001496,C00646,B007,Business,0,11.38,36,2023-06-29,2023-07-13,Rejected,Current
L001497,C04802,B019,Education,56800,7.93,48,2025-08-27,2025-09-04,Approved,Current
L001498,C04727,B015,Business,107000,12.39,60,2025-09-16,2025-09-22,Approved,Default
L001499,C04287,B027,Auto,34000,12.73,48,2025-08-08,2025-08-19,Approved,Current
L001500,C01689,B020,Personal,0,12.94,12,2025-04-15,2025-04-19,Rejected,Current
L001501,C00855,B007,Personal,12800,13.23,36,2024-10-25,2024-11-02,Approved,Current
L001502,C00405,B026,Auto,26700,13.02,36,2023-06-03,2023-06-08,Approved,Current
L001503,C03344,B027,Home,0,13.01,72,2025-01-02,2025-01-12,Rejected,Current
L001504,C02478,B021,Business,158900,14.75,36,2025-03-16,2025-03-28,Approved,Current
L001505,C00520,B014,Home,222500,12.45,12,2025-11-25,2025-12-12,Approved,Current
L001506,C02941,B013,Personal,32900,11.97,36,2023-05-02,2023-05-22,Approved,Current
L001507,C01408,B014,Home,207100,10.36,12,2023-07-01,2023-07-12,Approved,Current
L001508,C00821,B020,Education,0,12.98,60,2024-06-19,2024-07-09,Rejected,Current
L001509,C03675,B012,Business,63000,14.09,48,2023-12-04,2023-12-16,Approved,Current
L001510,C04531,B007,Personal,31000,12.44,48,2023-04-13,2023-04-25,Approved,Current
L001511,C03836,B002,Business,76300,9.1,36,2023-08-19,2023-09-05,Approved,Current
L001512,C04068,B016,Home,185300,11.62,36,2024-09-18,2024-10-08,Approved,Current
L001513,C03288,B018,Home,0,12.36,60,2025-02-17,2025-02-22,Rejected,Current
L001514,C02182,B028,Home,0,13.13,24,2025-05-24,2025-06-10,Rejected,Current
L001515,C04715,B001,Auto,50200,10.95,12,2024-12-28,2025-01-02,Approved,Current
L001516,C03233,B001,Home,305900,12.17,48,2025-08-30,2025-09-12,Approved,Current
L001517,C00425,B015,Auto,0,16.49,72,2025-05-12,2025-05-26,Rejected,Current
L001518,C01552,B029,Auto,34900,8.54,48,2025-06-08,2025-06-16,Approved,Current
L001519,C00358,B026,Personal,0,14.46,60,2023-01-03,2023-01-17,Rejected,Current
L001520,C03447,B025,Personal,39000,9.28,72,2025-06-26,2025-07-02,Approved,Current
L001521,C01595,B010,Business,87700,13.52,12,2023-06-29,2023-07-06,Approved,Current
L001522,C01011,B013,Auto,66400,11.25,48,2023-05-05,2023-05-15,Approved,Current
L001523,C00197,B003,Home,90400,12.54,60,2024-01-20,2024-02-06,Approved,Current
L001524,C01034,B028,Personal,0,15.08,60,2024-10-07,2024-10-13,Rejected,Current
L001525,C00862,B023,Personal,11200,11.73,48,2023-07-21,2023-07-24,Approved,Current
L001526,C00349,B026,Home,295900,10.05,60,2024-10-25,2024-11-13,Approved,Current
L001527,C03778,B005,Personal,11200,11.57,60,2023-11-24,2023-12-13,Approved,Current
L001528,C01659,B017,Home,259900,14.27,48,2025-04-28,2025-05-01,Approved,Current
L001529,C00575,B029,Business,55900,11.84,12,2024-02-12,2024-02-15,Approved,Current
L001530,C01820,B008,Personal,31800,13.55,60,2024-08-11,2024-08-16,Approved,Current
L001531,C00931,B002,Business,151200,9.56,36,2023-09-22,2023-09-28,Approved,Current
L001532,C04009,B007,Auto,0,14.22,36,2023-09-11,2023-09-17,Rejected,Current
L001533,C04683,B021,Personal,0,13.29,60,2024-09-01,2024-09-14,Rejected,Current
L001534,C00484,B012,Auto,53900,11.43,48,2024-06-20,2024-07-09,Approved,Current
L001535,C03913,B006,Personal,10800,12.93,60,2025-05-29,2025-06-03,Approved,Current
L001536,C00358,B021,Auto,0,14.2,36,2024-07-03,2024-07-04,Rejected,Current
L001537,C04481,B022,Personal,10000,11.87,72,2023-09-27,2023-10-14,Approved,Current
L001538,C00254,B030,Home,0,12.65,48,2025-02-16,2025-02-18,Rejected,Current
L001539,C03995,B021,Auto,17700,12.77,48,2023-07-18,2023-07-30,Approved,Current
L001540,C00835,B020,Personal,0,14.34,24,2023-05-22,2023-06-09,Rejected,Current
L001541,C01191,B022,Personal,0,14.13,48,2023-12-21,2023-12-28,Rejected,Current
L001542,C01704,B021,Home,72800,14.29,36,2025-03-27,2025-04-01,Approved,Current
L001543,C04892,B002,Home,139700,12.34,60,2023-06-25,2023-07-14,Approved,Current
L001544,C04565,B007,Business,0,13.63,60,2024-01-22,2024-02-07,Rejected,Current
L001545,C00493,B006,Personal,28900,8.37,12,2025-12-06,2025-12-18,Approved,Current
L001546,C03410,B025,Home,144500,10.14,48,2024-07-25,2024-08-13,Approved,Current
L001547,C04147,B001,Home,0,14.95,12,2025-03-03,2025-03-22,Rejected,Current
L001548,C03128,B017,Personal,0,14.17,48,2024-09-24,2024-10-14,Rejected,Current
L001549,C02121,B028,Auto,44700,13.89,72,2023-06-16,2023-07-01,Approved,Current
L001550,C03866,B028,Personal,10700,11.19,72,2024-07-11,2024-07-20,Approved,Current
L001551,C00052,B030,Business,82100,11.38,36,2025-03-07,2025-03-15,Approved,Current
L001552,C00262,B022,Home,112600,10.1,24,2023-03-27,2023-04-15,Approved,Current
L001553,C03003,B006,Personal,35700,12.02,60,2024-10-28,2024-11-04,Approved,Current
L001554,C01909,B030,Auto,25200,13.8,48,2023-01-03,2023-01-22,Approved,Current
L001555,C03647,B004,Auto,21500,12.15,48,2025-04-03,2025-04-15,Approved,Current
L001556,C02378,B010,Home,179900,11.58,60,2025-05-28,2025-05-31,Approved,Current
L001557,C03395,B022,Personal,16100,8.42,36,2025-02-27,2025-03-03,Approved,Current
L001558,C04337,B019,Personal,26300,11.72,36,2025-11-13,2025-11-15,Approved,Current
L001559,C01626,B006,Home,0,14.42,60,2024-06-08,2024-06-15,Rejected,Current
L001560,C01229,B002,Personal,0,14.87,36,2025-08-23,2025-08-26,Rejected,Current
L001561,C04387,B008,Auto,0,10.94,48,2024-05-10,2024-05-11,Rejected,Current
L001562,C01390,B006,Auto,37800,11.8,48,2024-11-13,2024-11-25,Approved,Current
L001563,C01488,B009,Business,215400,13.68,36,2025-05-11,2025-05-30,Approved,Current
L001564,C00917,B015,Auto,0,13.01,12,2024-08-12,2024-09-01,Rejected,Current
L001565,C02142,B025,Auto,0,11.15,60,2023-01-30,2023-02-16,Rejected,Current
L001566,C00711,B019,Auto,44300,9.48,60,2024-04-11,2024-04-29,Approved,Default
L001567,C01887,B022,Education,35300,13.32,48,2023-07-22,2023-07-25,Approved,Current
L001568,C02217,B015,Personal,30000,15.4,24,2024-12-24,2025-01-06,Approved,Current
L001569,C01321,B022,Personal,0,13.28,48,2023-06-02,2023-06-07,Rejected,Current
L001570,C02564,B004,Personal,0,10.9,24,2024-11-08,2024-11-27,Rejected,Current
L001571,C04446,B009,Home,126500,11.57,72,2023-02-12,2023-03-03,Approved,Current
L001572,C04832,B022,Personal,29700,9.85,60,2024-02-18,2024-02-26,Approved,Current
L001573,C02627,B024,Personal,19500,15.87,12,2024-03-18,2024-04-07,Approved,Current
L001574,C00401,B018,Home,54300,11.05,12,2023-05-31,2023-06-16,Approved,Current
L001575,C00751,B013,Education,11200,11.27,84,2025-12-03,2025-12-08,Approved,Current
L001576,C04917,B011,Education,40300,9.09,12,2025-04-09,2025-04-13,Approved,Current
L001577,C01888,B029,Auto,50800,11.48,72,2023-04-18,2023-05-04,Approved,Current
L001578,C03686,B024,Home,88100,13.53,84,2023-11-25,2023-12-09,Approved,Current
L001579,C01419,B003,Business,0,11.57,36,2024-12-06,2024-12-19,Rejected,Current
L001580,C02604,B003,Business,85200,14.3,48,2024-09-24,2024-10-14,Approved,Current
L001581,C03772,B018,Education,0,11.94,60,2025-08-07,2025-08-15,Rejected,Current
L001582,C02019,B025,Auto,23500,10.51,48,2024-08-19,2024-09-06,Approved,Current
L001583,C02037,B020,Personal,0,14.29,36,2024-03-01,2024-03-06,Rejected,Current
L001584,C01646,B007,Personal,0,12.98,48,2025-06-25,2025-07-01,Rejected,Current
L001585,C03488,B025,Education,0,11.36,36,2023-08-21,2023-08-27,Rejected,Current
L001586,C00814,B029,Personal,0,12.14,24,2024-03-26,2024-04-15,Rejected,Current
L001587,C04734,B017,Personal,24900,12.0,48,2025-01-24,2025-02-10,Approved,Current
L001588,C03170,B013,Home,0,11.68,36,2024-05-30,2024-06-15,Rejected,Current
L001589,C01024,B014,Personal,18200,9.57,12,2024-08-13,2024-08-18,Approved,Current
L001590,C01510,B030,Education,0,11.29,72,2024-04-28,2024-05-18,Rejected,Current
L001591,C02039,B012,Personal,26000,10.33,12,2023-03-20,2023-03-23,Approved,Current
L001592,C01394,B008,Personal,5000,12.21,72,2024-11-19,2024-11-20,Approved,Current
L001593,C02347,B028,Education,41400,8.31,24,2024-02-10,2024-02-15,Approved,Current
L001594,C00856,B030,Home,0,13.69,24,2025-06-24,2025-06-27,Rejected,Current
L001595,C01167,B019,Business,84600,13.52,12,2023-10-03,2023-10-19,Approved,Current
L001596,C02755,B001,Home,125300,9.49,48,2023-06-27,2023-07-13,Approved,Current
L001597,C01666,B018,Auto,26200,13.06,48,2024-11-01,2024-11-05,Approved,Current
L001598,C04039,B014,Personal,7800,15.87,72,2025-03-22,2025-03-25,Approved,Current
L001599,C01973,B018,Home,0,11.8,60,2025-09-26,2025-10-08,Rejected,Current
L001600,C03688,B020,Personal,8900,10.3,24,2025-09-14,2025-10-01,Approved,Current
L001601,C01117,B028,Education,14400,11.79,24,2023-11-27,2023-12-09,Approved,Current
L001602,C03369,B023,Personal,0,14.46,12,2024-07-06,2024-07-16,Rejected,Current
L001603,C04543,B005,Personal,21500,12.53,60,2023-06-23,2023-06-25,Approved,Current
L001604,C00734,B009,Business,47700,11.61,12,2024-04-21,2024-05-01,Approved,Current
L001605,C03784,B014,Home,172300,15.62,24,2023-04-02,2023-04-04,Approved,Current
L001606,C02922,B005,Auto,0,13.86,60,2024-05-24,2024-06-10,Rejected,Current
L001607,C03330,B003,Auto,0,11.16,24,2025-06-14,2025-06-19,Rejected,Current
L001608,C04618,B022,Personal,0,14.22,24,2024-08-23,2024-08-25,Rejected,Current
L001609,C01707,B017,Personal,17700,12.82,36,2024-08-21,2024-09-04,Approved,Current
L001610,C03499,B016,Education,56200,14.0,36,2024-02-18,2024-02-28,Approved,Current
L001611,C01125,B007,Personal,16200,13.42,12,2023-05-17,2023-06-01,Approved,Default
L001612,C04718,B016,Home,173800,13.7,60,2024-11-08,2024-11-13,Approved,Current
L001613,C04855,B014,Auto,20400,10.98,60,2023-03-30,2023-04-13,Approved,Current
L001614,C01859,B012,Personal,32900,13.76,36,2025-12-02,2025-12-20,Approved,Current
L001615,C02292,B028,Auto,0,12.28,60,2023-12-10,2023-12-23,Rejected,Current
L001616,C02514,B001,Home,285600,10.98,36,2023-10-23,2023-11-05,Approved,Current
L001617,C04961,B019,Business,101000,13.67,84,2023-12-07,2023-12-10,Approved,Default
L001618,C03516,B013,Personal,7500,14.27,36,2024-09-22,2024-09-26,Approved,Default
L001619,C02001,B003,Personal,0,15.08,60,2023-02-04,2023-02-09,Rejected,Current
L001620,C01798,B006,Business,98000,11.9,36,2023-06-20,2023-06-30,Approved,Current
L001621,C02317,B002,Home,0,8.1,48,2024-01-21,2024-01-23,Rejected,Current
L001622,C02581,B017,Home,0,15.25,60,2023-12-01,2023-12-10,Rejected,Current
L001623,C02015,B004,Business,107500,11.14,36,2023-03-20,2023-03-29,Approved,Current
L001624,C02168,B010,Auto,17800,13.94,60,2024-01-07,2024-01-17,Approved,Current
L001625,C03029,B003,Home,155100,13.21,24,2023-08-24,2023-09-05,Approved,Current
L001626,C01948,B027,Personal,6300,11.24,48,2024-05-07,2024-05-22,Approved,Current
L001627,C01144,B012,Business,99600,9.56,36,2024-10-10,2024-10-13,Approved,Current
L001628,C04806,B002,Personal,0,15.05,72,2023-06-04,2023-06-13,Rejected,Current
L001629,C04232,B030,Education,10400,15.28,60,2023-03-07,2023-03-14,Approved,Current
L001630,C03149,B007,Personal,0,15.79,48,2023-07-19,2023-08-04,Rejected,Current
L001631,C00936,B011,Business,0,12.82,48,2024-05-26,2024-05-30,Rejected,Current
L001632,C03158,B021,Home,289800,13.8,60,2024-05-26,2024-06-09,Approved,Current
L001633,C00001,B021,Personal,11900,13.41,60,2024-05-12,2024-05-17,Approved,Current
L001634,C00077,B021,Home,0,14.62,60,2024-11-15,2024-12-01,Rejected,Current
L001635,C02629,B023,Personal,13000,14.41,48,2024-11-25,2024-12-15,Approved,Current
L001636,C02196,B026,Personal,0,14.88,72,2025-11-29,2025-12-13,Rejected,Current
L001637,C00574,B004,Personal,7000,11.59,24,2023-09-29,2023-10-12,Approved,Current
L001638,C01549,B015,Business,48700,13.64,72,2024-12-24,2025-01-07,Approved,Current
L001639,C00186,B001,Personal,14000,12.79,48,2023-06-09,2023-06-14,Approved,Current
L001640,C04618,B029,Education,16400,12.26,60,2023-02-04,2023-02-23,Approved,Current
L001641,C03843,B030,Personal,17600,12.58,84,2025-04-11,2025-04-28,Approved,Current
L001642,C03493,B020,Auto,69700,11.4,48,2024-03-01,2024-03-02,Approved,Current
L001643,C02244,B019,Business,49000,13.36,60,2023-05-01,2023-05-20,Approved,Default
L001644,C00034,B001,Education,25800,12.08,48,2024-02-20,2024-03-02,Approved,Current
L001645,C01621,B027,Personal,0,12.83,72,2023-10-13,2023-10-23,Rejected,Current
L001646,C01897,B024,Auto,26600,13.97,48,2025-09-05,2025-09-09,Approved,Current
L001647,C02456,B006,Personal,7600,10.23,36,2025-08-19,2025-09-05,Approved,Current
L001648,C01801,B010,Home,130300,13.39,48,2024-02-09,2024-02-26,Approved,Current
L001649,C04633,B014,Auto,22600,14.57,72,2024-05-02,2024-05-18,Approved,Current
L001650,C02084,B015,Home,262100,12.42,48,2025-01-14,2025-02-02,Approved,Current
L001651,C01406,B023,Home,233000,10.51,24,2025-10-22,2025-11-11,Approved,Current
L001652,C03689,B018,Personal,0,11.94,48,2024-06-11,2024-06-25,Rejected,Current
L001653,C02653,B007,Personal,14500,14.44,36,2025-01-02,2025-01-18,Approved,Current
L001654,C04539,B010,Personal,0,15.08,60,2024-11-25,2024-11-27,Rejected,Current
L001655,C01187,B028,Business,278400,15.7,36,2024-02-03,2024-02-11,Approved,Current
L001656,C04134,B027,Personal,0,11.72,36,2025-11-12,2025-11-18,Rejected,Current
L001657,C02140,B007,Auto,17700,10.43,48,2023-09-04,2023-09-14,Approved,Current
L001658,C02679,B002,Business,62000,9.31,24,2024-09-19,2024-09-21,Approved,Current
L001659,C03795,B010,Auto,26000,14.0,36,2023-03-10,2023-03-29,Approved,Current
L001660,C02720,B002,Auto,0,15.1,60,2024-07-17,2024-07-21,Rejected,Current
L001661,C04603,B027,Auto,41800,11.21,72,2024-02-01,2024-02-07,Approved,Current
L001662,C02227,B010,Home,206600,8.43,84,2024-08-30,2024-09-12,Approved,Current
L001663,C02332,B017,Home,164800,12.87,72,2023-10-12,2023-10-13,Approved,Current
L001664,C04024,B003,Education,26000,13.63,72,2023-05-26,2023-05-31,Approved,Current
L001665,C04451,B007,Education,26100,14.54,60,2024-01-21,2024-01-28,Approved,Current
L001666,C03369,B018,Auto,0,16.01,60,2023-10-25,2023-11-08,Rejected,Current
L001667,C03958,B015,Personal,17400,12.04,36,2024-05-29,2024-06-17,Approved,Current
L001668,C00488,B007,Home,134700,11.49,48,2025-11-27,2025-12-08,Approved,Current
L001669,C00279,B003,Home,74500,11.64,36,2024-08-03,2024-08-21,Approved,Current
L001670,C02592,B021,Business,359100,12.83,60,2024-10-31,2024-11-18,Approved,Current
L001671,C00650,B001,Auto,38000,9.38,48,2025-02-20,2025-02-26,Approved,Current
L001672,C02979,B014,Home,186300,12.11,36,2023-01-02,2023-01-08,Approved,Current
L001673,C00355,B019,Auto,0,11.64,60,2025-04-21,2025-04-28,Rejected,Current
L001674,C02243,B009,Personal,26900,12.58,60,2023-03-24,2023-04-10,Approved,Current
L001675,C04900,B020,Business,50100,11.92,36,2023-12-21,2024-01-09,Approved,Current
L001676,C02481,B026,Personal,0,12.46,36,2023-05-21,2023-05-26,Rejected,Current
L001677,C00558,B022,Auto,0,11.95,72,2025-10-06,2025-10-13,Rejected,Current
L001678,C03487,B020,Personal,26800,12.36,60,2025-08-07,2025-08-13,Approved,Default
L001679,C00162,B030,Personal,11400,13.19,60,2024-08-22,2024-09-08,Approved,Current
L001680,C00699,B004,Personal,33000,12.03,60,2025-04-14,2025-05-03,Approved,Current
L001681,C01974,B004,Education,26500,14.68,24,2025-03-03,2025-03-15,Approved,Current
L001682,C03545,B003,Auto,49000,13.72,48,2025-07-19,2025-07-26,Approved,Current
L001683,C03778,B014,Home,230500,11.26,36,2025-06-30,2025-07-12,Approved,Current
L001684,C02206,B016,Business,170100,10.15,24,2023-08-29,2023-09-15,Approved,Default
L001685,C00492,B006,Auto,19100,12.23,60,2024-09-15,2024-09-30,Approved,Current
L001686,C01993,B022,Auto,52700,10.09,36,2025-10-13,2025-10-29,Approved,Current
L001687,C01033,B007,Home,66400,9.77,36,2025-10-17,2025-10-18,Approved,Current
L001688,C03284,B017,Personal,0,12.49,60,2025-09-12,2025-09-23,Rejected,Current
L001689,C03511,B016,Personal,13300,13.3,60,2025-06-24,2025-06-25,Approved,Current
L001690,C04920,B018,Personal,0,16.64,48,2025-02-25,2025-03-10,Rejected,Current
L001691,C04775,B027,Auto,19600,10.65,48,2023-08-02,2023-08-22,Approved,Current
L001692,C00786,B010,Personal,12700,10.64,60,2025-03-02,2025-03-19,Approved,Current
L001693,C01834,B008,Home,166000,13.54,24,2023-05-13,2023-05-29,Approved,Current
L001694,C00992,B014,Home,138600,14.15,12,2023-03-21,2023-04-07,Approved,Current
L001695,C04207,B009,Personal,18800,10.61,60,2023-04-11,2023-04-25,Approved,Current
L001696,C01784,B020,Education,17700,11.73,60,2024-09-26,2024-10-01,Approved,Current
L001697,C01185,B016,Education,21500,10.25,24,2023-07-06,2023-07-19,Approved,Current
L001698,C02462,B021,Personal,0,14.69,48,2025-09-11,2025-09-29,Rejected,Current
L001699,C01669,B008,Business,105000,10.25,60,2023-07-25,2023-08-01,Approved,Default
L001700,C02314,B010,Home,295100,11.55,60,2025-06-01,2025-06-18,Approved,Current
L001701,C00572,B027,Business,151900,10.44,48,2023-02-16,2023-02-27,Approved,Current
L001702,C04301,B020,Personal,0,12.74,24,2025-03-31,2025-04-17,Rejected,Current
L001703,C03739,B014,Personal,22800,11.07,36,2023-04-09,2023-04-28,Approved,Current
L001704,C00584,B026,Business,0,14.96,36,2024-05-19,2024-05-25,Rejected,Current
L001705,C02221,B027,Business,79900,10.89,60,2025-09-16,2025-10-06,Approved,Current
L001706,C00308,B002,Home,303600,10.67,48,2024-02-27,2024-03-16,Approved,Current
L001707,C04546,B008,Business,57400,9.33,60,2025-07-15,2025-07-25,Approved,Current
L001708,C00062,B024,Auto,10400,13.03,72,2025-09-03,2025-09-04,Approved,Current
L001709,C04571,B008,Personal,0,16.57,60,2023-08-05,2023-08-06,Rejected,Current
L001710,C03789,B007,Home,400200,11.87,36,2023-06-23,2023-07-08,Approved,Current
L001711,C02134,B015,Personal,15300,10.61,24,2024-03-16,2024-03-22,Approved,Current
L001712,C01960,B023,Business,110500,12.43,12,2023-04-16,2023-04-23,Approved,Current
L001713,C02033,B029,Education,24100,12.24,24,2024-02-15,2024-02-25,Approved,Current
L001714,C03763,B027,Home,252000,12.38,36,2023-04-23,2023-04-27,Approved,Current
L001715,C02787,B027,Auto,33300,13.04,36,2023-05-26,2023-06-09,Approved,Current
L001716,C01543,B014,Auto,30800,12.98,60,2024-10-05,2024-10-13,Approved,Current
L001717,C01676,B011,Personal,0,14.87,24,2024-06-19,2024-06-20,Rejected,Current
L001718,C04622,B009,Home,143200,13.24,48,2023-10-25,2023-10-27,Approved,Current
L001719,C00034,B002,Home,227000,12.55,12,2023-07-07,2023-07-26,Approved,Current
L001720,C03962,B001,Auto,29100,12.93,36,2023-04-21,2023-05-01,Approved,Current
L001721,C02800,B010,Business,0,14.01,12,2023-02-25,2023-03-01,Rejected,Current
L001722,C01856,B029,Personal,0,12.79,60,2024-08-03,2024-08-20,Rejected,Current
L001723,C03681,B014,Home,164300,9.84,36,2024-06-13,2024-06-29,Approved,Current
L001724,C02686,B026,Business,70500,10.64,48,2024-03-24,2024-03-29,Approved,Current
L001725,C01058,B020,Personal,0,13.56,60,2023-08-07,2023-08-17,Rejected,Current
L001726,C04502,B029,Home,73300,11.16,72,2025-06-10,2025-06-21,Approved,Current
L001727,C02962,B027,Personal,0,16.54,48,2023-11-27,2023-11-28,Rejected,Current
L001728,C04389,B006,Home,70900,10.22,60,2024-05-18,2024-05-31,Approved,Current
L001729,C02628,B019,Business,0,16.72,60,2023-10-08,2023-10-28,Rejected,Current
L001730,C03821,B007,Personal,11400,12.97,36,2025-04-23,2025-04-25,Approved,Current
L001731,C03158,B013,Business,129700,11.64,60,2023-01-12,2023-01-13,Approved,Current
L001732,C03644,B025,Home,0,14.43,60,2024-07-18,2024-08-01,Rejected,Current
L001733,C03763,B027,Personal,8200,9.68,48,2023-08-20,2023-09-01,Approved,Current
L001734,C02132,B018,Home,0,12.77,36,2025-12-06,2025-12-17,Rejected,Current
L001735,C00607,B011,Business,145600,10.65,84,2023-09-11,2023-09-12,Approved,Current
L001736,C02356,B003,Personal,23700,11.48,84,2023-10-15,2023-10-29,Approved,Current
L001737,C02300,B018,Home,0,14.76,60,2025-10-04,2025-10-12,Rejected,Current
L001738,C03917,B007,Auto,50000,9.51,36,2024-01-09,2024-01-27,Approved,Current
L001739,C04276,B019,Home,0,12.26,60,2023-07-14,2023-07-19,Rejected,Current
L001740,C01334,B010,Personal,5300,11.92,60,2025-11-14,2025-11-17,Approved,Current
L001741,C04009,B027,Home,0,14.71,48,2025-10-26,2025-11-01,Rejected,Current
L001742,C02474,B028,Business,0,13.83,24,2025-05-14,2025-05-19,Rejected,Current
L001743,C03558,B007,Education,18500,10.41,72,2023-05-23,2023-05-25,Approved,Current
L001744,C03734,B002,Personal,14200,10.89,36,2024-12-03,2024-12-06,Approved,Current
L001745,C02087,B014,Auto,25800,11.22,36,2023-06-20,2023-06-24,Approved,Current
L001746,C03351,B022,Personal,12600,13.75,36,2024-05-04,2024-05-05,Approved,Current
L001747,C04912,B030,Auto,10000,11.86,24,2023-04-06,2023-04-22,Approved,Current
L001748,C00376,B014,Personal,0,13.84,12,2025-09-10,2025-09-29,Rejected,Current
L001749,C01953,B003,Personal,15600,12.03,72,2023-09-17,2023-09-25,Approved,Current
L001750,C03711,B009,Business,64800,11.83,60,2023-02-21,2023-02-23,Approved,Current
L001751,C02089,B020,Personal,38800,15.42,12,2025-02-25,2025-02-28,Approved,Current
L001752,C01694,B030,Home,161900,14.46,60,2023-05-02,2023-05-16,Approved,Current
L001753,C03556,B015,Education,28900,12.48,24,2024-11-25,2024-12-02,Approved,Current
L001754,C04281,B006,Education,43400,12.32,60,2023-03-30,2023-04-12,Approved,Current
L001755,C00072,B012,Personal,0,13.09,48,2025-08-27,2025-09-03,Rejected,Current
L001756,C01775,B025,Auto,31600,13.11,84,2023-02-07,2023-02-23,Approved,Current
L001757,C00574,B014,Auto,0,16.51,48,2023-03-25,2023-03-28,Rejected,Current
L001758,C04665,B016,Home,175900,12.94,60,2025-10-06,2025-10-11,Approved,Current
L001759,C04067,B008,Education,0,10.71,12,2024-12-09,2024-12-12,Rejected,Current
L001760,C03708,B028,Business,72900,13.1,72,2025-01-08,2025-01-23,Approved,Current
L001761,C00153,B010,Business,0,12.3,48,2025-10-23,2025-11-12,Rejected,Current
L001762,C00729,B004,Personal,0,13.75,36,2024-11-02,2024-11-13,Rejected,Current
L001763,C02280,B021,Home,87900,13.71,24,2023-01-30,2023-02-17,Approved,Current
L001764,C01553,B003,Home,547700,11.27,60,2024-09-19,2024-09-24,Approved,Current
L001765,C03664,B028,Personal,23500,13.1,60,2023-04-03,2023-04-16,Approved,Default
L001766,C03568,B003,Personal,40700,10.38,24,2023-08-06,2023-08-07,Approved,Current
L001767,C04272,B007,Personal,29000,13.8,24,2025-08-29,2025-09-12,Approved,Current
L001768,C04345,B030,Personal,22400,13.44,36,2025-06-04,2025-06-13,Approved,Current
L001769,C03107,B003,Personal,15200,11.09,72,2024-11-28,2024-12-07,Approved,Current
L001770,C04897,B026,Personal,0,10.87,84,2023-10-09,2023-10-13,Rejected,Current
L001771,C01000,B010,Personal,40000,11.38,60,2025-09-01,2025-09-03,Approved,Current
L001772,C01135,B020,Home,291300,15.08,12,2024-01-24,2024-02-09,Approved,Current
L001773,C04743,B005,Home,202800,10.98,72,2025-07-17,2025-07-22,Approved,Current
L001774,C03146,B029,Home,168300,10.7,12,2025-05-22,2025-06-11,Approved,Current
L001775,C02716,B026,Education,36800,14.69,72,2023-05-17,2023-06-04,Approved,Current
L001776,C00354,B014,Auto,23900,11.81,36,2023-10-15,2023-10-17,Approved,Current
L001777,C01303,B010,Business,0,12.88,60,2024-09-10,2024-09-24,Rejected,Current
L001778,C04083,B009,Education,0,12.28,24,2024-02-16,2024-03-02,Rejected,Current
L001779,C03732,B006,Personal,0,14.76,24,2024-02-11,2024-02-21,Rejected,Current
L001780,C04622,B003,Home,105100,15.77,48,2024-08-22,2024-09-07,Approved,Current
L001781,C00510,B011,Home,145300,14.52,12,2024-09-13,2024-09-21,Approved,Current
L001782,C01538,B003,Home,127000,10.08,36,2025-12-07,2025-12-21,Approved,Current
L001783,C00178,B006,Personal,0,15.87,60,2023-03-10,2023-03-30,Rejected,Current
L001784,C02377,B016,Business,0,13.28,60,2024-11-26,2024-12-06,Rejected,Current
L001785,C00801,B006,Personal,22200,10.57,36,2024-05-09,2024-05-22,Approved,Current
L001786,C03244,B007,Education,16600,12.84,12,2025-06-02,2025-06-21,Approved,Default
L001787,C03667,B009,Business,97500,12.87,36,2023-10-19,2023-10-21,Approved,Current
L001788,C00938,B011,Auto,0,9.32,60,2025-10-17,2025-10-22,Rejected,Current
L001789,C03028,B013,Personal,6500,12.59,36,2025-01-02,2025-01-16,Approved,Current
L001790,C02021,B014,Home,85800,11.46,36,2024-02-20,2024-02-28,Approved,Current
L001791,C02783,B003,Personal,10600,9.2,12,2025-06-15,2025-06-16,Approved,Current
L001792,C03541,B006,Personal,8800,14.68,60,2024-02-22,2024-02-27,Approved,Current
L001793,C01975,B014,Business,0,15.13,60,2024-07-16,2024-07-27,Rejected,Current
L001794,C01519,B010,Home,211400,14.37,48,2024-12-27,2025-01-04,Approved,Current
L001795,C02670,B014,Home,103100,10.87,60,2023-01-01,2023-01-18,Approved,Current
L001796,C01259,B016,Business,101700,14.15,72,2023-06-12,2023-06-22,Approved,Current
L001797,C03111,B025,Personal,14300,13.23,60,2023-11-11,2023-11-25,Approved,Current
L001798,C01243,B012,Auto,30300,9.11,48,2023-11-29,2023-11-30,Approved,Current
L001799,C02754,B026,Auto,22600,13.63,72,2024-06-08,2024-06-13,Approved,Current
L001800,C02676,B017,Home,241900,7.3,36,2023-02-25,2023-03-12,Approved,Current
L001801,C03673,B027,Business,233500,9.31,60,2024-01-24,2024-02-03,Approved,Current
L001802,C00420,B022,Education,42900,10.4,48,2024-08-15,2024-08-30,Approved,Current
L001803,C00653,B022,Home,398100,11.51,60,2025-07-27,2025-07-28,Approved,Current
L001804,C02872,B024,Home,85500,13.0,48,2025-08-08,2025-08-19,Approved,Current
L001805,C03246,B011,Home,127600,9.99,48,2024-12-31,2025-01-18,Approved,Current
L001806,C04910,B005,Auto,43700,13.39,48,2024-06-10,2024-06-16,Approved,Current
L001807,C00868,B011,Auto,73400,12.42,24,2023-05-04,2023-05-06,Approved,Default
L001808,C04209,B027,Personal,25700,12.37,72,2024-01-29,2024-01-31,Approved,Current
L001809,C02988,B019,Personal,0,13.74,72,2024-12-04,2024-12-21,Rejected,Current
L001810,C00174,B019,Education,22000,11.02,60,2025-06-27,2025-07-02,Approved,Current
L001811,C04733,B021,Personal,21600,10.52,36,2025-06-30,2025-07-20,Approved,Current
L001812,C01560,B016,Auto,29200,11.05,36,2025-09-20,2025-10-04,Approved,Current
L001813,C04128,B030,Business,0,12.99,12,2023-11-24,2023-12-06,Rejected,Current
L001814,C04593,B008,Home,157700,13.8,12,2024-07-20,2024-07-24,Approved,Current
L001815,C02243,B030,Auto,31700,11.96,48,2025-09-14,2025-09-23,Approved,Current
L001816,C04624,B024,Personal,9900,12.91,12,2024-03-30,2024-04-17,Approved,Current
L001817,C02489,B008,Education,48100,11.67,24,2024-11-04,2024-11-14,Approved,Current
L001818,C01513,B021,Personal,0,13.58,36,2025-01-06,2025-01-13,Rejected,Current
L001819,C02772,B019,Home,177800,13.4,36,2023-04-12,2023-04-17,Approved,Current
L001820,C01644,B005,Home,326900,11.71,48,2024-07-24,2024-08-08,Approved,Current
L001821,C00024,B029,Business,88700,9.38,36,2025-03-19,2025-04-01,Approved,Current
L001822,C02338,B014,Personal,30900,10.96,72,2025-07-31,2025-08-14,Approved,Current
L001823,C02944,B018,Home,105000,11.73,84,2024-01-03,2024-01-07,Approved,Current
L001824,C04400,B004,Personal,22800,9.64,12,2023-04-01,2023-04-07,Approved,Current
L001825,C04727,B004,Home,293500,13.44,84,2023-05-19,2023-06-03,Approved,Current
L001826,C01717,B007,Business,60200,13.12,24,2023-04-24,2023-05-07,Approved,Current
L001827,C04134,B012,Personal,16300,13.5,36,2023-01-22,2023-02-04,Approved,Current
L001828,C00745,B013,Auto,29300,10.92,60,2025-11-12,2025-11-30,Approved,Current
L001829,C04178,B012,Business,106600,13.49,60,2024-04-04,2024-04-21,Approved,Current
L001830,C00050,B014,Education,36400,6.6,12,2023-04-24,2023-04-25,Approved,Current
L001831,C03050,B010,Auto,19400,13.17,60,2024-06-23,2024-06-27,Approved,Current
L001832,C02743,B012,Home,179000,12.71,60,2025-07-09,2025-07-20,Approved,Current
L001833,C03890,B027,Home,443900,10.89,84,2023-09-14,2023-10-03,Approved,Current
L001834,C01623,B008,Education,50000,11.48,72,2025-12-05,2025-12-18,Approved,Current
L001835,C03398,B024,Business,0,10.49,84,2024-10-13,2024-10-29,Rejected,Current
L001836,C01788,B005,Home,166400,9.71,48,2024-03-31,2024-04-19,Approved,Current
L001837,C03356,B011,Education,90300,14.49,60,2024-11-09,2024-11-24,Approved,Current
L001838,C01014,B016,Business,167400,10.62,84,2024-01-27,2024-02-08,Approved,Current
L001839,C00154,B025,Education,28600,9.22,12,2024-04-10,2024-04-18,Approved,Current
L001840,C02902,B008,Auto,36100,12.34,60,2024-02-16,2024-02-17,Approved,Current
L001841,C02315,B013,Business,0,13.0,12,2025-06-29,2025-07-07,Rejected,Current
L001842,C03457,B003,Business,117900,14.48,84,2024-07-04,2024-07-09,Approved,Current
L001843,C02303,B009,Personal,24900,13.45,12,2025-09-19,2025-09-20,Approved,Current
L001844,C04267,B008,Education,41200,10.93,48,2024-04-16,2024-04-28,Approved,Current
L001845,C04014,B010,Home,0,12.27,48,2025-02-14,2025-02-18,Rejected,Current
L001846,C00617,B015,Home,0,12.05,36,2025-03-20,2025-04-04,Rejected,Current
L001847,C03050,B014,Business,108500,13.11,60,2024-03-18,2024-03-27,Approved,Current
L001848,C04644,B019,Auto,47200,11.66,36,2024-04-09,2024-04-19,Approved,Current
L001849,C01926,B028,Business,55500,12.89,36,2025-04-25,2025-05-08,Approved,Current
L001850,C02458,B018,Home,176000,11.48,24,2025-07-04,2025-07-14,Approved,Current
L001851,C01612,B018,Home,386900,11.97,60,2024-08-30,2024-09-09,Approved,Current
L001852,C04242,B008,Personal,0,13.62,24,2025-01-11,2025-01-25,Rejected,Current
L001853,C03110,B009,Home,158300,12.11,72,2024-06-27,2024-07-16,Approved,Current
L001854,C02538,B008,Auto,0,11.56,36,2025-06-18,2025-07-07,Rejected,Current
L001855,C04358,B008,Home,201800,13.89,48,2025-07-13,2025-07-14,Approved,Current
L001856,C01628,B027,Home,0,14.4,48,2024-10-06,2024-10-14,Rejected,Current
L001857,C04441,B004,Personal,0,13.21,60,2025-04-23,2025-05-10,Rejected,Current
L001858,C01999,B021,Business,0,15.32,36,2023-01-23,2023-02-02,Rejected,Current
L001859,C02927,B013,Personal,16100,14.62,60,2025-01-06,2025-01-07,Approved,Current
L001860,C01132,B003,Auto,0,15.15,60,2023-05-24,2023-06-01,Rejected,Current
L001861,C01993,B024,Home,210500,12.87,36,2023-11-02,2023-11-07,Approved,Current
L001862,C00514,B016,Personal,21400,10.67,24,2024-05-06,2024-05-08,Approved,Default
L001863,C00713,B019,Business,136700,9.22,48,2024-08-06,2024-08-25,Approved,Current
L001864,C03162,B023,Home,0,10.72,84,2025-12-07,2025-12-09,Rejected,Current
L001865,C00215,B022,Auto,19000,9.39,12,2024-06-29,2024-07-19,Approved,Current
L001866,C00604,B022,Auto,41500,11.77,60,2024-02-09,2024-02-20,Approved,Current
L001867,C03770,B017,Auto,29800,11.5,60,2025-02-04,2025-02-07,Approved,Current
L001868,C04868,B013,Auto,25000,10.33,24,2023-08-29,2023-09-07,Approved,Current
L001869,C00670,B012,Business,126900,14.51,48,2023-12-27,2024-01-04,Approved,Current
L001870,C01081,B028,Auto,64600,6.98,60,2023-03-08,2023-03-14,Approved,Current
L001871,C04655,B028,Home,169900,10.58,60,2023-10-07,2023-10-21,Approved,Default
L001872,C01426,B008,Personal,18100,13.51,72,2025-02-16,2025-02-24,Approved,Current
L001873,C02270,B009,Education,14600,8.63,72,2025-10-25,2025-11-09,Approved,Current
L001874,C00475,B020,Education,0,15.03,36,2024-06-26,2024-06-29,Rejected,Current
L001875,C01132,B015,Home,0,13.94,24,2024-07-16,2024-07-24,Rejected,Current
L001876,C00863,B004,Personal,17800,13.46,24,2023-02-17,2023-03-05,Approved,Current
L001877,C00812,B024,Personal,14700,12.9,84,2023-11-30,2023-12-06,Approved,Current
L001878,C04273,B016,Auto,47700,10.06,84,2023-05-16,2023-05-23,Approved,Current
L001879,C00487,B013,Personal,18600,13.47,60,2024-06-02,2024-06-15,Approved,Current
L001880,C00692,B006,Business,394500,13.53,84,2023-04-29,2023-05-19,Approved,Current
L001881,C03109,B024,Education,31400,14.44,36,2023-12-08,2023-12-17,Approved,Current
L001882,C02623,B023,Education,6200,11.87,60,2025-09-29,2025-10-18,Approved,Current
L001883,C00268,B008,Personal,9800,8.82,48,2024-09-18,2024-09-25,Approved,Current
L001884,C00785,B015,Education,37500,11.21,60,2023-06-13,2023-06-29,Approved,Current
L001885,C03874,B030,Auto,0,9.89,60,2023-10-12,2023-10-19,Rejected,Current
L001886,C02972,B020,Personal,0,15.98,60,2025-08-21,2025-09-05,Rejected,Current
L001887,C02402,B027,Home,93600,17.16,36,2024-01-12,2024-01-17,Approved,Current
L001888,C04910,B027,Auto,24600,14.21,84,2023-02-22,2023-02-24,Approved,Current
L001889,C03342,B002,Education,0,14.54,36,2023-11-24,2023-11-26,Rejected,Current
L001890,C03072,B001,Personal,22300,12.44,60,2023-12-07,2023-12-27,Approved,Current
L001891,C02317,B021,Personal,10300,9.86,60,2024-06-10,2024-06-15,Approved,Current
L001892,C01202,B026,Home,288100,13.9,48,2024-09-30,2024-10-12,Approved,Current
L001893,C00277,B010,Education,14500,9.59,36,2024-05-20,2024-05-24,Approved,Current
L001894,C00307,B009,Education,35600,14.37,48,2025-05-17,2025-06-04,Approved,Current
L001895,C00631,B008,Personal,21700,14.11,48,2024-12-04,2024-12-24,Approved,Current
L001896,C02586,B014,Home,110700,14.09,24,2023-06-27,2023-07-08,Approved,Current
L001897,C01138,B023,Education,15700,11.54,60,2025-08-25,2025-09-14,Approved,Current
L001898,C02182,B001,Auto,39500,14.69,36,2024-07-12,2024-07-18,Approved,Current
L001899,C01714,B010,Education,20600,13.77,60,2025-06-27,2025-07-10,Approved,Current
L001900,C01049,B004,Business,85600,11.46,36,2024-10-15,2024-10-20,Approved,Current
L001901,C01584,B027,Personal,26300,9.14,48,2023-01-09,2023-01-13,Approved,Current
L001902,C03352,B018,Business,123600,13.31,60,2025-07-22,2025-08-01,Approved,Current
L001903,C04909,B030,Personal,10900,10.35,84,2024-06-07,2024-06-09,Approved,Current
L001904,C01835,B009,Business,92200,10.39,36,2025-11-02,2025-11-10,Approved,Current
L001905,C00952,B026,Auto,0,11.61,60,2023-10-04,2023-10-24,Rejected,Current
L001906,C02033,B011,Education,45200,11.95,24,2024-03-14,2024-04-03,Approved,Current
L001907,C01225,B014,Education,65200,9.63,60,2025-11-27,2025-11-30,Approved,Current
L001908,C00033,B029,Personal,11300,14.22,72,2025-03-30,2025-04-08,Approved,Current
L001909,C00097,B019,Personal,17700,11.58,72,2024-03-10,2024-03-30,Approved,Current
L001910,C04359,B029,Home,306400,14.21,72,2025-04-19,2025-04-21,Approved,Current
L001911,C03142,B009,Business,96300,12.9,36,2025-01-13,2025-01-30,Approved,Current
L001912,C02778,B005,Business,129400,10.1,60,2023-09-08,2023-09-09,Approved,Current
L001913,C03279,B028,Education,28800,12.57,36,2024-09-23,2024-10-10,Approved,Current
L001914,C00172,B018,Auto,0,12.51,60,2025-04-24,2025-04-29,Rejected,Current
L001915,C04854,B026,Personal,19200,12.69,36,2023-01-14,2023-01-27,Approved,Current
L001916,C00901,B020,Personal,33500,13.92,48,2023-10-01,2023-10-09,Approved,Current
L001917,C04367,B022,Personal,0,12.9,24,2025-10-03,2025-10-10,Rejected,Current
L001918,C00742,B024,Auto,78200,10.66,72,2023-12-19,2024-01-02,Approved,Current
L001919,C02615,B003,Education,0,12.76,48,2025-08-27,2025-09-04,Rejected,Current
L001920,C01923,B025,Home,227900,9.47,60,2024-03-17,2024-03-28,Approved,Current
L001921,C02698,B004,Business,0,11.91,60,2024-07-20,2024-07-23,Rejected,Current
L001922,C00391,B026,Home,114300,10.32,36,2025-03-12,2025-03-17,Approved,Current
L001923,C00959,B015,Home,385400,12.72,60,2023-05-07,2023-05-25,Approved,Current
L001924,C04671,B029,Home,160800,11.79,60,2025-10-15,2025-10-20,Approved,Current
L001925,C00344,B007,Home,152500,13.22,48,2025-03-31,2025-04-13,Approved,Current
L001926,C03482,B003,Education,0,10.06,72,2024-11-25,2024-11-30,Rejected,Current
L001927,C01570,B027,Home,0,14.31,24,2025-01-08,2025-01-10,Rejected,Current
L001928,C00456,B012,Personal,0,13.75,36,2024-09-14,2024-09-27,Rejected,Current
L001929,C00444,B010,Business,270800,13.42,12,2023-03-20,2023-03-26,Approved,Current
L001930,C04293,B002,Education,46300,12.79,36,2023-05-20,2023-06-06,Approved,Current
L001931,C02916,B025,Auto,40100,12.2,84,2025-10-21,2025-10-29,Approved,Current
L001932,C02411,B025,Personal,16000,10.97,48,2023-09-24,2023-10-11,Approved,Current
L001933,C03482,B012,Personal,10000,11.54,36,2025-12-10,2025-12-29,Approved,Current
L001934,C01418,B006,Personal,34700,9.21,60,2023-08-17,2023-09-01,Approved,Current
L001935,C00671,B004,Personal,29800,12.74,12,2024-03-25,2024-03-26,Approved,Current
L001936,C02285,B002,Education,35900,13.45,36,2024-07-10,2024-07-28,Approved,Current
L001937,C04557,B007,Personal,21600,11.93,48,2024-08-19,2024-08-26,Approved,Current
L001938,C00100,B014,Home,218300,12.46,48,2025-07-29,2025-08-05,Approved,Current
L001939,C02788,B004,Auto,24000,10.44,60,2025-04-14,2025-04-30,Approved,Current
L001940,C00408,B003,Business,376000,7.79,24,2024-12-29,2025-01-09,Approved,Current
L001941,C00978,B013,Personal,15400,10.69,36,2023-06-05,2023-06-10,Approved,Current
L001942,C02799,B026,Home,146300,12.98,60,2025-05-09,2025-05-23,Approved,Current
L001943,C00143,B027,Personal,33300,9.45,36,2025-04-19,2025-04-29,Approved,Current
L001944,C03077,B029,Personal,17700,11.17,60,2024-07-30,2024-08-04,Approved,Current
L001945,C00720,B018,Home,0,11.89,84,2025-07-05,2025-07-24,Rejected,Current
L001946,C01460,B002,Auto,69700,12.39,72,2024-10-16,2024-11-03,Approved,Current
L001947,C00418,B026,Personal,26100,11.51,60,2024-01-27,2024-01-31,Approved,Default
L001948,C01105,B011,Home,0,15.18,24,2025-11-09,2025-11-18,Rejected,Current
L001949,C00545,B007,Personal,0,14.1,60,2023-11-29,2023-12-18,Rejected,Current
L001950,C03289,B024,Education,34900,13.26,48,2023-07-11,2023-07-22,Approved,Current
L001951,C00773,B026,Auto,0,15.52,84,2023-10-22,2023-10-25,Rejected,Current
L001952,C01694,B004,Business,0,12.63,60,2023-05-15,2023-05-26,Rejected,Current
L001953,C01069,B028,Personal,19800,12.96,36,2023-07-22,2023-07-29,Approved,Current
L001954,C03704,B024,Business,0,13.09,36,2023-03-29,2023-04-15,Rejected,Current
L001955,C04224,B014,Home,265100,10.01,36,2023-12-11,2023-12-29,Approved,Current
L001956,C01574,B015,Personal,0,13.02,36,2024-07-16,2024-07-31,Rejected,Current
L001957,C04973,B011,Business,151300,11.27,60,2023-09-07,2023-09-24,Approved,Current
L001958,C03794,B003,Business,45400,12.36,36,2023-11-15,2023-12-02,Approved,Current
L001959,C02654,B026,Education,102700,11.42,24,2023-10-16,2023-10-26,Approved,Current
L001960,C00541,B023,Business,93700,10.61,48,2023-10-28,2023-11-12,Approved,Current
L001961,C02212,B008,Personal,35100,13.65,48,2025-10-26,2025-11-11,Approved,Current
L001962,C02697,B012,Home,0,11.65,12,2024-07-02,2024-07-17,Rejected,Current
L001963,C01559,B026,Home,159900,14.96,36,2023-09-15,2023-09-24,Approved,Current
L001964,C00131,B014,Personal,8100,13.44,12,2024-09-09,2024-09-28,Approved,Current
L001965,C02744,B030,Business,59200,14.92,60,2023-08-10,2023-08-11,Approved,Default
L001966,C04600,B005,Home,190200,11.64,84,2023-11-09,2023-11-11,Approved,Current
L001967,C03821,B026,Education,23300,13.13,48,2023-12-14,2023-12-20,Approved,Current
L001968,C02232,B022,Auto,65900,11.96,48,2025-05-13,2025-05-22,Approved,Current
L001969,C00826,B014,Home,489500,11.94,60,2024-09-20,2024-10-08,Approved,Current
L001970,C02719,B012,Personal,0,12.83,12,2024-11-21,2024-11-22,Rejected,Current
L001971,C01023,B003,Personal,13800,12.66,24,2023-04-01,2023-04-11,Approved,Current
L001972,C02602,B013,Business,0,13.66,60,2023-10-21,2023-10-25,Rejected,Current
L001973,C04227,B030,Education,52900,10.78,60,2023-07-11,2023-07-25,Approved,Current
L001974,C00697,B020,Home,0,12.78,60,2025-03-16,2025-03-22,Rejected,Current
L001975,C01038,B003,Business,0,13.87,72,2023-01-31,2023-02-20,Rejected,Current
L001976,C00814,B001,Auto,0,12.02,36,2024-08-28,2024-09-02,Rejected,Current
L001977,C03838,B013,Education,23600,10.01,48,2025-02-20,2025-03-07,Approved,Current
L001978,C00659,B014,Personal,11200,10.69,84,2023-02-21,2023-03-03,Approved,Current
L001979,C02428,B018,Home,190300,12.78,72,2024-04-19,2024-04-22,Approved,Current
L001980,C01084,B011,Home,159700,13.0,12,2025-03-20,2025-04-06,Approved,Current
L001981,C02975,B026,Home,223900,15.41,36,2023-12-16,2023-12-25,Approved,Current
L001982,C01184,B007,Personal,0,8.92,60,2025-09-27,2025-10-06,Rejected,Current
L001983,C02625,B026,Home,205000,10.72,12,2025-01-27,2025-02-11,Approved,Current
L001984,C02733,B003,Auto,21900,11.34,72,2025-11-07,2025-11-25,Approved,Current
L001985,C01998,B001,Personal,19600,11.75,48,2023-08-18,2023-08-21,Approved,Current
L001986,C02012,B021,Auto,0,15.06,24,2024-12-14,2024-12-22,Rejected,Current
L001987,C01249,B017,Auto,23600,10.75,48,2024-09-01,2024-09-04,Approved,Current
L001988,C03737,B012,Business,183500,11.75,48,2024-07-28,2024-08-16,Approved,Current
L001989,C02414,B017,Home,71000,9.35,36,2025-05-12,2025-05-25,Approved,Current
L001990,C04344,B006,Personal,42100,13.9,48,2024-01-23,2024-02-08,Approved,Current
L001991,C00012,B009,Home,365600,11.74,72,2024-10-16,2024-10-23,Approved,Current
L001992,C02011,B017,Personal,0,17.54,36,2023-01-02,2023-01-22,Rejected,Current
L001993,C03608,B007,Auto,19700,12.37,84,2025-06-10,2025-06-15,Approved,Current
L001994,C00737,B018,Personal,7900,14.26,60,2023-05-31,2023-06-19,Approved,Current
L001995,C00510,B026,Home,307100,11.34,72,2025-01-22,2025-01-24,Approved,Current
L001996,C01269,B024,Personal,15000,12.6,36,2024-09-19,2024-09-22,Approved,Default
L001997,C04267,B023,Personal,14400,11.72,48,2025-08-04,2025-08-07,Approved,Current
L001998,C04817,B027,Education,15100,11.11,48,2025-10-30,2025-11-01,Approved,Current
L001999,C03043,B002,Education,0,18.33,24,2024-11-09,2024-11-25,Rejected,Current
L002000,C04911,B027,Auto,0,12.34,48,2025-06-18,2025-07-05,Rejected,Current
L002001,C01059,B009,Personal,18200,15.03,72,2023-04-21,2023-05-07,Approved,Current
L002002,C04301,B030,Education,0,13.4,12,2023-06-29,2023-07-15,Rejected,Current
L002003,C00890,B023,Education,22500,9.37,60,2025-09-03,2025-09-22,Approved,Current
L002004,C02953,B018,Business,68300,14.06,84,2023-06-30,2023-07-17,Approved,Current
L002005,C03338,B015,Home,151000,13.5,48,2024-01-02,2024-01-07,Approved,Current
L002006,C03682,B018,Personal,24600,17.99,36,2023-06-23,2023-07-05,Approved,Default
L002007,C02745,B012,Personal,14900,15.6,48,2023-03-27,2023-04-08,Approved,Current
L002008,C04846,B005,Business,0,14.02,48,2024-07-01,2024-07-08,Rejected,Current
L002009,C01509,B005,Business,62000,10.9,24,2025-08-04,2025-08-11,Approved,Current
L002010,C03338,B009,Home,280100,10.38,36,2024-03-06,2024-03-10,Approved,Current
L002011,C03034,B017,Home,0,13.0,60,2024-10-19,2024-10-25,Rejected,Current
L002012,C01768,B005,Auto,20900,16.93,48,2023-09-21,2023-10-07,Approved,Current
L002013,C01133,B003,Business,60600,12.78,36,2023-06-18,2023-06-26,Approved,Current
L002014,C01202,B019,Auto,0,12.79,84,2023-11-13,2023-11-19,Rejected,Current
L002015,C00249,B021,Auto,37400,11.76,60,2024-02-08,2024-02-27,Approved,Current
L002016,C01896,B028,Personal,0,14.49,36,2023-08-01,2023-08-11,Rejected,Current
L002017,C00230,B002,Personal,5100,11.39,48,2024-09-25,2024-10-11,Approved,Current
L002018,C02676,B004,Auto,95900,12.93,60,2025-08-19,2025-08-21,Approved,Current
L002019,C01285,B020,Business,0,15.36,60,2024-11-02,2024-11-16,Rejected,Current
L002020,C02876,B020,Personal,0,13.37,36,2023-05-03,2023-05-14,Rejected,Current
L002021,C00321,B018,Personal,37000,12.09,60,2025-11-11,2025-11-13,Approved,Current
L002022,C00028,B019,Auto,55100,8.26,36,2024-07-06,2024-07-09,Approved,Current
L002023,C02899,B027,Home,157000,12.55,48,2025-05-26,2025-06-06,Approved,Current
L002024,C00510,B003,Auto,0,13.97,60,2024-01-29,2024-02-02,Rejected,Current
L002025,C00641,B008,Auto,43600,10.34,48,2024-07-10,2024-07-24,Approved,Current
L002026,C04637,B008,Business,0,14.21,60,2023-09-18,2023-09-23,Rejected,Current
L002027,C03251,B030,Business,187800,12.62,36,2024-06-07,2024-06-10,Approved,Current
L002028,C03748,B012,Personal,0,10.39,60,2023-08-21,2023-08-29,Rejected,Current
L002029,C02720,B017,Home,0,16.13,12,2023-10-15,2023-10-25,Rejected,Current
L002030,C03904,B020,Personal,0,9.4,24,2024-01-11,2024-01-23,Rejected,Current
L002031,C01312,B007,Business,0,14.94,84,2025-07-24,2025-08-01,Rejected,Current
L002032,C03337,B017,Business,0,12.77,24,2024-12-14,2024-12-21,Rejected,Current
L002033,C01491,B002,Personal,0,14.2,60,2025-04-11,2025-04-13,Rejected,Current
L002034,C01419,B005,Personal,0,13.18,72,2023-03-28,2023-04-09,Rejected,Current
L002035,C01459,B028,Personal,55700,12.26,72,2025-06-15,2025-07-05,Approved,Current
L002036,C03460,B023,Auto,0,11.28,72,2024-11-23,2024-12-04,Rejected,Current
L002037,C04905,B007,Personal,18100,12.86,84,2023-06-19,2023-06-28,Approved,Current
L002038,C02568,B027,Auto,7000,11.42,36,2024-05-07,2024-05-12,Approved,Current
L002039,C01338,B025,Auto,0,16.79,36,2023-01-22,2023-01-28,Rejected,Current
L002040,C03693,B019,Auto,0,14.22,24,2023-02-01,2023-02-08,Rejected,Current
L002041,C04610,B012,Business,0,12.95,36,2023-12-11,2023-12-25,Rejected,Current
L002042,C03082,B026,Home,118500,14.38,60,2024-04-28,2024-05-16,Approved,Current
L002043,C00347,B002,Education,30600,13.34,36,2024-07-30,2024-08-14,Approved,Current
L002044,C00117,B001,Personal,8200,14.08,36,2025-10-02,2025-10-03,Approved,Current
L002045,C02459,B011,Personal,23200,13.7,60,2023-11-12,2023-11-28,Approved,Current
L002046,C01421,B029,Home,0,11.79,24,2025-02-05,2025-02-20,Rejected,Current
L002047,C01855,B008,Auto,0,13.13,12,2025-07-13,2025-07-22,Rejected,Current
L002048,C03083,B023,Personal,0,13.16,60,2024-08-10,2024-08-17,Rejected,Current
L002049,C01632,B014,Auto,30600,11.99,60,2023-10-09,2023-10-21,Approved,Current
L002050,C02000,B016,Home,140400,13.01,36,2023-02-04,2023-02-13,Approved,Current
L002051,C02146,B025,Business,41400,12.51,48,2024-01-10,2024-01-22,Approved,Current
L002052,C04378,B002,Home,149700,11.74,36,2023-02-22,2023-03-05,Approved,Current
L002053,C00807,B025,Auto,23200,12.51,36,2025-03-19,2025-03-22,Approved,Current
L002054,C01692,B026,Education,59400,14.17,12,2024-05-30,2024-06-12,Approved,Current
L002055,C02705,B030,Business,0,12.88,36,2024-05-28,2024-06-02,Rejected,Current
L002056,C03436,B008,Home,399000,11.83,12,2023-10-18,2023-11-05,Approved,Current
L002057,C00211,B012,Home,287500,11.5,48,2025-07-17,2025-07-28,Approved,Current
L002058,C01691,B015,Auto,35800,14.09,48,2024-04-29,2024-05-02,Approved,Current
L002059,C01778,B020,Personal,11100,14.54,48,2024-10-14,2024-10-23,Approved,Current
L002060,C03148,B012,Personal,37300,11.61,36,2025-02-13,2025-02-21,Approved,Current
L002061,C02500,B014,Home,0,12.65,36,2023-05-04,2023-05-12,Rejected,Current
L002062,C00687,B010,Business,47800,11.53,48,2023-09-30,2023-10-13,Approved,Current
L002063,C02671,B004,Personal,10900,9.57,72,2024-10-26,2024-11-06,Approved,Current
L002064,C00930,B020,Personal,9000,9.67,84,2023-07-18,2023-07-24,Approved,Current
L002065,C04114,B021,Personal,0,13.53,36,2023-03-24,2023-04-06,Rejected,Current
L002066,C01315,B029,Auto,39600,11.29,84,2025-07-17,2025-07-28,Approved,Current
L002067,C02834,B027,Auto,0,11.84,48,2024-01-13,2024-01-27,Rejected,Current
L002068,C01774,B017,Auto,0,12.0,60,2025-09-09,2025-09-23,Rejected,Current
L002069,C02246,B021,Home,189000,9.9,60,2023-12-13,2024-01-01,Approved,Current
L002070,C01186,B009,Education,25300,9.25,36,2023-01-31,2023-02-05,Approved,Current
L002071,C02465,B009,Home,0,14.94,36,2024-07-05,2024-07-20,Rejected,Current
L002072,C00384,B025,Home,426600,12.58,36,2023-10-03,2023-10-16,Approved,Current
L002073,C04991,B015,Education,12100,13.25,60,2025-01-14,2025-01-30,Approved,Current
L002074,C03924,B019,Education,12400,12.29,72,2024-02-22,2024-03-12,Approved,Current
L002075,C01522,B017,Auto,0,13.63,24,2025-04-12,2025-04-29,Rejected,Current
L002076,C00980,B018,Education,19800,12.79,60,2025-01-02,2025-01-18,Approved,Current
L002077,C04178,B007,Home,128300,11.39,12,2024-03-04,2024-03-18,Approved,Current
L002078,C03611,B016,Home,102200,11.07,72,2023-09-08,2023-09-25,Approved,Current
L002079,C03271,B005,Home,0,12.59,72,2023-01-11,2023-01-18,Rejected,Current
L002080,C01954,B026,Auto,36200,8.72,60,2024-02-21,2024-02-27,Approved,Current
L002081,C01485,B018,Auto,34200,10.56,60,2024-07-03,2024-07-08,Approved,Current
L002082,C00884,B007,Home,134300,10.97,60,2024-07-30,2024-07-31,Approved,Current
L002083,C02528,B014,Business,62900,11.02,24,2024-07-03,2024-07-19,Approved,Current
L002084,C04824,B024,Home,169100,10.68,72,2025-02-05,2025-02-19,Approved,Current
L002085,C00124,B018,Personal,30600,14.4,24,2024-04-01,2024-04-03,Approved,Current
L002086,C00526,B008,Personal,42600,15.77,36,2025-08-01,2025-08-05,Approved,Current
L002087,C02087,B017,Education,51600,10.77,48,2023-09-01,2023-09-02,Approved,Current
L002088,C02156,B025,Business,125500,11.92,48,2023-10-07,2023-10-09,Approved,Current
L002089,C01377,B025,Auto,54900,10.13,24,2025-03-14,2025-03-23,Approved,Current
L002090,C04407,B020,Business,49600,15.18,60,2024-03-24,2024-03-25,Approved,Current
L002091,C03462,B025,Business,64200,15.12,24,2025-08-13,2025-09-02,Approved,Current
L002092,C04136,B021,Education,37400,13.58,60,2023-04-09,2023-04-25,Approved,Current
L002093,C04877,B001,Home,173400,13.68,48,2025-05-01,2025-05-15,Approved,Current
L002094,C00581,B014,Auto,0,10.43,60,2024-09-18,2024-10-01,Rejected,Current
L002095,C01994,B029,Personal,30800,14.69,36,2023-02-15,2023-03-06,Approved,Default
L002096,C04526,B024,Education,44100,9.89,60,2024-07-27,2024-08-11,Approved,Current
L002097,C03936,B014,Education,15400,13.92,36,2024-09-17,2024-10-05,Approved,Current
L002098,C00457,B013,Business,95600,10.27,48,2025-02-02,2025-02-05,Approved,Default
L002099,C02801,B011,Home,0,12.22,48,2023-04-15,2023-04-30,Rejected,Current
L002100,C01452,B020,Home,120600,11.78,36,2023-01-29,2023-02-13,Approved,Current
L002101,C00204,B006,Home,72200,10.53,12,2023-06-18,2023-06-23,Approved,Current
L002102,C02827,B001,Personal,19400,11.87,36,2024-09-25,2024-10-08,Approved,Current
L002103,C04214,B030,Home,69300,11.14,24,2025-05-18,2025-06-07,Approved,Current
L002104,C01853,B026,Personal,22400,13.63,36,2025-06-06,2025-06-22,Approved,Current
L002105,C03466,B017,Education,59100,12.33,60,2024-04-01,2024-04-21,Approved,Current
L002106,C04046,B025,Home,247700,11.51,48,2024-03-18,2024-04-02,Approved,Current
L002107,C04993,B014,Education,0,17.26,48,2025-03-06,2025-03-20,Rejected,Current
L002108,C02444,B005,Auto,74400,10.99,48,2024-02-03,2024-02-12,Approved,Current
L002109,C02053,B007,Personal,21600,10.59,24,2023-07-05,2023-07-23,Approved,Current
L002110,C04604,B022,Personal,0,13.05,24,2023-10-25,2023-11-11,Rejected,Current
L002111,C02193,B019,Education,30000,12.32,48,2025-04-20,2025-04-25,Approved,Default
L002112,C02710,B030,Business,279100,15.24,36,2024-06-14,2024-06-29,Approved,Current
L002113,C01183,B015,Personal,0,18.05,48,2024-10-03,2024-10-14,Rejected,Current
L002114,C02829,B010,Personal,8400,11.68,72,2024-10-19,2024-10-31,Approved,Current
L002115,C00959,B006,Auto,0,12.9,24,2023-09-02,2023-09-09,Rejected,Current
L002116,C04075,B001,Home,163600,12.12,72,2025-10-14,2025-11-03,Approved,Current
L002117,C02059,B014,Personal,13400,13.57,72,2023-05-16,2023-05-25,Approved,Current
L002118,C00069,B015,Auto,16000,11.58,72,2023-07-24,2023-07-27,Approved,Current
L002119,C01638,B010,Auto,10900,10.28,60,2025-06-02,2025-06-19,Approved,Current
L002120,C00202,B010,Home,83000,15.03,72,2024-07-09,2024-07-18,Approved,Current
L002121,C00266,B029,Education,68100,13.3,84,2023-03-01,2023-03-12,Approved,Current
L002122,C03126,B021,Auto,0,12.92,48,2023-09-06,2023-09-20,Rejected,Current
L002123,C00239,B015,Business,32300,13.7,72,2025-06-03,2025-06-13,Approved,Current
L002124,C00291,B003,Personal,34500,10.76,72,2024-09-29,2024-10-03,Approved,Current
L002125,C03395,B005,Personal,35500,9.86,36,2025-09-09,2025-09-25,Approved,Current
L002126,C01809,B019,Personal,35400,12.63,48,2024-02-01,2024-02-17,Approved,Current
L002127,C02090,B014,Home,0,14.52,48,2023-02-14,2023-02-26,Rejected,Current
L002128,C00955,B015,Education,0,11.65,36,2023-01-02,2023-01-08,Rejected,Current
L002129,C04729,B019,Education,30200,9.56,36,2024-12-06,2024-12-13,Approved,Current
L002130,C01931,B019,Business,205300,10.85,36,2024-07-12,2024-07-20,Approved,Current
L002131,C04081,B027,Home,136300,13.67,48,2023-08-14,2023-08-20,Approved,Current
L002132,C00284,B016,Business,62700,13.59,36,2025-10-22,2025-10-29,Approved,Current
L002133,C00807,B019,Auto,46900,13.05,48,2023-04-29,2023-05-08,Approved,Current
L002134,C01907,B021,Personal,35000,12.56,60,2024-08-20,2024-09-05,Approved,Current
L002135,C02677,B023,Home,179700,10.81,60,2024-07-21,2024-08-03,Approved,Default
L002136,C03572,B023,Auto,46300,12.45,36,2025-07-30,2025-08-14,Approved,Current
L002137,C04672,B004,Personal,19100,12.94,24,2024-07-28,2024-08-15,Approved,Current
L002138,C03760,B018,Personal,15700,11.74,60,2023-01-08,2023-01-12,Approved,Current
L002139,C04070,B013,Personal,0,11.68,48,2023-08-23,2023-08-28,Rejected,Current
L002140,C01619,B024,Auto,17000,11.6,84,2024-03-02,2024-03-10,Approved,Current
L002141,C04907,B007,Personal,12800,12.49,36,2024-08-24,2024-08-28,Approved,Current
L002142,C00809,B025,Auto,0,9.71,24,2023-10-06,2023-10-23,Rejected,Current
L002143,C03787,B016,Home,216200,9.8,12,2025-06-30,2025-07-17,Approved,Current
L002144,C00942,B012,Home,0,11.28,24,2025-05-02,2025-05-04,Rejected,Current
L002145,C00040,B013,Business,106300,14.87,36,2024-10-01,2024-10-17,Approved,Current
L002146,C01339,B007,Home,111500,13.74,24,2023-12-26,2024-01-14,Approved,Default
L002147,C04653,B005,Home,296100,12.23,12,2024-08-27,2024-09-03,Approved,Current
L002148,C01322,B009,Business,0,12.23,36,2023-07-31,2023-08-11,Rejected,Current
L002149,C01655,B024,Home,242900,9.9,60,2024-12-16,2024-12-17,Approved,Current
L002150,C03069,B020,Business,0,14.04,60,2024-07-02,2024-07-20,Rejected,Current
L002151,C04739,B021,Home,345100,14.02,24,2023-08-06,2023-08-13,Approved,Current
L002152,C00395,B020,Personal,33500,13.41,72,2023-05-26,2023-06-08,Approved,Current
L002153,C00792,B010,Auto,28900,15.17,24,2024-10-02,2024-10-05,Approved,Current
L002154,C03634,B025,Personal,26700,14.48,24,2025-11-22,2025-12-01,Approved,Current
L002155,C01945,B023,Personal,0,10.43,24,2025-09-16,2025-10-03,Rejected,Current
L002156,C00744,B021,Personal,13900,9.98,24,2024-02-15,2024-02-17,Approved,Current
L002157,C04373,B014,Personal,17200,13.95,60,2025-12-09,2025-12-24,Approved,Current
L002158,C00194,B001,Auto,33400,8.62,24,2023-11-18,2023-11-27,Approved,Current
L002159,C04275,B022,Business,51900,13.02,60,2024-06-19,2024-06-26,Approved,Current
L002160,C03898,B015,Business,121100,12.82,36,2023-03-10,2023-03-29,Approved,Current
L002161,C00218,B002,Personal,31600,12.84,36,2025-10-28,2025-11-08,Approved,Current
L002162,C03583,B015,Auto,29600,14.99,72,2025-07-04,2025-07-22,Approved,Current
L002163,C04653,B005,Personal,21700,11.11,36,2025-01-30,2025-02-16,Approved,Current
L002164,C03491,B009,Auto,0,13.42,72,2024-12-10,2024-12-14,Rejected,Current
L002165,C02816,B027,Business,76000,11.3,36,2025-04-06,2025-04-08,Approved,Current
L002166,C03904,B026,Personal,21900,11.62,84,2023-07-27,2023-08-13,Approved,Current
L002167,C03924,B028,Education,20500,10.02,84,2025-03-25,2025-04-14,Approved,Current
L002168,C01786,B028,Business,0,14.84,60,2025-06-16,2025-06-17,Rejected,Current
L002169,C04173,B009,Business,114700,13.52,72,2023-01-26,2023-02-08,Approved,Current
L002170,C04695,B025,Auto,36500,13.72,60,2024-05-21,2024-05-31,Approved,Current
L002171,C03834,B018,Business,128900,16.76,60,2023-05-28,2023-06-14,Approved,Default
L002172,C01183,B004,Education,0,15.52,60,2025-05-10,2025-05-27,Rejected,Current
L002173,C00524,B009,Business,122700,12.51,60,2024-01-13,2024-01-24,Approved,Current
L002174,C03297,B027,Home,462400,11.06,60,2025-09-06,2025-09-15,Approved,Current
L002175,C04480,B011,Auto,57300,11.83,72,2023-03-06,2023-03-09,Approved,Current
L002176,C00369,B013,Home,222800,12.41,60,2024-12-29,2025-01-08,Approved,Current
L002177,C04384,B023,Education,0,13.09,84,2025-03-13,2025-03-30,Rejected,Current
L002178,C00399,B014,Education,23800,15.02,48,2024-09-20,2024-10-06,Approved,Current
L002179,C02152,B015,Auto,29300,13.31,72,2024-08-19,2024-09-04,Approved,Default
L002180,C03881,B021,Business,0,14.99,36,2023-10-06,2023-10-21,Rejected,Current
L002181,C00127,B018,Education,29400,9.74,12,2024-01-01,2024-01-14,Approved,Current
L002182,C02088,B009,Personal,0,12.23,24,2024-05-13,2024-05-15,Rejected,Current
L002183,C03144,B002,Auto,64200,13.49,24,2023-06-18,2023-06-24,Approved,Current
L002184,C01771,B023,Home,0,11.59,60,2024-04-06,2024-04-09,Rejected,Current
L002185,C04054,B026,Business,31500,13.37,36,2024-02-24,2024-02-25,Approved,Current
L002186,C00247,B014,Home,0,15.8,36,2025-05-25,2025-06-11,Rejected,Current
L002187,C03319,B011,Auto,22400,9.32,60,2023-02-09,2023-02-10,Approved,Current
L002188,C02082,B025,Home,206000,12.42,36,2023-12-29,2024-01-09,Approved,Current
L002189,C02058,B020,Personal,26900,12.06,12,2023-03-25,2023-03-29,Approved,Current
L002190,C02990,B027,Personal,39100,9.72,48,2023-12-10,2023-12-21,Approved,Current
L002191,C03598,B025,Personal,48600,11.67,12,2024-05-23,2024-06-05,Approved,Current
L002192,C00340,B028,Personal,0,14.28,36,2025-04-20,2025-05-07,Rejected,Current
L002193,C02729,B024,Home,0,13.74,60,2023-12-04,2023-12-24,Rejected,Current
L002194,C01592,B007,Auto,35700,13.02,36,2025-10-18,2025-10-31,Approved,Current
L002195,C03162,B014,Personal,81400,11.47,24,2025-05-23,2025-06-09,Approved,Current
L002196,C01309,B028,Auto,58600,10.62,36,2025-05-11,2025-05-13,Approved,Current
L002197,C04630,B029,Auto,29000,11.68,48,2023-07-01,2023-07-03,Approved,Current
L002198,C03339,B008,Personal,11600,10.07,36,2023-01-07,2023-01-25,Approved,Current
L002199,C04905,B020,Home,43600,13.07,24,2024-10-26,2024-11-01,Approved,Default
L002200,C02699,B007,Business,137700,9.73,60,2024-02-12,2024-02-14,Approved,Current
L002201,C03124,B019,Personal,0,13.36,12,2023-09-19,2023-09-30,Rejected,Current
L002202,C02298,B005,Personal,27100,9.95,84,2024-04-19,2024-05-06,Approved,Current
L002203,C02054,B018,Education,0,15.09,12,2023-10-04,2023-10-13,Rejected,Current
L002204,C04945,B008,Auto,0,11.85,60,2025-04-05,2025-04-25,Rejected,Current
L002205,C01510,B018,Home,241000,8.91,24,2023-04-06,2023-04-11,Approved,Current
L002206,C03808,B007,Auto,85400,13.59,48,2025-11-21,2025-12-11,Approved,Current
L002207,C00013,B024,Business,92100,13.51,24,2025-01-17,2025-02-01,Approved,Current
L002208,C04035,B028,Business,173200,11.86,12,2024-01-28,2024-02-14,Approved,Current
L002209,C01581,B022,Home,104700,10.98,72,2024-02-03,2024-02-13,Approved,Current
L002210,C03434,B020,Home,207300,7.97,48,2024-12-29,2025-01-04,Approved,Current
L002211,C04634,B027,Auto,0,13.32,36,2025-09-21,2025-10-04,Rejected,Current
L002212,C02052,B020,Personal,34600,15.4,72,2025-03-18,2025-04-03,Approved,Current
L002213,C03877,B006,Education,20800,13.75,24,2025-02-05,2025-02-07,Approved,Current
L002214,C04818,B008,Home,465300,13.08,36,2025-10-31,2025-11-20,Approved,Current
L002215,C01824,B025,Home,156200,10.44,24,2023-07-06,2023-07-11,Approved,Current
L002216,C03431,B015,Education,15500,9.96,84,2024-01-27,2024-02-13,Approved,Current
L002217,C02741,B022,Personal,10200,9.31,48,2023-07-19,2023-07-26,Approved,Current
L002218,C01789,B003,Personal,12800,12.24,60,2023-02-24,2023-03-13,Approved,Current
L002219,C01953,B010,Auto,0,11.53,24,2024-01-17,2024-01-22,Rejected,Current
L002220,C02705,B013,Home,132300,13.36,36,2023-10-22,2023-10-28,Approved,Current
L002221,C00952,B028,Business,60500,12.33,60,2023-02-24,2023-03-06,Approved,Current
L002222,C04724,B020,Personal,29400,13.33,24,2024-10-04,2024-10-09,Approved,Current
L002223,C03421,B029,Home,0,12.91,48,2025-07-29,2025-08-12,Rejected,Current
L002224,C03028,B005,Personal,14200,13.55,72,2023-03-21,2023-04-10,Approved,Current
L002225,C03102,B003,Auto,0,12.52,72,2024-10-01,2024-10-15,Rejected,Current
L002226,C03961,B027,Personal,11200,8.84,36,2023-10-23,2023-10-25,Approved,Current
L002227,C03589,B005,Home,211500,10.98,48,2025-01-08,2025-01-17,Approved,Default
L002228,C03846,B029,Business,84900,16.53,24,2023-06-22,2023-07-10,Approved,Current
L002229,C01148,B024,Education,23800,12.32,84,2025-06-17,2025-07-05,Approved,Current
L002230,C03518,B028,Auto,61600,14.46,48,2024-06-19,2024-06-28,Approved,Current
L002231,C03059,B020,Home,0,14.3,36,2025-02-06,2025-02-11,Rejected,Current
L002232,C01418,B023,Auto,0,12.36,60,2024-03-14,2024-04-01,Rejected,Current
L002233,C03910,B012,Auto,47300,12.47,48,2023-04-07,2023-04-19,Approved,Current
L002234,C04746,B017,Business,55800,13.71,60,2024-12-14,2024-12-20,Approved,Default
L002235,C03690,B023,Business,275200,12.76,60,2023-01-30,2023-02-16,Approved,Current
L002236,C02773,B017,Education,0,15.67,36,2025-09-20,2025-10-04,Rejected,Current
L002237,C04908,B018,Business,0,14.14,48,2024-10-16,2024-10-26,Rejected,Current
L002238,C02829,B016,Personal,15500,13.03,12,2025-05-13,2025-06-01,Approved,Current
L002239,C02170,B027,Auto,37200,11.14,36,2025-01-05,2025-01-08,Approved,Current
L002240,C02250,B001,Business,120500,11.43,24,2025-05-02,2025-05-12,Approved,Current
L002241,C03859,B019,Business,86600,11.76,60,2024-06-14,2024-06-28,Approved,Default
L002242,C01626,B012,Education,0,14.47,36,2025-12-08,2025-12-23,Rejected,Current
L002243,C02750,B013,Home,535500,9.94,60,2025-11-23,2025-12-09,Approved,Current
L002244,C02606,B008,Auto,9100,14.76,60,2023-08-28,2023-09-03,Approved,Current
L002245,C01848,B024,Personal,28200,11.42,60,2024-08-18,2024-09-01,Approved,Current
L002246,C00579,B012,Auto,0,15.54,24,2024-11-18,2024-11-22,Rejected,Current
L002247,C01137,B007,Home,0,13.51,48,2023-11-10,2023-11-23,Rejected,Current
L002248,C03411,B029,Education,37200,12.51,60,2025-04-25,2025-05-03,Approved,Current
L002249,C03134,B007,Education,0,12.32,36,2025-09-28,2025-10-07,Rejected,Current
L002250,C02275,B016,Business,138100,12.36,36,2023-06-06,2023-06-17,Approved,Current
L002251,C02222,B005,Personal,22100,11.24,60,2025-06-23,2025-06-28,Approved,Current
L002252,C01158,B026,Home,0,11.18,36,2023-06-21,2023-06-26,Rejected,Current
L002253,C03859,B011,Auto,0,12.75,36,2024-05-19,2024-06-06,Rejected,Current
L002254,C01650,B013,Personal,0,14.91,48,2024-06-27,2024-07-13,Rejected,Current
L002255,C04665,B025,Personal,26400,10.69,60,2024-08-25,2024-09-13,Approved,Current
L002256,C04373,B001,Business,199900,12.02,60,2025-11-11,2025-11-20,Approved,Current
L002257,C01587,B020,Personal,0,13.13,12,2023-06-03,2023-06-14,Rejected,Current
L002258,C01959,B006,Personal,16000,14.47,24,2024-02-28,2024-03-10,Approved,Current
L002259,C02324,B004,Auto,0,13.52,60,2024-10-09,2024-10-23,Rejected,Current
L002260,C00234,B016,Education,0,13.98,48,2023-10-19,2023-10-29,Rejected,Current
L002261,C01266,B018,Business,0,13.16,60,2024-09-04,2024-09-13,Rejected,Current
L002262,C00032,B002,Education,0,13.93,48,2024-08-15,2024-08-20,Rejected,Current
L002263,C03439,B012,Business,0,11.85,48,2024-10-08,2024-10-19,Rejected,Current
L002264,C01372,B018,Home,193800,9.36,36,2024-01-20,2024-01-29,Approved,Current
L002265,C00760,B007,Education,11900,12.48,60,2024-12-31,2025-01-13,Approved,Current
L002266,C03204,B021,Home,81300,12.42,48,2023-08-22,2023-09-10,Approved,Current
L002267,C01795,B012,Home,115700,14.01,36,2023-08-06,2023-08-14,Approved,Current
L002268,C04889,B002,Home,153100,14.37,24,2023-09-03,2023-09-07,Approved,Current
L002269,C00762,B009,Business,214500,13.79,12,2023-05-29,2023-06-10,Approved,Current
L002270,C04361,B002,Education,26300,10.75,24,2025-06-12,2025-06-19,Approved,Current
L002271,C04081,B012,Home,0,11.56,24,2024-02-08,2024-02-16,Rejected,Current
L002272,C00282,B023,Home,0,14.73,48,2024-05-17,2024-06-05,Rejected,Current
L002273,C04072,B017,Business,171400,14.95,60,2024-01-19,2024-01-27,Approved,Current
L002274,C03904,B006,Personal,0,11.14,48,2023-02-02,2023-02-21,Rejected,Current
L002275,C04626,B030,Business,64400,12.29,36,2024-02-06,2024-02-10,Approved,Current
L002276,C04056,B022,Home,243400,10.24,24,2024-10-18,2024-10-28,Approved,Current
L002277,C00816,B005,Home,0,15.56,72,2023-09-26,2023-10-11,Rejected,Current
L002278,C04560,B023,Home,501900,11.24,60,2023-10-26,2023-11-03,Approved,Current
L002279,C01471,B016,Home,298200,14.22,36,2023-04-23,2023-05-08,Approved,Current
L002280,C03288,B011,Business,106600,15.96,24,2025-10-02,2025-10-18,Approved,Default
L002281,C04260,B026,Education,0,12.21,60,2025-07-07,2025-07-14,Rejected,Current
L002282,C02586,B016,Home,204100,12.39,24,2025-11-29,2025-12-07,Approved,Current
L002283,C00511,B015,Business,77600,10.26,60,2024-11-04,2024-11-17,Approved,Current
L002284,C00555,B008,Auto,42100,13.17,36,2025-08-03,2025-08-16,Approved,Current
L002285,C03706,B014,Home,0,15.09,72,2023-12-31,2024-01-02,Rejected,Current
L002286,C01307,B002,Auto,0,15.2,48,2023-07-25,2023-08-14,Rejected,Current
L002287,C03143,B003,Auto,21900,13.24,36,2025-09-07,2025-09-22,Approved,Current
L002288,C00259,B024,Personal,23800,11.18,12,2023-04-17,2023-04-23,Approved,Current
L002289,C01225,B027,Home,120300,11.04,36,2024-08-19,2024-09-06,Approved,Current
L002290,C01666,B028,Education,18100,15.26,36,2023-02-09,2023-02-16,Approved,Current
L002291,C01404,B005,Auto,12000,7.79,60,2024-01-31,2024-02-02,Approved,Current
L002292,C01866,B022,Home,232000,14.82,36,2025-10-08,2025-10-10,Approved,Default
L002293,C00766,B004,Personal,13400,12.22,36,2023-11-02,2023-11-03,Approved,Current
L002294,C00065,B017,Personal,32700,14.86,48,2023-02-12,2023-02-26,Approved,Current
L002295,C03450,B012,Home,232200,8.8,12,2025-05-04,2025-05-06,Approved,Current
L002296,C02706,B008,Personal,0,12.14,60,2025-10-04,2025-10-14,Rejected,Current
L002297,C04975,B011,Personal,0,14.53,12,2024-07-30,2024-08-03,Rejected,Current
L002298,C00196,B029,Home,255200,11.9,60,2023-05-29,2023-06-02,Approved,Current
L002299,C01384,B030,Auto,22200,13.03,36,2023-03-12,2023-03-19,Approved,Current
L002300,C02436,B004,Personal,8200,13.32,48,2023-11-17,2023-12-07,Approved,Current
L002301,C04161,B009,Personal,0,9.19,36,2024-03-19,2024-03-24,Rejected,Current
L002302,C01451,B027,Personal,0,13.13,36,2025-02-05,2025-02-17,Rejected,Current
L002303,C00223,B018,Personal,5700,10.47,36,2024-04-02,2024-04-14,Approved,Current
L002304,C00442,B008,Personal,36700,12.06,72,2024-11-18,2024-11-24,Approved,Current
L002305,C01438,B027,Home,135900,13.24,36,2025-03-03,2025-03-21,Approved,Current
L002306,C03188,B025,Home,0,11.01,24,2025-03-23,2025-03-25,Rejected,Current
L002307,C04999,B006,Home,109000,11.46,36,2023-04-02,2023-04-21,Approved,Current
L002308,C02368,B008,Business,63900,12.27,60,2024-10-14,2024-10-30,Approved,Current
L002309,C04866,B012,Home,347100,9.94,36,2023-09-18,2023-09-20,Approved,Current
L002310,C00883,B028,Personal,0,15.08,24,2023-05-25,2023-06-11,Rejected,Current
L002311,C00451,B016,Personal,8600,11.85,36,2023-08-27,2023-09-16,Approved,Current
L002312,C00743,B004,Education,0,17.52,24,2025-06-24,2025-07-01,Rejected,Current
L002313,C01545,B026,Education,21900,13.33,36,2025-07-07,2025-07-14,Approved,Current
L002314,C03351,B017,Personal,20400,12.48,72,2024-10-17,2024-10-29,Approved,Current
L002315,C02830,B013,Personal,13700,9.46,36,2023-11-04,2023-11-15,Approved,Current
L002316,C02614,B018,Home,0,13.29,48,2024-10-28,2024-11-14,Rejected,Current
L002317,C01916,B011,Home,91000,12.83,60,2025-02-12,2025-02-23,Approved,Current
L002318,C01249,B017,Home,0,15.4,48,2025-09-28,2025-10-06,Rejected,Current
L002319,C00528,B009,Home,422800,11.3,12,2023-10-07,2023-10-13,Approved,Current
L002320,C04820,B005,Personal,14600,11.97,36,2025-01-24,2025-01-30,Approved,Default
L002321,C00241,B022,Personal,11900,13.87,72,2024-08-21,2024-09-05,Approved,Current
L002322,C02143,B024,Auto,48800,13.11,60,2023-05-13,2023-06-02,Approved,Current
L002323,C00365,B014,Education,48600,11.34,60,2024-12-11,2024-12-23,Approved,Current
L002324,C01209,B025,Personal,11600,11.95,48,2023-03-27,2023-04-05,Approved,Current
L002325,C04121,B003,Auto,71500,9.78,36,2024-08-27,2024-09-09,Approved,Current
L002326,C02366,B016,Home,190300,9.62,60,2023-02-04,2023-02-19,Approved,Current
L002327,C02962,B018,Personal,23800,14.79,60,2024-09-01,2024-09-16,Approved,Current
L002328,C04658,B003,Business,215400,11.08,60,2023-02-03,2023-02-16,Approved,Default
L002329,C04777,B030,Home,0,18.06,48,2024-04-22,2024-05-01,Rejected,Current
L002330,C02148,B014,Auto,32000,14.33,36,2024-04-10,2024-04-21,Approved,Current
L002331,C02418,B022,Home,127900,9.45,48,2024-01-20,2024-01-31,Approved,Current
L002332,C01617,B027,Personal,79800,10.59,48,2025-12-14,2025-12-23,Approved,Current
L002333,C01036,B016,Auto,20700,13.36,36,2024-01-09,2024-01-26,Approved,Current
L002334,C00720,B017,Home,220400,15.35,36,2023-08-28,2023-09-03,Approved,Current
L002335,C04683,B002,Personal,23800,13.43,60,2025-03-30,2025-04-04,Approved,Current
L002336,C00974,B008,Auto,43500,12.51,36,2024-06-21,2024-06-24,Approved,Current
L002337,C01847,B024,Personal,58000,12.12,84,2025-05-04,2025-05-10,Approved,Current
L002338,C01372,B022,Personal,0,11.41,48,2023-02-17,2023-03-06,Rejected,Current
L002339,C01467,B024,Business,90200,11.06,60,2025-03-23,2025-04-03,Approved,Current
L002340,C00691,B014,Personal,42300,13.02,48,2024-05-01,2024-05-05,Approved,Current
L002341,C00088,B014,Auto,0,11.72,48,2025-03-11,2025-03-23,Rejected,Current
L002342,C02513,B030,Education,45300,11.07,72,2025-08-17,2025-08-27,Approved,Current
L002343,C03849,B015,Personal,20000,10.71,24,2025-01-09,2025-01-26,Approved,Current
L002344,C00494,B024,Home,307000,14.73,36,2025-06-06,2025-06-12,Approved,Current
L002345,C01246,B005,Auto,47700,11.69,36,2023-02-04,2023-02-22,Approved,Current
L002346,C01142,B027,Home,148200,10.51,36,2025-05-14,2025-06-02,Approved,Current
L002347,C04232,B015,Auto,11600,12.16,72,2023-07-24,2023-08-08,Approved,Current
L002348,C00978,B016,Home,73700,14.23,12,2024-06-28,2024-07-10,Approved,Current
L002349,C02235,B004,Personal,0,12.26,36,2025-06-23,2025-07-12,Rejected,Current
L002350,C00542,B023,Personal,17100,13.23,60,2025-01-13,2025-01-18,Approved,Current
L002351,C01403,B014,Auto,8800,11.47,36,2023-06-01,2023-06-19,Approved,Current
L002352,C00811,B010,Personal,16500,13.39,60,2023-06-17,2023-06-29,Approved,Current
L002353,C04508,B017,Business,102300,14.84,36,2025-04-06,2025-04-21,Approved,Current
L002354,C03493,B011,Auto,51200,13.14,24,2023-03-01,2023-03-11,Approved,Current
L002355,C04313,B007,Personal,0,12.0,48,2023-10-06,2023-10-25,Rejected,Current
L002356,C04926,B027,Personal,0,13.46,48,2023-11-13,2023-11-22,Rejected,Current
L002357,C01134,B008,Personal,22600,12.24,12,2023-02-12,2023-02-18,Approved,Current
L002358,C04381,B019,Auto,0,9.69,60,2025-07-10,2025-07-24,Rejected,Current
L002359,C04866,B027,Business,89600,10.97,24,2025-07-08,2025-07-09,Approved,Current
L002360,C00569,B027,Personal,0,10.52,36,2024-05-21,2024-05-22,Rejected,Current
L002361,C03001,B015,Personal,20400,10.48,48,2025-10-17,2025-10-28,Approved,Current
L002362,C01322,B024,Home,77400,14.19,72,2024-04-17,2024-04-20,Approved,Current
L002363,C02745,B022,Personal,0,15.47,12,2023-12-26,2023-12-31,Rejected,Current
L002364,C04626,B003,Home,0,12.44,60,2025-12-08,2025-12-16,Rejected,Current
L002365,C03579,B013,Home,201300,10.26,60,2024-07-13,2024-07-31,Approved,Current
L002366,C01768,B014,Home,0,11.99,24,2025-01-08,2025-01-13,Rejected,Current
L002367,C02075,B006,Home,350700,11.13,36,2024-12-19,2024-12-31,Approved,Current
L002368,C02044,B006,Home,73400,11.42,72,2023-08-14,2023-09-01,Approved,Current
L002369,C01142,B020,Home,154700,9.93,24,2024-11-23,2024-12-05,Approved,Current
L002370,C01078,B021,Personal,24400,12.44,24,2024-01-28,2024-02-05,Approved,Default
L002371,C04600,B021,Home,0,9.85,60,2025-04-08,2025-04-17,Rejected,Current
L002372,C00152,B030,Home,181100,10.71,48,2023-03-29,2023-04-13,Approved,Current
L002373,C04833,B022,Personal,13000,12.63,36,2023-04-09,2023-04-12,Approved,Current
L002374,C00479,B022,Personal,54900,9.65,24,2024-04-30,2024-05-15,Approved,Current
L002375,C03234,B019,Personal,0,18.12,60,2024-03-03,2024-03-07,Rejected,Current
L002376,C01686,B027,Personal,38300,11.28,48,2023-11-12,2023-11-28,Approved,Current
L002377,C03492,B027,Home,95100,14.08,36,2024-04-21,2024-05-10,Approved,Current
L002378,C01372,B015,Personal,24000,12.74,72,2024-07-20,2024-08-07,Approved,Current
L002379,C03901,B002,Home,102000,15.1,48,2023-05-07,2023-05-23,Approved,Current
L002380,C04946,B001,Home,90200,11.66,36,2024-07-04,2024-07-16,Approved,Current
L002381,C02602,B001,Home,0,12.65,60,2024-02-29,2024-03-12,Rejected,Current
L002382,C03424,B024,Auto,45800,10.3,48,2025-06-15,2025-06-19,Approved,Current
L002383,C01697,B020,Home,141900,13.12,12,2024-01-22,2024-02-06,Approved,Current
L002384,C03658,B013,Personal,0,15.58,60,2025-08-22,2025-09-10,Rejected,Current
L002385,C03977,B021,Personal,14700,13.38,12,2023-05-19,2023-06-06,Approved,Current
L002386,C01399,B028,Personal,15500,11.34,84,2023-05-12,2023-05-23,Approved,Current
L002387,C03981,B008,Home,181400,13.79,36,2023-06-10,2023-06-25,Approved,Current
L002388,C01402,B028,Personal,15700,12.17,48,2024-02-21,2024-03-08,Approved,Current
L002389,C01709,B016,Home,373500,12.11,84,2024-07-10,2024-07-21,Approved,Current
L002390,C01413,B010,Business,53600,10.41,36,2023-06-14,2023-06-25,Approved,Current
L002391,C03231,B012,Personal,0,13.36,48,2025-05-01,2025-05-14,Rejected,Current
L002392,C02503,B023,Education,14500,12.72,60,2023-08-14,2023-08-21,Approved,Current
L002393,C04723,B020,Business,267700,12.7,48,2025-01-05,2025-01-20,Approved,Current
L002394,C01265,B012,Business,79500,12.21,36,2023-06-27,2023-07-14,Approved,Current
L002395,C02260,B016,Business,62300,12.05,24,2023-11-27,2023-12-10,Approved,Current
L002396,C00363,B023,Personal,15400,12.19,48,2024-11-18,2024-11-22,Approved,Current
L002397,C02646,B003,Personal,0,12.98,48,2025-08-08,2025-08-09,Rejected,Current
L002398,C01533,B022,Personal,25900,12.66,36,2025-06-06,2025-06-18,Approved,Current
L002399,C04753,B002,Personal,13100,13.54,36,2024-03-26,2024-03-30,Approved,Current
L002400,C01384,B006,Home,148500,13.06,36,2024-09-11,2024-09-12,Approved,Default
L002401,C00667,B030,Business,42700,10.15,48,2025-06-10,2025-06-16,Approved,Current
L002402,C02813,B022,Personal,19400,11.11,60,2023-04-24,2023-05-05,Approved,Current
L002403,C02476,B015,Personal,36400,10.47,36,2025-03-19,2025-04-06,Approved,Current
L002404,C03101,B003,Auto,0,11.47,36,2024-10-01,2024-10-19,Rejected,Current
L002405,C03402,B026,Personal,25500,9.69,60,2024-10-12,2024-11-01,Approved,Current
L002406,C03106,B009,Home,0,13.86,60,2025-07-10,2025-07-16,Rejected,Current
L002407,C02552,B021,Personal,0,12.26,60,2024-06-30,2024-07-14,Rejected,Current
L002408,C03900,B005,Business,138100,15.59,60,2024-09-09,2024-09-15,Approved,Current
L002409,C02152,B001,Home,672900,13.39,72,2025-02-20,2025-03-07,Approved,Current
L002410,C00388,B020,Auto,43100,13.47,60,2024-02-25,2024-02-26,Approved,Current
L002411,C03162,B001,Personal,14300,11.62,24,2025-08-29,2025-09-15,Approved,Current
L002412,C02381,B026,Education,0,13.08,12,2023-06-23,2023-07-05,Rejected,Current
L002413,C00377,B001,Home,0,15.54,24,2024-08-02,2024-08-05,Rejected,Current
L002414,C04336,B013,Auto,37900,12.04,36,2024-07-05,2024-07-07,Approved,Current
L002415,C04278,B007,Education,18400,11.65,12,2024-04-18,2024-04-24,Approved,Current
L002416,C01281,B005,Home,178800,14.01,60,2023-06-22,2023-06-27,Approved,Current
L002417,C00744,B008,Home,208200,10.96,60,2024-09-15,2024-09-23,Approved,Current
L002418,C04937,B020,Personal,0,9.46,60,2023-10-06,2023-10-08,Rejected,Current
L002419,C03487,B009,Home,425000,16.17,24,2023-08-04,2023-08-16,Approved,Current
L002420,C01069,B012,Business,191600,12.86,36,2024-05-24,2024-05-31,Approved,Current
L002421,C01009,B027,Personal,20100,11.99,48,2024-08-17,2024-08-31,Approved,Current
L002422,C04694,B010,Education,0,10.9,60,2023-04-14,2023-04-24,Rejected,Current
L002423,C04297,B014,Auto,39800,10.67,60,2025-09-17,2025-10-07,Approved,Current
L002424,C00343,B020,Home,132400,10.26,84,2025-12-10,2025-12-24,Approved,Current
L002425,C03284,B029,Home,0,13.89,24,2025-02-07,2025-02-18,Rejected,Current
L002426,C00631,B014,Personal,16100,15.66,60,2024-03-04,2024-03-23,Approved,Current
L002427,C00298,B002,Personal,23600,16.93,24,2025-10-24,2025-10-25,Approved,Default
L002428,C00698,B014,Personal,46200,10.08,36,2023-11-07,2023-11-09,Approved,Current
L002429,C01506,B019,Home,0,13.02,60,2024-10-11,2024-10-14,Rejected,Current
L002430,C02761,B025,Education,31800,10.62,84,2025-01-31,2025-02-05,Approved,Current
L002431,C02826,B003,Home,0,12.04,48,2023-12-29,2024-01-09,Rejected,Current
L002432,C00379,B001,Home,177200,13.14,36,2023-01-30,2023-02-18,Approved,Current
L002433,C02796,B025,Personal,0,13.13,36,2024-05-31,2024-06-07,Rejected,Current
L002434,C00706,B028,Auto,0,13.84,60,2024-05-07,2024-05-23,Rejected,Current
L002435,C02415,B018,Auto,9900,10.36,72,2023-09-28,2023-10-18,Approved,Default
L002436,C00771,B014,Home,0,12.07,60,2023-02-17,2023-02-25,Rejected,Current
L002437,C04002,B018,Education,41900,13.22,48,2023-10-08,2023-10-12,Approved,Current
L002438,C01095,B024,Business,100300,10.84,48,2023-10-02,2023-10-14,Approved,Current
L002439,C03465,B019,Auto,23900,8.47,60,2023-06-30,2023-07-18,Approved,Current
L002440,C03595,B029,Education,0,11.55,72,2024-04-15,2024-04-29,Rejected,Current
L002441,C04445,B019,Auto,12100,9.57,72,2024-11-09,2024-11-26,Approved,Current
L002442,C01232,B019,Business,149500,14.43,60,2025-06-13,2025-06-25,Approved,Current
L002443,C01447,B012,Home,169100,14.67,24,2023-04-10,2023-04-19,Approved,Current
L002444,C04189,B016,Personal,0,12.75,36,2024-04-06,2024-04-22,Rejected,Current
L002445,C02403,B022,Education,34700,14.25,36,2023-01-19,2023-01-29,Approved,Current
L002446,C01827,B029,Personal,20400,13.8,24,2024-06-19,2024-07-09,Approved,Default
L002447,C03848,B020,Personal,22400,7.7,36,2023-03-31,2023-04-20,Approved,Current
L002448,C01093,B002,Personal,10500,14.74,72,2024-05-04,2024-05-15,Approved,Current
L002449,C04678,B004,Home,144400,11.05,60,2023-02-01,2023-02-10,Approved,Current
L002450,C01721,B014,Personal,0,13.21,12,2025-05-23,2025-05-24,Rejected,Current
L002451,C00883,B019,Auto,0,13.84,24,2024-02-23,2024-03-10,Rejected,Current
L002452,C00124,B007,Education,0,17.33,84,2025-01-13,2025-01-17,Rejected,Current
L002453,C03491,B010,Personal,0,13.61,36,2025-09-28,2025-10-06,Rejected,Current
L002454,C03595,B016,Business,97300,13.19,60,2025-01-06,2025-01-08,Approved,Current
L002455,C00603,B020,Personal,64400,12.61,36,2025-08-27,2025-09-10,Approved,Current
L002456,C03832,B001,Personal,15100,10.43,36,2024-11-03,2024-11-12,Approved,Current
L002457,C00305,B007,Auto,0,12.44,48,2025-10-13,2025-10-27,Rejected,Current
L002458,C03229,B011,Business,87300,12.79,48,2025-09-16,2025-09-30,Approved,Current
L002459,C03160,B011,Personal,0,12.27,60,2025-09-25,2025-10-07,Rejected,Current
L002460,C01252,B020,Home,0,13.54,24,2024-08-03,2024-08-14,Rejected,Current
L002461,C00937,B029,Personal,52600,9.05,36,2023-07-27,2023-07-28,Approved,Current
L002462,C03718,B014,Education,29000,10.63,60,2023-01-26,2023-01-27,Approved,Current
L002463,C02314,B025,Personal,0,12.79,24,2024-05-25,2024-06-05,Rejected,Current
L002464,C02132,B004,Home,103800,13.39,72,2023-06-18,2023-07-08,Approved,Current
L002465,C03284,B015,Business,78200,11.56,24,2025-08-25,2025-09-09,Approved,Current
L002466,C03290,B011,Auto,17300,13.42,48,2024-01-25,2024-02-03,Approved,Current
L002467,C04845,B030,Education,0,11.83,24,2023-07-30,2023-08-19,Rejected,Current
L002468,C02199,B007,Education,28600,11.91,60,2025-05-04,2025-05-21,Approved,Current
L002469,C00686,B011,Home,0,13.05,36,2025-04-13,2025-04-23,Rejected,Current
L002470,C04236,B011,Auto,20100,12.53,12,2023-11-13,2023-11-28,Approved,Current
L002471,C00055,B014,Personal,28700,13.66,48,2025-04-14,2025-04-26,Approved,Current
L002472,C03213,B006,Education,0,11.34,84,2023-11-18,2023-11-23,Rejected,Current
L002473,C04170,B022,Personal,0,12.02,72,2023-08-12,2023-08-26,Rejected,Current
L002474,C03207,B012,Business,89600,11.99,60,2025-12-02,2025-12-12,Approved,Current
L002475,C02956,B018,Home,60900,13.7,12,2024-09-10,2024-09-30,Approved,Current
L002476,C01945,B014,Home,0,13.2,72,2025-11-02,2025-11-03,Rejected,Current
L002477,C00642,B015,Personal,16400,10.19,72,2025-10-01,2025-10-17,Approved,Current
L002478,C04840,B021,Auto,43600,13.07,12,2025-05-14,2025-05-18,Approved,Current
L002479,C00062,B004,Personal,54100,14.64,24,2024-08-11,2024-08-16,Approved,Current
L002480,C01224,B012,Personal,21500,13.47,48,2023-04-05,2023-04-14,Approved,Default
L002481,C02538,B027,Personal,30700,12.63,36,2024-11-08,2024-11-25,Approved,Current
L002482,C00493,B029,Personal,38500,10.66,36,2024-10-31,2024-11-06,Approved,Current
L002483,C01140,B011,Home,242500,16.43,24,2024-06-14,2024-06-19,Approved,Current
L002484,C01256,B001,Home,0,10.48,48,2025-09-18,2025-10-06,Rejected,Current
L002485,C02496,B025,Personal,7300,15.27,60,2023-06-15,2023-07-02,Approved,Current
L002486,C03286,B019,Home,0,14.04,72,2025-06-12,2025-06-23,Rejected,Current
L002487,C02256,B025,Business,0,10.36,36,2024-03-18,2024-03-21,Rejected,Current
L002488,C01002,B017,Auto,64800,12.67,60,2024-07-02,2024-07-08,Approved,Default
L002489,C01126,B007,Education,0,13.55,60,2024-03-25,2024-04-03,Rejected,Current
L002490,C03882,B016,Personal,0,13.15,48,2025-04-16,2025-04-29,Rejected,Current
L002491,C04106,B011,Business,50200,9.34,72,2025-12-01,2025-12-02,Approved,Current
L002492,C03545,B025,Home,153100,10.67,12,2025-09-05,2025-09-20,Approved,Current
L002493,C01147,B018,Home,110100,10.97,72,2023-03-06,2023-03-26,Approved,Current
L002494,C00787,B003,Home,115800,12.13,72,2025-09-24,2025-09-28,Approved,Current
L002495,C02052,B026,Home,179700,14.13,24,2024-04-17,2024-04-19,Approved,Current
L002496,C00259,B012,Home,132500,11.6,48,2023-12-02,2023-12-18,Approved,Current
L002497,C03850,B018,Auto,135900,12.19,48,2024-08-28,2024-09-03,Approved,Current
L002498,C04617,B007,Personal,0,13.16,36,2025-10-30,2025-11-19,Rejected,Current
L002499,C00716,B014,Auto,0,14.7,72,2025-03-02,2025-03-17,Rejected,Current
L002500,C01644,B008,Auto,30100,12.35,60,2025-08-12,2025-08-31,Approved,Current
L002501,C00124,B022,Home,196100,13.03,24,2023-01-21,2023-01-28,Approved,Current
L002502,C01774,B012,Personal,0,12.91,72,2023-06-29,2023-07-10,Rejected,Current
L002503,C00922,B014,Personal,76200,10.22,12,2023-12-25,2024-01-12,Approved,Current
L002504,C02178,B013,Personal,0,12.38,48,2023-05-13,2023-05-21,Rejected,Current
L002505,C01504,B001,Personal,12900,11.05,48,2024-11-06,2024-11-08,Approved,Current
L002506,C01853,B021,Personal,11900,14.31,12,2024-09-18,2024-09-30,Approved,Current
L002507,C02125,B001,Personal,21600,13.92,60,2025-10-07,2025-10-15,Approved,Current
L002508,C03255,B028,Personal,39300,13.23,84,2025-09-28,2025-09-29,Approved,Current
L002509,C02414,B003,Home,0,11.66,48,2025-02-28,2025-03-07,Rejected,Current
L002510,C04388,B017,Education,18500,12.15,48,2025-09-17,2025-09-26,Approved,Current
L002511,C00157,B016,Education,18200,12.75,36,2024-07-17,2024-07-26,Approved,Current
L002512,C01124,B018,Personal,35700,13.59,72,2023-03-25,2023-03-27,Approved,Current
L002513,C00918,B030,Personal,57200,14.04,72,2025-03-06,2025-03-10,Approved,Current
L002514,C01703,B012,Home,170800,11.74,36,2023-06-01,2023-06-15,Approved,Current
L002515,C01666,B010,Personal,0,14.99,72,2023-10-28,2023-11-11,Rejected,Current
L002516,C04234,B001,Home,0,12.77,36,2024-01-26,2024-02-03,Rejected,Current
L002517,C02112,B007,Home,0,12.32,48,2023-05-10,2023-05-19,Rejected,Current
L002518,C03715,B015,Home,106200,10.75,36,2024-07-06,2024-07-09,Approved,Current
L002519,C02555,B007,Business,119200,14.86,36,2023-11-26,2023-12-15,Approved,Current
L002520,C03025,B014,Business,86100,13.4,72,2023-02-12,2023-02-18,Approved,Current
L002521,C04036,B030,Education,31900,16.05,60,2025-12-14,2025-12-15,Approved,Current
L002522,C02837,B020,Personal,35200,13.28,12,2025-12-10,2025-12-28,Approved,Current
L002523,C02398,B018,Business,0,13.03,60,2024-11-07,2024-11-15,Rejected,Current
L002524,C02195,B004,Home,194800,14.45,48,2023-06-26,2023-07-03,Approved,Current
L002525,C01556,B004,Auto,0,10.03,60,2023-05-09,2023-05-16,Rejected,Current
L002526,C03626,B025,Business,0,12.18,48,2023-04-06,2023-04-16,Rejected,Current
L002527,C02910,B025,Education,51200,14.0,36,2024-11-19,2024-11-23,Approved,Current
L002528,C04503,B005,Auto,39000,11.95,48,2025-09-05,2025-09-23,Approved,Current
L002529,C00344,B007,Home,197600,12.6,24,2025-03-22,2025-04-10,Approved,Current
L002530,C04748,B023,Home,0,14.33,36,2023-12-31,2024-01-10,Rejected,Current
L002531,C01545,B003,Auto,0,12.15,12,2024-05-30,2024-06-19,Rejected,Current
L002532,C03997,B025,Business,112400,10.62,36,2024-07-29,2024-08-17,Approved,Current
L002533,C02819,B015,Auto,48500,13.18,24,2025-04-01,2025-04-04,Approved,Current
L002534,C00039,B003,Home,561700,11.0,60,2025-02-03,2025-02-20,Approved,Current
L002535,C04383,B011,Home,0,13.39,72,2024-11-11,2024-11-12,Rejected,Current
L002536,C04987,B012,Personal,0,12.03,60,2024-06-25,2024-07-03,Rejected,Current
L002537,C04758,B023,Education,51700,13.13,36,2025-07-25,2025-08-11,Approved,Current
L002538,C03424,B007,Personal,33800,11.19,48,2023-03-26,2023-03-30,Approved,Default
L002539,C01029,B016,Auto,0,14.14,60,2024-05-12,2024-05-14,Rejected,Current
L002540,C00236,B009,Business,81500,12.24,60,2023-12-31,2024-01-17,Approved,Current
L002541,C00969,B011,Home,0,14.81,36,2023-11-23,2023-11-25,Rejected,Current
L002542,C01231,B007,Business,57900,12.52,48,2024-05-06,2024-05-07,Approved,Current
L002543,C00239,B021,Business,213400,13.45,24,2024-12-09,2024-12-14,Approved,Current
L002544,C01855,B010,Personal,18600,12.07,60,2023-07-09,2023-07-15,Approved,Current
L002545,C04925,B027,Home,0,15.15,48,2024-05-16,2024-05-28,Rejected,Current
L002546,C00052,B018,Auto,36700,15.17,12,2025-01-01,2025-01-11,Approved,Current
L002547,C02156,B029,Home,0,12.55,48,2025-04-13,2025-04-21,Rejected,Current
L002548,C01381,B026,Home,0,13.27,60,2023-04-15,2023-04-29,Rejected,Current
L002549,C01057,B030,Auto,21000,11.78,12,2024-08-13,2024-08-17,Approved,Current
L002550,C00022,B013,Personal,42600,12.95,36,2024-06-08,2024-06-27,Approved,Current
L002551,C00307,B001,Home,0,17.4,48,2025-05-13,2025-05-18,Rejected,Current
L002552,C04107,B006,Personal,10800,11.4,84,2023-10-12,2023-10-19,Approved,Current
L002553,C02610,B015,Personal,17200,8.95,36,2023-05-18,2023-06-07,Approved,Current
L002554,C04294,B015,Home,606100,12.41,60,2023-12-22,2023-12-24,Approved,Current
L002555,C03601,B025,Auto,20400,12.37,24,2023-03-17,2023-03-28,Approved,Current
L002556,C01966,B019,Personal,26600,10.83,84,2024-11-28,2024-12-08,Approved,Current
L002557,C04647,B028,Business,0,16.47,36,2025-06-14,2025-07-02,Rejected,Current
L002558,C03579,B017,Home,211700,8.34,24,2024-02-15,2024-02-17,Approved,Current
L002559,C02544,B001,Education,46500,15.32,36,2024-11-28,2024-12-12,Approved,Current
L002560,C00505,B025,Home,71800,15.23,12,2025-05-21,2025-05-31,Approved,Current
L002561,C00137,B015,Personal,11000,12.13,24,2024-07-10,2024-07-16,Approved,Current
L002562,C01303,B025,Business,0,13.09,48,2024-11-18,2024-11-21,Rejected,Current
L002563,C04015,B014,Auto,33800,11.51,72,2025-07-27,2025-08-12,Approved,Current
L002564,C03615,B029,Home,0,13.64,48,2025-05-14,2025-05-22,Rejected,Current
L002565,C04948,B006,Home,273600,13.88,60,2023-09-01,2023-09-10,Approved,Current
L002566,C04807,B003,Personal,11000,11.85,60,2023-06-05,2023-06-16,Approved,Current
L002567,C00507,B014,Home,0,17.57,12,2025-07-22,2025-08-07,Rejected,Current
L002568,C04782,B013,Personal,28300,12.97,36,2025-07-06,2025-07-08,Approved,Current
L002569,C01534,B009,Home,210900,13.23,84,2025-06-27,2025-07-02,Approved,Current
L002570,C03642,B021,Business,122900,12.25,12,2023-04-03,2023-04-04,Approved,Current
L002571,C04004,B012,Business,180300,16.06,48,2024-10-07,2024-10-22,Approved,Current
L002572,C00708,B015,Personal,13000,11.9,60,2023-07-11,2023-07-18,Approved,Current
L002573,C01624,B024,Business,136700,12.97,36,2023-08-19,2023-09-04,Approved,Current
L002574,C04238,B020,Home,482900,11.4,84,2023-10-26,2023-11-07,Approved,Current
L002575,C02329,B001,Personal,0,14.9,48,2025-08-08,2025-08-27,Rejected,Current
L002576,C03015,B011,Business,0,14.83,72,2025-11-17,2025-12-02,Rejected,Current
L002577,C01708,B014,Home,662100,10.86,48,2023-11-10,2023-11-13,Approved,Current
L002578,C00302,B002,Personal,20400,13.04,36,2024-06-10,2024-06-30,Approved,Current
L002579,C02445,B008,Personal,38800,13.82,60,2024-10-25,2024-10-30,Approved,Default
L002580,C00318,B011,Home,146700,11.21,84,2023-12-29,2024-01-13,Approved,Current
L002581,C02956,B020,Personal,32400,15.0,36,2024-01-05,2024-01-22,Approved,Default
L002582,C02928,B012,Business,70300,12.09,72,2023-03-31,2023-04-16,Approved,Current
L002583,C00858,B027,Home,221000,11.75,60,2024-06-21,2024-07-07,Approved,Current
L002584,C02721,B017,Home,0,10.84,36,2024-09-13,2024-09-25,Rejected,Current
L002585,C03023,B021,Personal,51200,15.25,12,2023-12-17,2023-12-21,Approved,Current
L002586,C00677,B012,Business,0,15.8,36,2024-03-20,2024-03-25,Rejected,Current
L002587,C00379,B020,Home,100600,13.88,60,2025-09-30,2025-10-08,Approved,Current
L002588,C00217,B010,Home,0,13.48,24,2023-05-09,2023-05-21,Rejected,Current
L002589,C03701,B021,Business,0,12.18,48,2023-07-28,2023-08-02,Rejected,Current
L002590,C02897,B003,Personal,0,9.9,48,2023-02-15,2023-02-26,Rejected,Current
L002591,C04964,B004,Home,118300,14.16,60,2024-05-06,2024-05-25,Approved,Current
L002592,C04530,B024,Auto,56600,13.55,72,2023-01-01,2023-01-11,Approved,Current
L002593,C04852,B022,Home,0,12.49,60,2025-04-16,2025-05-04,Rejected,Current
L002594,C02990,B005,Personal,7300,12.49,48,2025-04-13,2025-04-25,Approved,Current
L002595,C03831,B027,Personal,0,14.31,60,2024-04-03,2024-04-12,Rejected,Current
L002596,C03657,B016,Home,169500,10.08,60,2025-03-08,2025-03-18,Approved,Current
L002597,C01507,B029,Education,0,12.28,72,2025-06-22,2025-07-12,Rejected,Current
L002598,C01291,B010,Home,247100,11.28,60,2023-09-15,2023-10-05,Approved,Current
L002599,C01940,B004,Personal,0,12.13,60,2025-01-24,2025-02-12,Rejected,Current
L002600,C04695,B012,Business,77000,14.0,24,2023-01-14,2023-01-20,Approved,Current
L002601,C00236,B015,Home,440300,9.43,12,2024-03-05,2024-03-15,Approved,Current
L002602,C01784,B026,Home,82500,11.71,84,2025-03-11,2025-03-30,Approved,Current
L002603,C04196,B002,Home,237700,13.18,36,2025-05-24,2025-06-02,Approved,Current
L002604,C02787,B001,Auto,23100,11.41,24,2025-03-08,2025-03-24,Approved,Current
L002605,C01378,B027,Auto,0,11.9,24,2025-07-11,2025-07-19,Rejected,Current
L002606,C02756,B020,Personal,6800,11.8,60,2025-06-06,2025-06-18,Approved,Current
L002607,C02084,B013,Business,0,10.19,12,2023-09-26,2023-10-01,Rejected,Current
L002608,C04410,B018,Personal,23400,10.77,60,2024-08-07,2024-08-18,Approved,Current
L002609,C04096,B009,Personal,0,12.47,48,2023-03-28,2023-04-16,Rejected,Current
L002610,C04647,B015,Personal,15100,16.23,24,2023-12-17,2023-12-20,Approved,Current
L002611,C04613,B018,Business,260800,13.71,24,2024-07-21,2024-08-05,Approved,Current
L002612,C02701,B002,Auto,34500,10.57,24,2023-08-03,2023-08-23,Approved,Current
L002613,C04105,B022,Business,0,14.81,36,2025-03-27,2025-03-30,Rejected,Current
L002614,C03550,B022,Auto,21100,11.34,60,2025-01-26,2025-01-27,Approved,Current
L002615,C04153,B020,Personal,0,15.49,36,2024-11-09,2024-11-20,Rejected,Current
L002616,C02331,B019,Home,177000,12.7,60,2025-04-02,2025-04-15,Approved,Current
L002617,C04557,B030,Home,81500,9.93,84,2025-08-28,2025-09-02,Approved,Current
L002618,C03762,B004,Home,126000,6.85,72,2024-03-23,2024-03-30,Approved,Current
L002619,C02012,B021,Personal,0,13.46,60,2023-05-16,2023-05-17,Rejected,Current
L002620,C02642,B024,Business,89400,11.01,72,2025-01-30,2025-02-12,Approved,Current
L002621,C02113,B018,Auto,38500,12.41,60,2023-09-11,2023-09-21,Approved,Current
L002622,C03501,B014,Home,257400,12.8,60,2023-11-25,2023-12-15,Approved,Current
L002623,C04951,B013,Business,49200,9.69,60,2024-06-11,2024-06-29,Approved,Current
L002624,C04232,B029,Auto,0,13.37,84,2025-04-29,2025-05-12,Rejected,Current
L002625,C04858,B026,Personal,5400,13.26,60,2023-09-21,2023-09-22,Approved,Current
L002626,C01010,B022,Home,150900,8.81,36,2025-10-08,2025-10-25,Approved,Current
L002627,C01630,B007,Personal,27000,13.24,24,2024-01-08,2024-01-20,Approved,Current
L002628,C03120,B014,Personal,0,14.82,36,2024-04-02,2024-04-08,Rejected,Current
L002629,C00850,B019,Personal,20000,12.33,60,2025-02-18,2025-02-25,Approved,Current
L002630,C02868,B013,Education,59600,12.94,60,2024-11-29,2024-11-30,Approved,Current
L002631,C02040,B021,Home,228500,11.68,36,2023-07-06,2023-07-16,Approved,Current
L002632,C03236,B013,Business,100800,13.18,72,2025-08-27,2025-08-30,Approved,Current
L002633,C00479,B014,Personal,0,10.65,84,2025-07-18,2025-07-25,Rejected,Current
L002634,C01311,B018,Personal,4800,12.08,60,2023-02-13,2023-02-23,Approved,Current
L002635,C04632,B019,Business,0,14.19,12,2023-06-15,2023-06-25,Rejected,Current
L002636,C02144,B002,Home,179700,12.44,60,2023-04-07,2023-04-16,Approved,Current
L002637,C00414,B010,Business,203900,14.3,72,2024-12-01,2024-12-07,Approved,Current
L002638,C01657,B011,Personal,0,12.35,36,2023-12-06,2023-12-15,Rejected,Current
L002639,C02632,B013,Education,106500,11.1,48,2023-07-28,2023-08-06,Approved,Current
L002640,C03937,B017,Home,161300,12.05,36,2023-02-21,2023-03-03,Approved,Current
L002641,C01395,B008,Personal,12300,10.41,72,2025-07-04,2025-07-08,Approved,Current
L002642,C02624,B019,Auto,0,14.03,72,2025-08-03,2025-08-19,Rejected,Current
L002643,C02291,B007,Business,0,14.41,36,2024-06-07,2024-06-09,Rejected,Current
L002644,C00639,B003,Personal,17300,10.96,36,2025-06-21,2025-07-02,Approved,Current
L002645,C03445,B023,Education,21100,12.89,12,2023-08-02,2023-08-11,Approved,Current
L002646,C00353,B008,Auto,11900,11.14,36,2025-05-03,2025-05-06,Approved,Current
L002647,C04522,B028,Home,118900,9.3,60,2025-08-03,2025-08-10,Approved,Current
L002648,C03149,B030,Personal,32500,14.99,12,2023-06-18,2023-07-01,Approved,Current
L002649,C04606,B015,Home,114000,14.21,36,2023-06-01,2023-06-14,Approved,Default
L002650,C03589,B006,Personal,7000,9.98,60,2024-04-18,2024-05-07,Approved,Current
L002651,C00140,B009,Home,103500,7.5,60,2023-07-16,2023-07-27,Approved,Current
L002652,C00252,B017,Business,90500,11.27,84,2023-01-13,2023-01-18,Approved,Current
L002653,C00669,B001,Auto,21100,12.35,36,2025-01-10,2025-01-26,Approved,Current
L002654,C03843,B018,Home,158600,10.86,24,2025-06-04,2025-06-06,Approved,Current
L002655,C00317,B014,Personal,11600,11.25,60,2023-06-11,2023-06-21,Approved,Current
L002656,C04019,B015,Education,0,15.09,12,2024-09-06,2024-09-16,Rejected,Current
L002657,C02927,B020,Personal,23600,12.64,24,2024-10-04,2024-10-23,Approved,Current
L002658,C02010,B013,Personal,61000,9.3,48,2024-08-30,2024-09-19,Approved,Current
L002659,C02946,B022,Auto,0,11.84,48,2024-12-28,2025-01-03,Rejected,Current
L002660,C01053,B025,Business,81200,12.79,36,2024-10-04,2024-10-20,Approved,Current
L002661,C04637,B021,Education,53700,14.77,48,2025-07-08,2025-07-21,Approved,Current
L002662,C03564,B009,Education,34700,9.89,72,2025-03-13,2025-04-01,Approved,Current
L002663,C01124,B005,Education,16700,12.71,60,2025-12-07,2025-12-10,Approved,Current
L002664,C01344,B018,Home,251200,12.0,48,2024-07-08,2024-07-17,Approved,Current
L002665,C00570,B009,Personal,22400,10.38,36,2023-08-22,2023-09-01,Approved,Current
L002666,C04819,B009,Auto,11900,11.47,48,2023-08-29,2023-09-14,Approved,Current
L002667,C03722,B007,Personal,12600,9.72,12,2025-10-19,2025-11-06,Approved,Current
L002668,C03917,B004,Personal,0,11.74,60,2023-06-03,2023-06-07,Rejected,Current
L002669,C01001,B005,Personal,39900,12.64,60,2023-06-08,2023-06-24,Approved,Current
L002670,C02924,B001,Personal,26400,13.3,24,2023-07-01,2023-07-19,Approved,Current
L002671,C02237,B022,Home,135700,14.71,36,2024-07-21,2024-07-31,Approved,Current
L002672,C04546,B025,Home,0,12.69,24,2024-07-18,2024-07-19,Rejected,Current
L002673,C03926,B015,Home,286900,13.74,72,2024-06-29,2024-07-09,Approved,Current
L002674,C03253,B026,Business,0,12.31,60,2025-12-05,2025-12-22,Rejected,Current
L002675,C03393,B029,Auto,0,12.04,12,2023-12-06,2023-12-25,Rejected,Current
L002676,C02331,B022,Education,60800,13.17,84,2025-04-21,2025-05-07,Approved,Current
L002677,C03393,B009,Home,0,11.0,24,2024-07-15,2024-07-21,Rejected,Current
L002678,C02618,B027,Personal,11900,9.22,24,2024-12-09,2024-12-17,Approved,Current
L002679,C04121,B002,Personal,0,10.94,12,2024-06-06,2024-06-22,Rejected,Current
L002680,C04356,B021,Auto,50800,8.66,60,2023-08-19,2023-08-31,Approved,Current
L002681,C02014,B012,Business,99200,13.69,72,2024-11-01,2024-11-10,Approved,Current
L002682,C01928,B003,Personal,0,16.62,24,2023-11-14,2023-11-30,Rejected,Current
L002683,C02545,B023,Business,0,14.31,84,2024-06-18,2024-06-25,Rejected,Current
L002684,C04548,B002,Home,202500,13.01,36,2023-03-15,2023-03-23,Approved,Current
L002685,C04796,B001,Personal,18900,12.08,60,2024-06-12,2024-07-02,Approved,Current
L002686,C03720,B010,Auto,15400,9.68,84,2025-06-12,2025-06-17,Approved,Current
L002687,C03674,B023,Home,105200,10.74,12,2023-12-31,2024-01-09,Approved,Current
L002688,C01552,B008,Personal,0,11.57,48,2023-09-21,2023-09-29,Rejected,Current
L002689,C01683,B006,Home,0,13.06,60,2025-03-27,2025-04-16,Rejected,Current
L002690,C00385,B019,Business,0,15.48,36,2023-07-04,2023-07-20,Rejected,Current
L002691,C04709,B026,Auto,23200,10.45,24,2024-11-23,2024-12-04,Approved,Default
L002692,C03037,B019,Personal,27400,11.91,60,2025-08-15,2025-08-16,Approved,Current
L002693,C02267,B003,Education,22800,11.94,12,2024-12-30,2025-01-16,Approved,Current
L002694,C04653,B027,Personal,0,12.71,72,2024-07-20,2024-08-01,Rejected,Current
L002695,C04446,B021,Personal,11900,10.23,48,2023-05-17,2023-05-22,Approved,Current
L002696,C00390,B026,Home,0,14.55,72,2023-12-09,2023-12-23,Rejected,Current
L002697,C02919,B030,Business,0,11.08,60,2024-09-03,2024-09-10,Rejected,Current
L002698,C02114,B013,Home,0,12.79,12,2023-01-05,2023-01-12,Rejected,Current
L002699,C01143,B020,Auto,0,12.55,48,2024-09-15,2024-09-19,Rejected,Current
L002700,C00746,B028,Education,28600,12.84,72,2024-05-12,2024-05-27,Approved,Current
L002701,C01731,B010,Business,76600,10.55,36,2023-08-11,2023-08-18,Approved,Current
L002702,C04123,B010,Personal,0,12.36,36,2025-08-10,2025-08-19,Rejected,Current
L002703,C04386,B025,Business,0,12.66,60,2025-01-06,2025-01-07,Rejected,Current
L002704,C04124,B014,Auto,20800,11.59,60,2024-06-21,2024-06-23,Approved,Current
L002705,C03231,B001,Personal,0,14.53,60,2024-12-03,2024-12-11,Rejected,Current
L002706,C03217,B030,Home,201000,14.71,36,2023-07-13,2023-07-20,Approved,Current
L002707,C02515,B013,Auto,0,10.15,12,2025-03-12,2025-03-15,Rejected,Current
L002708,C01770,B025,Personal,12900,11.1,72,2025-10-26,2025-11-02,Approved,Current
L002709,C00108,B012,Personal,11300,13.82,36,2025-09-23,2025-10-13,Approved,Current
L002710,C04987,B024,Auto,37300,9.78,60,2025-01-01,2025-01-17,Approved,Current
L002711,C02487,B006,Business,55000,13.2,36,2023-08-01,2023-08-03,Approved,Current
L002712,C04299,B009,Personal,10000,11.73,48,2024-08-09,2024-08-10,Approved,Current
L002713,C00777,B006,Home,83900,14.5,36,2025-07-25,2025-08-02,Approved,Current
L002714,C01934,B023,Auto,0,13.2,24,2025-04-01,2025-04-06,Rejected,Current
L002715,C00438,B020,Auto,21200,11.82,36,2024-11-06,2024-11-16,Approved,Current
L002716,C01035,B006,Education,13800,11.58,84,2025-10-01,2025-10-05,Approved,Current
L002717,C00837,B013,Auto,27900,9.59,24,2025-05-01,2025-05-10,Approved,Current
L002718,C04703,B003,Auto,0,12.3,48,2024-09-16,2024-09-30,Rejected,Current
L002719,C00642,B028,Education,0,11.73,84,2024-10-03,2024-10-13,Rejected,Current
L002720,C03175,B005,Personal,13300,11.71,12,2024-09-04,2024-09-22,Approved,Current
L002721,C01809,B010,Personal,14400,12.24,12,2024-06-13,2024-06-22,Approved,Current
L002722,C03876,B020,Auto,0,18.46,72,2023-01-11,2023-01-16,Rejected,Current
L002723,C00643,B016,Home,227000,11.61,60,2024-07-08,2024-07-16,Approved,Current
L002724,C00703,B020,Personal,12700,14.56,48,2025-02-02,2025-02-14,Approved,Current
L002725,C02849,B018,Home,237200,9.54,48,2024-07-04,2024-07-24,Approved,Current
L002726,C02918,B022,Auto,75000,9.1,84,2025-01-24,2025-02-12,Approved,Current
L002727,C03613,B019,Business,54400,10.32,12,2023-12-03,2023-12-17,Approved,Current
L002728,C01723,B023,Personal,27200,14.44,36,2023-02-24,2023-03-07,Approved,Current
L002729,C00849,B025,Home,0,11.72,36,2023-04-18,2023-04-29,Rejected,Current
L002730,C02555,B012,Personal,34400,13.63,24,2025-04-30,2025-05-04,Approved,Current
L002731,C01463,B015,Auto,21600,12.41,36,2024-02-13,2024-03-02,Approved,Current
L002732,C03830,B001,Home,122500,14.37,36,2024-07-02,2024-07-11,Approved,Current
L002733,C03783,B022,Education,52700,13.04,84,2025-01-15,2025-01-23,Approved,Current
L002734,C00511,B007,Personal,26800,10.31,48,2024-08-09,2024-08-13,Approved,Current
L002735,C02157,B025,Home,127300,11.08,72,2025-04-29,2025-05-18,Approved,Current
L002736,C02920,B028,Personal,19300,10.29,60,2024-05-03,2024-05-22,Approved,Current
L002737,C00733,B004,Home,0,15.33,60,2025-04-01,2025-04-03,Rejected,Current
L002738,C02951,B015,Business,0,10.44,36,2023-03-14,2023-03-25,Rejected,Current
L002739,C03961,B016,Education,31100,10.6,48,2025-07-12,2025-07-15,Approved,Current
L002740,C01238,B007,Home,152100,12.27,12,2025-03-30,2025-03-31,Approved,Current
L002741,C01481,B028,Business,0,15.68,36,2024-03-23,2024-04-02,Rejected,Current
L002742,C02466,B008,Personal,0,13.75,72,2025-03-16,2025-03-29,Rejected,Current
L002743,C02011,B022,Personal,0,17.47,60,2025-04-09,2025-04-12,Rejected,Current
L002744,C04758,B021,Business,102800,12.62,60,2024-08-02,2024-08-09,Approved,Current
L002745,C02736,B016,Personal,0,12.33,36,2023-06-15,2023-06-20,Rejected,Current
L002746,C04200,B018,Personal,15600,13.56,36,2024-03-09,2024-03-11,Approved,Current
L002747,C02760,B017,Home,123500,10.35,60,2023-03-11,2023-03-29,Approved,Current
L002748,C00578,B012,Home,217900,14.25,60,2025-05-14,2025-05-28,Approved,Current
L002749,C03497,B030,Personal,23100,9.29,24,2024-06-26,2024-07-16,Approved,Current
L002750,C00819,B003,Business,153900,12.91,60,2023-07-04,2023-07-06,Approved,Current
L002751,C04175,B016,Home,517800,15.36,36,2023-05-07,2023-05-12,Approved,Current
L002752,C01890,B008,Home,143900,11.18,72,2023-05-20,2023-06-02,Approved,Current
L002753,C00559,B005,Personal,0,13.12,36,2023-06-05,2023-06-12,Rejected,Current
L002754,C02934,B012,Home,92000,12.54,36,2023-11-27,2023-12-07,Approved,Current
L002755,C01620,B026,Business,137100,8.91,24,2024-09-23,2024-10-13,Approved,Current
L002756,C00070,B005,Education,0,12.56,72,2025-09-14,2025-09-21,Rejected,Current
L002757,C01190,B009,Education,25400,13.77,72,2023-11-17,2023-12-05,Approved,Current
L002758,C02903,B009,Home,0,14.11,48,2023-06-13,2023-07-01,Rejected,Current
L002759,C04341,B009,Education,23100,12.59,36,2023-05-18,2023-05-20,Approved,Current
L002760,C03117,B028,Personal,20500,10.1,36,2025-03-22,2025-04-07,Approved,Current
L002761,C00684,B029,Personal,10600,10.61,36,2023-07-21,2023-08-03,Approved,Current
L002762,C03911,B008,Business,0,8.73,12,2023-03-31,2023-04-17,Rejected,Current
L002763,C03773,B026,Personal,18200,9.16,12,2025-09-20,2025-09-26,Approved,Current
L002764,C00071,B008,Personal,0,10.47,72,2024-08-08,2024-08-17,Rejected,Current
L002765,C01263,B002,Education,0,12.53,60,2025-03-11,2025-03-14,Rejected,Current
L002766,C02156,B018,Business,66100,13.96,60,2025-09-12,2025-09-19,Approved,Current
L002767,C04818,B021,Personal,0,9.62,48,2024-11-07,2024-11-12,Rejected,Current
L002768,C04398,B022,Business,60200,13.56,36,2024-10-14,2024-10-21,Approved,Current
L002769,C01372,B015,Business,0,11.89,24,2023-12-24,2024-01-03,Rejected,Current
L002770,C01916,B021,Education,15800,12.67,48,2024-08-22,2024-09-01,Approved,Current
L002771,C03806,B030,Home,120700,13.56,60,2025-09-28,2025-10-08,Approved,Current
L002772,C04352,B016,Auto,0,15.01,24,2025-11-08,2025-11-14,Rejected,Current
L002773,C01548,B016,Business,0,13.15,36,2025-04-13,2025-05-02,Rejected,Current
L002774,C03899,B024,Auto,15400,11.5,72,2025-11-19,2025-12-07,Approved,Current
L002775,C04456,B027,Auto,52700,12.14,60,2025-07-17,2025-08-01,Approved,Current
L002776,C03556,B001,Home,0,14.44,60,2025-02-02,2025-02-15,Rejected,Current
L002777,C01214,B006,Home,177500,10.67,12,2023-06-17,2023-07-07,Approved,Current
L002778,C02141,B030,Education,47000,9.83,24,2024-10-16,2024-10-18,Approved,Current
L002779,C00861,B010,Home,750000,11.78,36,2023-12-22,2024-01-01,Approved,Current
L002780,C00990,B026,Personal,23400,14.28,36,2023-03-26,2023-03-28,Approved,Current
L002781,C04580,B014,Business,51300,12.01,24,2025-05-15,2025-05-18,Approved,Current
L002782,C02924,B016,Personal,40800,12.95,36,2025-11-27,2025-12-02,Approved,Current
L002783,C01433,B021,Home,0,15.72,48,2024-04-27,2024-05-12,Rejected,Current
L002784,C00341,B002,Personal,57500,11.55,12,2024-04-25,2024-05-02,Approved,Current
L002785,C02378,B027,Auto,0,10.66,36,2023-05-16,2023-05-31,Rejected,Current
L002786,C01199,B008,Education,56700,10.96,48,2023-03-17,2023-03-29,Approved,Current
L002787,C01468,B007,Auto,32000,9.71,12,2023-10-22,2023-10-25,Approved,Current
L002788,C04297,B026,Personal,77600,11.16,60,2023-11-12,2023-11-22,Approved,Current
L002789,C04839,B021,Education,24000,12.68,12,2024-05-11,2024-05-15,Approved,Current
L002790,C04194,B018,Home,750000,14.31,60,2025-08-13,2025-08-20,Approved,Current
L002791,C01292,B018,Home,235600,9.1,84,2024-09-12,2024-09-23,Approved,Current
L002792,C04935,B001,Home,294800,11.17,12,2025-10-14,2025-10-31,Approved,Current
L002793,C00352,B027,Education,0,12.82,36,2023-01-18,2023-02-07,Rejected,Current
L002794,C01302,B008,Personal,11700,11.39,24,2024-03-07,2024-03-22,Approved,Current
L002795,C03640,B028,Auto,54500,12.67,36,2024-09-07,2024-09-24,Approved,Current
L002796,C03088,B006,Home,0,12.36,60,2023-05-29,2023-06-12,Rejected,Current
L002797,C00456,B002,Personal,0,14.0,72,2024-03-15,2024-03-27,Rejected,Current
L002798,C03251,B022,Education,29300,13.37,60,2023-08-07,2023-08-25,Approved,Current
L002799,C01158,B020,Auto,43800,14.04,60,2023-01-06,2023-01-19,Approved,Current
L002800,C00258,B014,Business,127200,13.35,60,2024-11-01,2024-11-20,Approved,Current
L002801,C02110,B003,Personal,13100,10.77,24,2025-04-18,2025-04-23,Approved,Current
L002802,C00482,B028,Business,0,13.73,36,2025-10-15,2025-10-27,Rejected,Current
L002803,C04731,B009,Business,0,15.22,36,2025-06-13,2025-06-21,Rejected,Current
L002804,C03114,B003,Home,0,13.81,12,2023-03-09,2023-03-17,Rejected,Current
L002805,C01397,B008,Auto,0,11.64,60,2023-09-10,2023-09-19,Rejected,Current
L002806,C02627,B026,Education,31100,14.7,36,2025-04-08,2025-04-27,Approved,Current
L002807,C00648,B024,Business,39300,13.48,12,2025-06-02,2025-06-21,Approved,Default
L002808,C01612,B015,Home,0,10.96,12,2024-09-15,2024-09-19,Rejected,Current
L002809,C03826,B005,Auto,21000,14.43,84,2024-05-29,2024-06-04,Approved,Current
L002810,C04589,B006,Business,105000,12.74,72,2025-10-02,2025-10-14,Approved,Current
L002811,C04587,B015,Personal,26200,13.38,84,2024-09-06,2024-09-07,Approved,Current
L002812,C02269,B021,Auto,43200,10.89,84,2023-06-04,2023-06-22,Approved,Current
L002813,C03885,B012,Education,50700,13.0,60,2025-04-25,2025-05-14,Approved,Current
L002814,C02755,B020,Education,30300,10.54,36,2024-01-23,2024-02-09,Approved,Current
L002815,C04983,B003,Business,104500,13.49,36,2023-01-04,2023-01-07,Approved,Current
L002816,C03587,B024,Personal,27000,15.71,36,2025-09-11,2025-09-15,Approved,Default
L002817,C03385,B006,Education,26900,13.27,60,2024-01-15,2024-01-29,Approved,Current
L002818,C04590,B017,Auto,21900,10.57,72,2023-02-02,2023-02-08,Approved,Current
L002819,C00759,B024,Personal,23100,12.96,48,2025-10-31,2025-11-05,Approved,Current
L002820,C00633,B020,Auto,0,14.45,36,2024-12-16,2024-12-22,Rejected,Current
L002821,C03585,B002,Business,0,14.3,36,2023-07-04,2023-07-17,Rejected,Current
L002822,C00330,B005,Personal,0,12.56,36,2025-05-05,2025-05-14,Rejected,Current
L002823,C03020,B002,Education,0,12.8,12,2025-07-10,2025-07-27,Rejected,Current
L002824,C00010,B002,Education,0,12.24,36,2024-11-24,2024-12-09,Rejected,Current
L002825,C04054,B026,Personal,0,12.69,36,2024-05-26,2024-06-10,Rejected,Current
L002826,C02175,B006,Education,51300,11.23,60,2024-10-28,2024-11-16,Approved,Current
L002827,C00985,B005,Education,0,15.54,48,2024-04-19,2024-04-27,Rejected,Current
L002828,C00669,B010,Personal,37100,10.79,36,2023-04-12,2023-04-21,Approved,Current
L002829,C02279,B027,Personal,16200,12.58,48,2023-09-15,2023-09-17,Approved,Current
L002830,C00442,B008,Home,145700,15.17,60,2023-03-13,2023-03-27,Approved,Current
L002831,C02926,B010,Home,287800,12.36,60,2023-12-26,2024-01-09,Approved,Current
L002832,C04021,B027,Business,102000,9.37,12,2025-06-02,2025-06-07,Approved,Current
L002833,C00274,B003,Home,198000,14.56,36,2025-09-28,2025-10-01,Approved,Current
L002834,C04714,B024,Education,0,16.73,36,2023-04-25,2023-05-05,Rejected,Current
L002835,C01027,B024,Education,42400,11.36,36,2024-07-30,2024-08-01,Approved,Current
L002836,C02374,B004,Home,260700,15.78,12,2024-06-30,2024-07-13,Approved,Current
L002837,C04349,B008,Home,184400,8.56,60,2023-11-04,2023-11-15,Approved,Current
L002838,C01558,B014,Auto,50100,11.51,48,2025-02-25,2025-03-08,Approved,Current
L002839,C03127,B004,Auto,44600,11.12,72,2024-01-27,2024-02-05,Approved,Current
L002840,C02934,B026,Home,126100,14.07,48,2023-03-28,2023-04-06,Approved,Current
L002841,C00448,B012,Personal,0,15.62,84,2025-12-02,2025-12-14,Rejected,Current
L002842,C03369,B020,Personal,0,14.72,60,2025-05-15,2025-05-16,Rejected,Current
L002843,C03694,B020,Personal,40200,9.62,72,2023-06-02,2023-06-22,Approved,Current
L002844,C03807,B027,Education,47900,11.33,84,2024-04-16,2024-05-03,Approved,Current
L002845,C04565,B006,Personal,0,13.55,48,2024-10-25,2024-10-30,Rejected,Current
L002846,C03997,B027,Personal,25300,11.6,60,2024-09-09,2024-09-21,Approved,Current
L002847,C03318,B014,Auto,37300,14.67,72,2023-10-17,2023-10-28,Approved,Current
L002848,C00070,B012,Personal,12300,11.91,48,2025-07-26,2025-08-11,Approved,Current
L002849,C04577,B022,Personal,0,10.96,12,2025-05-20,2025-05-27,Rejected,Current
L002850,C02578,B017,Auto,0,12.26,60,2024-04-21,2024-04-29,Rejected,Current
L002851,C04586,B020,Auto,53700,12.36,72,2024-01-22,2024-02-10,Approved,Default
L002852,C04599,B003,Personal,64900,11.71,60,2024-04-11,2024-04-26,Approved,Current
L002853,C03057,B009,Home,194800,11.05,60,2023-08-16,2023-08-21,Approved,Current
L002854,C00117,B016,Home,162300,13.75,12,2025-09-01,2025-09-10,Approved,Current
L002855,C01814,B010,Home,252000,12.55,60,2023-03-14,2023-04-02,Approved,Current
L002856,C00904,B009,Auto,28900,13.07,12,2023-04-07,2023-04-20,Approved,Current
L002857,C04524,B017,Personal,13000,12.7,72,2023-09-20,2023-09-27,Approved,Current
L002858,C00494,B002,Home,0,12.81,72,2025-10-11,2025-10-12,Rejected,Current
L002859,C03859,B025,Business,14400,13.37,84,2023-08-11,2023-08-14,Approved,Current
L002860,C02684,B027,Education,41900,12.3,36,2024-04-29,2024-05-06,Approved,Current
L002861,C04176,B027,Business,38600,14.88,48,2023-09-17,2023-09-26,Approved,Current
L002862,C03731,B002,Home,0,12.15,48,2023-07-10,2023-07-14,Rejected,Current
L002863,C04691,B022,Home,0,9.81,48,2023-09-23,2023-10-01,Rejected,Current
L002864,C01541,B002,Home,155000,11.88,36,2024-07-10,2024-07-30,Approved,Current
L002865,C00626,B016,Business,309800,10.12,84,2025-09-08,2025-09-26,Approved,Current
L002866,C04380,B021,Business,0,11.51,72,2023-08-04,2023-08-06,Rejected,Current
L002867,C04859,B023,Home,0,14.24,60,2023-05-26,2023-06-09,Rejected,Current
L002868,C00838,B001,Personal,38500,12.26,60,2024-06-06,2024-06-12,Approved,Current
L002869,C02016,B022,Home,305000,11.36,60,2025-01-23,2025-01-30,Approved,Current
L002870,C02016,B008,Personal,0,13.74,60,2024-07-18,2024-07-19,Rejected,Current
L002871,C03080,B007,Education,35000,14.27,60,2024-12-18,2025-01-03,Approved,Current
L002872,C00072,B010,Personal,0,13.99,60,2025-11-22,2025-11-25,Rejected,Current
L002873,C03453,B024,Personal,0,12.59,84,2024-01-26,2024-02-10,Rejected,Current
L002874,C04749,B012,Business,0,14.41,60,2023-03-24,2023-04-04,Rejected,Current
L002875,C03879,B005,Personal,0,11.63,24,2025-11-14,2025-11-19,Rejected,Current
L002876,C00064,B014,Personal,17200,11.51,48,2024-03-28,2024-04-14,Approved,Current
L002877,C00030,B017,Home,112100,10.17,60,2024-03-05,2024-03-21,Approved,Default
L002878,C03972,B003,Auto,53800,10.34,36,2024-12-02,2024-12-22,Approved,Current
L002879,C04653,B021,Home,0,12.63,48,2025-05-01,2025-05-19,Rejected,Current
L002880,C02326,B012,Home,231700,13.01,72,2023-08-06,2023-08-11,Approved,Current
L002881,C04373,B027,Personal,17900,13.95,36,2024-04-04,2024-04-23,Approved,Current
L002882,C04766,B016,Auto,34300,10.7,36,2023-06-15,2023-06-23,Approved,Current
L002883,C02880,B027,Home,0,13.69,72,2023-05-25,2023-06-08,Rejected,Current
L002884,C02189,B015,Business,49800,13.0,24,2024-06-05,2024-06-16,Approved,Current
L002885,C02782,B005,Home,170000,9.64,72,2024-04-11,2024-04-26,Approved,Current
L002886,C04122,B013,Home,108700,12.94,36,2025-11-26,2025-11-27,Approved,Current
L002887,C02146,B009,Auto,68900,11.41,48,2024-02-16,2024-03-07,Approved,Current
L002888,C00276,B003,Personal,8400,9.49,60,2024-11-16,2024-11-28,Approved,Current
L002889,C01267,B005,Personal,65100,11.28,60,2024-01-21,2024-02-01,Approved,Current
L002890,C03974,B002,Business,112200,13.79,84,2025-07-30,2025-08-14,Approved,Default
L002891,C04105,B002,Personal,0,11.22,12,2023-02-07,2023-02-16,Rejected,Current
L002892,C02944,B021,Auto,23800,9.92,60,2025-07-07,2025-07-19,Approved,Current
L002893,C02981,B013,Personal,25800,11.28,60,2023-06-10,2023-06-11,Approved,Current
L002894,C02320,B025,Business,84900,12.69,48,2025-12-02,2025-12-04,Approved,Current
L002895,C00032,B014,Education,33000,13.67,84,2023-04-28,2023-05-15,Approved,Current
L002896,C00852,B029,Home,293900,8.98,36,2024-08-28,2024-08-29,Approved,Current
L002897,C00605,B018,Home,267300,9.79,60,2023-07-17,2023-07-27,Approved,Current
L002898,C03200,B029,Home,0,13.41,60,2023-09-08,2023-09-21,Rejected,Current
L002899,C02065,B024,Business,0,14.4,12,2025-10-13,2025-10-28,Rejected,Current
L002900,C03545,B013,Personal,0,13.05,48,2024-04-12,2024-04-17,Rejected,Current
L002901,C02349,B003,Auto,10200,12.02,36,2025-04-11,2025-04-22,Approved,Current
L002902,C01808,B003,Auto,35900,13.48,48,2023-04-14,2023-04-21,Approved,Current
L002903,C03860,B013,Home,209400,14.25,72,2023-03-14,2023-03-18,Approved,Current
L002904,C04138,B014,Personal,51900,15.48,60,2023-02-03,2023-02-23,Approved,Current
L002905,C02199,B018,Personal,16900,12.95,48,2025-07-11,2025-07-22,Approved,Current
L002906,C03873,B004,Business,116700,10.56,60,2024-12-20,2024-12-27,Approved,Current
L002907,C03563,B012,Personal,27600,9.97,48,2024-04-20,2024-05-04,Approved,Current
L002908,C03199,B029,Auto,42400,13.58,48,2023-12-03,2023-12-10,Approved,Current
L002909,C04505,B007,Home,294300,12.0,36,2023-07-16,2023-07-26,Approved,Current
L002910,C01893,B005,Personal,11500,12.57,60,2025-09-21,2025-10-07,Approved,Current
L002911,C04440,B003,Home,108100,8.41,60,2023-04-10,2023-04-17,Approved,Default
L002912,C03170,B027,Business,81400,10.61,48,2024-08-28,2024-09-08,Approved,Current
L002913,C02948,B008,Auto,9700,12.5,12,2023-03-04,2023-03-23,Approved,Current
L002914,C04124,B024,Business,93000,10.33,48,2025-10-17,2025-10-21,Approved,Current
L002915,C03101,B024,Auto,0,11.65,48,2025-06-28,2025-06-30,Rejected,Current
L002916,C03922,B004,Auto,38200,10.95,48,2023-10-11,2023-10-27,Approved,Current
L002917,C04730,B003,Home,159900,11.32,36,2025-05-25,2025-05-27,Approved,Current
L002918,C04308,B008,Education,16000,12.15,72,2024-06-21,2024-06-29,Approved,Current
L002919,C04784,B006,Home,0,9.82,48,2024-02-23,2024-03-05,Rejected,Current
L002920,C03689,B007,Auto,33500,12.03,60,2025-09-17,2025-09-23,Approved,Current
L002921,C00072,B014,Home,0,12.63,60,2024-03-02,2024-03-20,Rejected,Current
L002922,C02158,B017,Home,204600,14.12,60,2024-11-14,2024-12-01,Approved,Current
L002923,C01137,B029,Personal,23200,11.43,72,2025-01-20,2025-02-08,Approved,Current
L002924,C04328,B027,Personal,8500,12.3,36,2023-02-12,2023-02-23,Approved,Current
L002925,C04078,B010,Auto,64600,11.07,60,2023-05-27,2023-06-02,Approved,Current
L002926,C00043,B030,Personal,0,12.57,60,2025-03-27,2025-04-08,Rejected,Current
L002927,C04361,B012,Home,0,11.35,48,2024-01-16,2024-01-28,Rejected,Current
L002928,C01832,B030,Education,32800,14.08,48,2025-04-23,2025-05-05,Approved,Current
L002929,C00046,B006,Auto,55500,11.13,36,2025-08-25,2025-08-30,Approved,Current
L002930,C03642,B003,Personal,0,11.33,48,2025-12-12,2025-12-18,Rejected,Current
L002931,C01676,B007,Business,39800,14.66,36,2025-11-17,2025-12-02,Approved,Current
L002932,C03353,B003,Personal,0,10.44,72,2023-08-01,2023-08-08,Rejected,Current
L002933,C01270,B002,Auto,34800,11.45,48,2024-10-18,2024-10-25,Approved,Current
L002934,C03984,B019,Home,0,12.47,36,2025-01-26,2025-01-29,Rejected,Current
L002935,C03964,B010,Personal,0,9.95,24,2023-09-05,2023-09-13,Rejected,Current
L002936,C03024,B023,Personal,10600,10.85,60,2025-04-29,2025-05-10,Approved,Current
L002937,C02791,B017,Personal,0,14.01,60,2025-02-03,2025-02-22,Rejected,Current
L002938,C03171,B009,Personal,10100,13.24,36,2025-08-18,2025-08-19,Approved,Current
L002939,C04823,B008,Personal,0,14.19,24,2025-11-25,2025-11-27,Rejected,Current
L002940,C01013,B009,Education,12100,16.1,60,2023-07-03,2023-07-21,Approved,Current
L002941,C04590,B003,Home,0,14.45,36,2023-03-08,2023-03-27,Rejected,Current
L002942,C03508,B009,Business,0,12.56,72,2023-02-02,2023-02-22,Rejected,Current
L002943,C04803,B012,Home,120900,12.04,60,2023-12-06,2023-12-19,Approved,Current
L002944,C02072,B003,Auto,84700,12.41,72,2024-11-28,2024-12-16,Approved,Current
L002945,C02006,B005,Personal,35500,11.17,84,2024-08-18,2024-09-06,Approved,Default
L002946,C02318,B021,Personal,19200,14.37,36,2025-04-28,2025-05-06,Approved,Current
L002947,C04834,B025,Home,0,13.54,48,2023-02-12,2023-02-27,Rejected,Current
L002948,C02176,B028,Business,287700,17.16,36,2024-09-10,2024-09-28,Approved,Current
L002949,C04639,B001,Personal,0,13.49,12,2024-04-01,2024-04-11,Rejected,Current
L002950,C01787,B002,Home,212000,12.29,36,2024-08-24,2024-09-08,Approved,Current
L002951,C03130,B011,Personal,0,12.85,48,2023-04-26,2023-05-06,Rejected,Current
L002952,C02373,B022,Home,0,13.53,24,2025-06-19,2025-07-07,Rejected,Current
L002953,C01461,B005,Auto,22500,12.43,72,2023-04-16,2023-05-06,Approved,Current
L002954,C01465,B028,Auto,30800,12.33,36,2024-11-15,2024-11-21,Approved,Current
L002955,C03042,B030,Personal,19300,11.32,60,2024-06-18,2024-06-19,Approved,Current
L002956,C01059,B016,Personal,8800,14.76,12,2025-03-13,2025-03-27,Approved,Current
L002957,C00972,B020,Home,221400,12.02,12,2023-08-29,2023-09-18,Approved,Current
L002958,C02391,B003,Education,28500,13.79,84,2023-04-06,2023-04-09,Approved,Current
L002959,C03000,B001,Home,0,12.36,24,2023-05-05,2023-05-06,Rejected,Current
L002960,C02505,B009,Home,320700,9.75,60,2023-08-22,2023-09-01,Approved,Current
L002961,C00899,B001,Home,159500,10.3,60,2024-11-19,2024-12-06,Approved,Current
L002962,C01814,B023,Personal,16200,11.27,48,2024-08-04,2024-08-05,Approved,Current
L002963,C01503,B005,Business,0,11.84,12,2023-08-21,2023-09-06,Rejected,Current
L002964,C00343,B018,Personal,21000,11.24,36,2023-04-30,2023-05-01,Approved,Current
L002965,C03861,B004,Auto,15100,11.96,72,2024-09-22,2024-09-25,Approved,Current
L002966,C03352,B010,Home,585200,13.67,72,2023-01-22,2023-01-27,Approved,Current
L002967,C02861,B027,Auto,0,14.86,48,2025-01-30,2025-02-18,Rejected,Current
L002968,C01249,B015,Personal,0,14.02,48,2025-06-22,2025-07-06,Rejected,Current
L002969,C01209,B002,Business,120200,13.17,48,2024-04-19,2024-05-03,Approved,Current
L002970,C04391,B023,Personal,12700,13.17,60,2024-11-27,2024-12-15,Approved,Current
L002971,C02140,B004,Auto,8700,11.46,72,2025-04-18,2025-04-25,Approved,Current
L002972,C01611,B008,Business,0,9.84,60,2023-07-07,2023-07-27,Rejected,Current
L002973,C01980,B001,Home,0,11.4,48,2024-02-22,2024-03-04,Rejected,Current
L002974,C02798,B009,Home,225200,13.97,60,2024-07-06,2024-07-16,Approved,Current
L002975,C00557,B008,Education,81100,10.15,36,2024-06-23,2024-07-05,Approved,Current
L002976,C03995,B015,Personal,9600,10.65,84,2023-02-05,2023-02-15,Approved,Current
L002977,C04405,B029,Education,0,10.83,72,2024-06-14,2024-06-20,Rejected,Current
L002978,C03687,B007,Personal,0,13.37,84,2024-11-18,2024-11-26,Rejected,Current
L002979,C01153,B029,Home,345000,9.1,24,2025-11-04,2025-11-11,Approved,Default
L002980,C03745,B014,Personal,18700,9.99,60,2023-05-04,2023-05-17,Approved,Current
L002981,C03622,B030,Personal,0,13.06,60,2025-11-07,2025-11-19,Rejected,Current
L002982,C03360,B013,Personal,35000,13.25,36,2023-03-25,2023-04-06,Approved,Current
L002983,C00973,B024,Personal,25400,9.55,72,2024-12-05,2024-12-18,Approved,Current
L002984,C03908,B020,Education,18000,12.1,60,2025-07-06,2025-07-15,Approved,Current
L002985,C03729,B023,Business,253900,10.38,60,2024-01-03,2024-01-23,Approved,Current
L002986,C03412,B005,Personal,7700,15.34,12,2024-01-29,2024-02-05,Approved,Current
L002987,C03067,B007,Personal,20900,11.72,84,2023-01-20,2023-02-05,Approved,Current
L002988,C01292,B005,Auto,20400,15.14,60,2025-10-16,2025-11-04,Approved,Current
L002989,C04314,B002,Home,0,11.01,84,2023-04-23,2023-05-04,Rejected,Current
L002990,C02861,B026,Business,50900,12.94,24,2023-12-23,2023-12-28,Approved,Current
L002991,C00164,B010,Home,180100,11.24,60,2025-04-15,2025-05-02,Approved,Current
L002992,C03920,B013,Auto,38800,10.4,60,2025-02-10,2025-02-11,Approved,Current
L002993,C01715,B021,Auto,0,12.5,12,2024-02-17,2024-02-22,Rejected,Current
L002994,C03463,B003,Auto,72100,12.56,12,2025-04-05,2025-04-07,Approved,Current
L002995,C01441,B021,Personal,21000,9.24,60,2023-02-27,2023-03-01,Approved,Current
L002996,C02096,B014,Home,145000,14.19,60,2025-12-13,2025-12-25,Approved,Current
L002997,C00801,B029,Personal,31900,11.58,72,2024-12-17,2024-12-22,Approved,Current
L002998,C02766,B021,Auto,22800,13.49,60,2024-02-27,2024-03-09,Approved,Current
L002999,C02661,B016,Home,76900,12.29,36,2023-03-05,2023-03-18,Approved,Current
L003000,C01691,B022,Business,159200,15.03,84,2023-10-13,2023-10-31,Approved,Current
L003001,C00234,B008,Personal,37300,12.64,36,2023-12-08,2023-12-22,Approved,Current
L003002,C01877,B024,Home,0,16.37,60,2024-05-23,2024-05-28,Rejected,Current
L003003,C00962,B014,Personal,52900,12.78,48,2024-06-18,2024-06-29,Approved,Current
L003004,C03371,B018,Auto,44100,14.37,24,2023-03-22,2023-03-26,Approved,Current
L003005,C01046,B006,Business,120600,12.29,72,2024-01-16,2024-02-02,Approved,Current
L003006,C04482,B024,Business,0,11.28,48,2024-11-24,2024-12-08,Rejected,Current
L003007,C04460,B029,Education,0,16.03,24,2024-10-09,2024-10-12,Rejected,Current
L003008,C01408,B026,Education,12100,11.07,36,2024-02-20,2024-02-22,Approved,Current
L003009,C00208,B002,Business,0,11.5,60,2024-09-10,2024-09-18,Rejected,Current
L003010,C04371,B012,Personal,0,14.97,60,2023-05-14,2023-05-30,Rejected,Current
L003011,C01753,B005,Personal,8800,12.45,36,2024-12-12,2024-12-18,Approved,Current
L003012,C00496,B002,Home,297400,13.87,48,2025-06-04,2025-06-11,Approved,Current
L003013,C00902,B010,Education,33800,9.75,36,2024-07-12,2024-07-27,Approved,Default
L003014,C03599,B002,Home,288000,13.14,48,2023-08-11,2023-08-20,Approved,Current
L003015,C02207,B013,Personal,15400,13.95,36,2023-04-25,2023-05-13,Approved,Current
L003016,C01750,B003,Education,0,13.9,48,2023-11-22,2023-12-04,Rejected,Current
L003017,C00460,B005,Home,193000,10.95,60,2023-07-15,2023-07-21,Approved,Current
L003018,C04490,B022,Auto,24700,12.27,36,2025-10-11,2025-10-23,Approved,Current
L003019,C00917,B021,Business,66900,10.21,12,2025-10-15,2025-10-22,Approved,Current
L003020,C04260,B027,Business,31900,12.78,24,2023-09-06,2023-09-21,Approved,Current
L003021,C04735,B024,Business,180200,13.37,60,2023-08-14,2023-08-15,Approved,Current
L003022,C03402,B007,Business,169300,14.53,36,2023-10-10,2023-10-25,Approved,Current
L003023,C04666,B016,Auto,160100,12.16,60,2024-03-25,2024-04-08,Approved,Current
L003024,C02195,B021,Home,153900,11.41,12,2025-12-13,2025-12-26,Approved,Current
L003025,C00960,B008,Auto,22200,11.41,24,2025-01-14,2025-01-28,Approved,Current
L003026,C04864,B004,Business,37300,14.44,48,2024-05-01,2024-05-16,Approved,Current
L003027,C02158,B004,Home,313700,12.81,60,2025-12-15,2025-12-24,Approved,Current
L003028,C00394,B006,Personal,26900,15.25,60,2023-07-29,2023-08-16,Approved,Current
L003029,C03633,B005,Home,0,12.19,60,2023-11-12,2023-11-18,Rejected,Current
L003030,C04539,B012,Auto,0,13.71,60,2024-02-04,2024-02-24,Rejected,Current
L003031,C04059,B006,Personal,0,11.92,24,2025-02-07,2025-02-11,Rejected,Current
L003032,C04843,B002,Business,71300,10.63,60,2025-11-01,2025-11-09,Approved,Current
L003033,C02178,B001,Personal,0,9.89,48,2023-01-24,2023-02-12,Rejected,Current
L003034,C01867,B030,Personal,0,15.0,72,2023-05-06,2023-05-17,Rejected,Current
L003035,C01800,B029,Personal,7700,15.02,60,2023-11-27,2023-12-05,Approved,Current
L003036,C00505,B023,Auto,29800,13.06,48,2023-04-15,2023-04-25,Approved,Default
L003037,C00720,B014,Personal,6200,14.32,48,2023-02-02,2023-02-07,Approved,Current
L003038,C01988,B011,Home,97600,12.9,60,2025-09-22,2025-09-24,Approved,Current
L003039,C00875,B018,Education,15300,9.2,12,2023-03-06,2023-03-18,Approved,Current
L003040,C02879,B003,Business,66800,12.62,72,2025-12-05,2025-12-25,Approved,Current
L003041,C00634,B019,Business,0,11.29,12,2024-03-25,2024-03-31,Rejected,Current
L003042,C04378,B025,Auto,35000,11.25,48,2025-09-10,2025-09-21,Approved,Current
L003043,C02421,B016,Business,101200,13.11,48,2025-08-07,2025-08-26,Approved,Current
L003044,C01325,B004,Business,93800,11.05,36,2024-03-09,2024-03-27,Approved,Current
L003045,C01009,B022,Education,33600,11.43,24,2024-09-17,2024-09-24,Approved,Current
L003046,C02334,B027,Personal,9100,12.48,24,2025-10-03,2025-10-20,Approved,Current
L003047,C01140,B008,Personal,18700,13.1,60,2024-02-09,2024-02-13,Approved,Current
L003048,C03221,B022,Personal,0,15.31,24,2023-05-23,2023-05-26,Rejected,Current
L003049,C00404,B013,Education,25600,13.3,60,2025-01-28,2025-02-01,Approved,Current
L003050,C03754,B006,Auto,0,11.37,84,2023-10-15,2023-10-29,Rejected,Current
L003051,C03191,B029,Home,230700,12.27,60,2023-03-13,2023-03-22,Approved,Current
L003052,C00696,B016,Home,297300,16.67,12,2024-02-11,2024-02-29,Approved,Current
L003053,C00908,B010,Business,111300,12.18,48,2024-07-07,2024-07-25,Approved,Current
L003054,C03848,B014,Education,44600,11.0,60,2025-02-17,2025-03-05,Approved,Current
L003055,C03165,B002,Auto,0,16.22,84,2025-12-03,2025-12-15,Rejected,Current
L003056,C01927,B024,Business,136400,13.39,60,2025-09-16,2025-09-24,Approved,Current
L003057,C00121,B027,Home,235900,14.33,36,2023-10-16,2023-10-25,Approved,Current
L003058,C02866,B001,Home,106300,14.67,36,2025-02-19,2025-03-09,Approved,Current
L003059,C03732,B014,Business,0,16.27,60,2025-11-25,2025-12-01,Rejected,Current
L003060,C03916,B016,Business,78200,9.12,60,2024-06-21,2024-07-05,Approved,Current
L003061,C03592,B023,Auto,75100,12.1,48,2024-04-02,2024-04-08,Approved,Current
L003062,C03577,B015,Personal,16400,13.01,24,2025-09-06,2025-09-13,Approved,Current
L003063,C04487,B028,Personal,0,14.81,60,2024-02-13,2024-02-18,Rejected,Current
L003064,C02415,B025,Personal,6100,8.28,48,2025-11-06,2025-11-09,Approved,Current
L003065,C00841,B025,Auto,35600,12.73,12,2024-10-05,2024-10-15,Approved,Current
L003066,C02806,B026,Home,0,12.18,60,2023-09-08,2023-09-24,Rejected,Current
L003067,C03307,B012,Education,6400,13.71,24,2025-05-28,2025-06-08,Approved,Current
L003068,C03434,B019,Auto,0,8.82,60,2023-04-15,2023-04-18,Rejected,Current
L003069,C01466,B017,Personal,0,12.12,60,2025-04-28,2025-05-13,Rejected,Current
L003070,C01857,B015,Personal,12100,10.09,12,2025-11-30,2025-12-12,Approved,Current
L003071,C02236,B008,Business,0,12.18,48,2024-07-25,2024-07-26,Rejected,Current
L003072,C00404,B019,Home,201700,11.92,60,2024-04-13,2024-04-26,Approved,Current
L003073,C00413,B024,Auto,25000,13.04,60,2024-07-08,2024-07-24,Approved,Current
L003074,C01538,B010,Auto,23900,11.7,24,2024-06-16,2024-06-23,Approved,Current
L003075,C04250,B027,Personal,14300,11.53,12,2024-09-25,2024-10-02,Approved,Current
L003076,C00217,B023,Personal,0,12.95,60,2025-09-04,2025-09-10,Rejected,Current
L003077,C01025,B024,Home,95600,10.56,36,2024-05-18,2024-05-21,Approved,Current
L003078,C02814,B021,Home,343400,14.13,48,2023-05-13,2023-05-25,Approved,Default
L003079,C04895,B020,Auto,17000,12.18,60,2025-08-14,2025-08-23,Approved,Current
L003080,C00806,B009,Auto,12400,12.17,60,2023-08-07,2023-08-18,Approved,Current
L003081,C03350,B018,Education,0,15.06,36,2025-10-05,2025-10-11,Rejected,Current
L003082,C02817,B003,Business,74700,12.98,12,2024-01-22,2024-02-03,Approved,Current
L003083,C02810,B018,Home,192300,10.05,48,2024-11-01,2024-11-17,Approved,Current
L003084,C01272,B013,Home,265200,12.52,48,2025-08-08,2025-08-14,Approved,Current
L003085,C00434,B002,Auto,0,10.51,48,2023-04-24,2023-05-06,Rejected,Current
L003086,C00429,B004,Personal,19400,12.66,36,2025-04-02,2025-04-06,Approved,Current
L003087,C01188,B022,Education,40000,14.9,60,2023-03-01,2023-03-19,Approved,Current
L003088,C04258,B020,Home,0,13.78,36,2025-07-15,2025-08-01,Rejected,Current
L003089,C02555,B007,Education,21100,12.92,24,2025-01-24,2025-02-01,Approved,Current
L003090,C02313,B012,Education,0,14.39,60,2023-04-25,2023-05-08,Rejected,Current
L003091,C01996,B015,Auto,43600,12.14,60,2023-10-22,2023-10-27,Approved,Default
L003092,C02158,B029,Personal,20200,13.71,36,2024-09-07,2024-09-10,Approved,Current
L003093,C04996,B016,Auto,29700,9.05,24,2023-03-21,2023-04-09,Approved,Current
L003094,C01743,B008,Auto,76800,11.31,48,2025-11-16,2025-11-21,Approved,Current
L003095,C01343,B023,Business,37700,12.96,12,2023-09-11,2023-09-29,Approved,Default
L003096,C01156,B020,Personal,8200,11.55,36,2025-07-26,2025-08-01,Approved,Current
L003097,C03205,B013,Home,73800,10.54,84,2024-01-08,2024-01-17,Approved,Current
L003098,C00394,B001,Education,0,14.26,24,2023-12-13,2023-12-30,Rejected,Current
L003099,C03643,B005,Education,37200,11.59,36,2023-12-10,2023-12-21,Approved,Current
L003100,C04818,B019,Personal,8500,12.2,24,2023-02-27,2023-03-14,Approved,Current
L003101,C02041,B007,Business,0,12.09,72,2023-08-08,2023-08-27,Rejected,Current
L003102,C02079,B004,Personal,17700,10.1,72,2025-11-07,2025-11-23,Approved,Current
L003103,C02865,B026,Business,0,12.48,12,2024-03-03,2024-03-04,Rejected,Current
L003104,C03462,B005,Personal,20000,13.6,72,2025-04-21,2025-05-06,Approved,Current
L003105,C04257,B009,Education,14700,11.64,24,2024-04-30,2024-05-05,Approved,Current
L003106,C01330,B019,Auto,47200,11.5,36,2025-08-31,2025-09-20,Approved,Current
L003107,C01647,B025,Home,98400,12.88,48,2024-05-17,2024-05-22,Approved,Current
L003108,C02656,B001,Personal,20300,10.62,48,2024-09-13,2024-09-29,Approved,Current
L003109,C02386,B011,Personal,36700,9.37,24,2024-12-05,2024-12-13,Approved,Current
L003110,C02838,B004,Auto,54700,11.09,60,2025-04-28,2025-05-04,Approved,Current
L003111,C04433,B018,Business,0,12.26,60,2025-10-05,2025-10-17,Rejected,Current
L003112,C03306,B007,Business,90800,11.35,72,2024-10-01,2024-10-05,Approved,Current
L003113,C03321,B019,Business,41600,10.31,36,2025-10-30,2025-11-15,Approved,Current
L003114,C03877,B020,Business,74600,11.73,48,2024-08-28,2024-09-08,Approved,Current
L003115,C03527,B023,Education,24700,11.67,36,2025-03-24,2025-04-06,Approved,Current
L003116,C04159,B028,Business,80600,13.85,12,2023-09-15,2023-10-05,Approved,Current
L003117,C04915,B029,Personal,0,15.06,12,2025-05-31,2025-06-15,Rejected,Current
L003118,C02305,B006,Business,120600,12.48,60,2024-02-08,2024-02-13,Approved,Current
L003119,C01272,B012,Home,96600,13.22,36,2025-02-09,2025-02-22,Approved,Current
L003120,C01288,B027,Education,0,16.93,48,2024-07-01,2024-07-03,Rejected,Current
L003121,C04945,B016,Home,200700,12.84,84,2023-09-18,2023-09-30,Approved,Current
L003122,C00361,B014,Personal,0,12.26,12,2025-02-09,2025-02-15,Rejected,Current
L003123,C01975,B004,Personal,30500,15.25,48,2023-11-22,2023-11-25,Approved,Current
L003124,C02928,B023,Auto,100300,13.04,48,2025-09-25,2025-10-05,Approved,Current
L003125,C03465,B030,Personal,0,10.13,84,2023-08-16,2023-09-05,Rejected,Current
L003126,C02227,B013,Education,22600,8.78,60,2024-08-22,2024-08-26,Approved,Current
L003127,C01851,B029,Personal,14700,9.66,12,2023-01-08,2023-01-18,Approved,Current
L003128,C02547,B026,Personal,41000,14.75,24,2024-09-05,2024-09-12,Approved,Current
L003129,C02725,B030,Personal,8700,11.85,12,2024-09-16,2024-10-04,Approved,Current
L003130,C03675,B022,Personal,0,12.82,24,2023-07-27,2023-08-10,Rejected,Current
L003131,C03906,B024,Home,210800,9.21,36,2025-06-15,2025-07-03,Approved,Current
L003132,C03776,B011,Home,0,15.38,24,2025-12-04,2025-12-05,Rejected,Current
L003133,C04388,B030,Personal,0,13.26,48,2024-04-02,2024-04-19,Rejected,Current
L003134,C04684,B027,Personal,8600,12.56,84,2024-06-05,2024-06-08,Approved,Current
L003135,C00818,B026,Home,178300,15.48,60,2023-12-08,2023-12-23,Approved,Current
L003136,C02147,B016,Business,0,10.24,36,2023-08-20,2023-09-03,Rejected,Current
L003137,C00181,B011,Home,102600,13.17,60,2023-06-18,2023-06-25,Approved,Current
L003138,C04470,B025,Personal,29200,9.65,84,2023-09-25,2023-10-05,Approved,Current
L003139,C04720,B021,Home,175900,13.55,60,2025-01-18,2025-01-26,Approved,Current
L003140,C04959,B030,Auto,29700,12.03,48,2025-06-10,2025-06-21,Approved,Current
L003141,C00442,B006,Home,0,14.61,36,2024-08-22,2024-08-27,Rejected,Current
L003142,C02293,B025,Auto,26100,11.62,60,2024-10-27,2024-10-30,Approved,Current
L003143,C01663,B020,Education,16000,12.36,60,2023-12-08,2023-12-28,Approved,Default
L003144,C00871,B010,Personal,28900,11.19,36,2023-04-17,2023-04-26,Approved,Default
L003145,C02875,B007,Personal,31800,10.22,36,2023-06-08,2023-06-27,Approved,Current
L003146,C02500,B014,Personal,0,12.76,60,2024-04-03,2024-04-10,Rejected,Current
L003147,C03213,B001,Home,234900,11.85,72,2023-03-13,2023-03-14,Approved,Current
L003148,C01657,B012,Personal,14900,13.95,12,2024-09-24,2024-10-04,Approved,Current
L003149,C01897,B027,Home,0,14.44,84,2023-08-15,2023-08-27,Rejected,Current
L003150,C01090,B011,Education,36700,10.46,24,2024-12-29,2025-01-13,Approved,Current
L003151,C00483,B012,Personal,20100,13.84,36,2024-08-29,2024-09-09,Approved,Current
L003152,C00309,B020,Home,168100,9.6,12,2024-08-21,2024-08-27,Approved,Current
L003153,C00593,B012,Business,82200,10.97,12,2023-04-12,2023-04-15,Approved,Current
L003154,C03844,B028,Personal,34300,13.89,36,2024-08-04,2024-08-13,Approved,Current
L003155,C01019,B012,Personal,14200,12.28,48,2025-01-04,2025-01-21,Approved,Current
L003156,C04494,B016,Auto,67100,11.39,72,2023-09-17,2023-10-06,Approved,Current
L003157,C04565,B015,Personal,19900,10.37,12,2023-10-04,2023-10-06,Approved,Current
L003158,C04713,B030,Business,77600,13.78,48,2025-03-20,2025-03-25,Approved,Current
L003159,C04193,B026,Personal,11700,14.51,36,2024-08-18,2024-09-05,Approved,Current
L003160,C03262,B028,Home,169900,12.44,84,2024-04-09,2024-04-21,Approved,Current
L003161,C04291,B024,Auto,42200,10.78,24,2023-05-14,2023-05-29,Approved,Current
L003162,C01358,B011,Personal,14600,10.69,36,2025-06-05,2025-06-19,Approved,Current
L003163,C00083,B003,Personal,0,15.48,12,2023-03-14,2023-03-16,Rejected,Current
L003164,C00251,B002,Personal,14200,11.67,72,2024-10-13,2024-10-23,Approved,Current
L003165,C01094,B012,Business,0,13.43,60,2023-06-20,2023-07-10,Rejected,Current
L003166,C02388,B029,Auto,15800,11.84,48,2024-11-28,2024-12-01,Approved,Default
L003167,C01409,B019,Personal,24500,14.84,12,2023-09-04,2023-09-13,Approved,Current
L003168,C01482,B023,Auto,27600,12.95,24,2023-12-20,2024-01-04,Approved,Current
L003169,C03212,B012,Auto,76300,7.96,60,2023-02-10,2023-02-13,Approved,Current
L003170,C01099,B021,Education,41300,12.21,48,2023-04-22,2023-05-11,Approved,Current
L003171,C04196,B024,Home,193800,11.93,24,2024-12-16,2024-12-22,Approved,Current
L003172,C03729,B013,Business,186400,11.54,48,2024-04-05,2024-04-25,Approved,Current
L003173,C03893,B001,Home,231200,8.35,84,2024-09-30,2024-10-04,Approved,Current
L003174,C00733,B007,Business,0,14.13,24,2023-03-07,2023-03-18,Rejected,Current
L003175,C00323,B005,Personal,11200,10.8,84,2024-04-05,2024-04-13,Approved,Current
L003176,C02058,B021,Personal,23200,11.74,60,2024-06-29,2024-07-17,Approved,Current
L003177,C03061,B011,Business,0,14.55,24,2024-12-10,2024-12-23,Rejected,Current
L003178,C03701,B013,Business,0,13.65,60,2023-02-13,2023-02-28,Rejected,Current
L003179,C03385,B005,Home,423700,11.98,60,2023-03-16,2023-04-01,Approved,Current
L003180,C01262,B008,Auto,16900,11.93,48,2024-04-12,2024-04-15,Approved,Current
L003181,C00806,B019,Home,0,10.69,60,2023-01-05,2023-01-10,Rejected,Current
L003182,C01534,B017,Personal,3800,9.52,24,2023-10-28,2023-11-04,Approved,Current
L003183,C02042,B017,Personal,23400,11.5,60,2024-04-30,2024-05-01,Approved,Current
L003184,C04226,B016,Personal,7300,15.42,60,2025-08-06,2025-08-14,Approved,Current
L003185,C03825,B008,Auto,24100,12.4,36,2023-09-08,2023-09-14,Approved,Current
L003186,C03457,B030,Personal,0,12.42,60,2024-10-28,2024-11-01,Rejected,Current
L003187,C03665,B012,Personal,0,14.59,60,2023-03-10,2023-03-21,Rejected,Current
L003188,C03097,B028,Education,0,11.9,36,2024-07-13,2024-07-19,Rejected,Current
L003189,C04660,B029,Personal,7500,13.27,24,2023-08-20,2023-09-07,Approved,Current
L003190,C01354,B021,Auto,30200,15.46,36,2023-11-25,2023-12-15,Approved,Current
L003191,C00149,B004,Business,152100,11.79,36,2025-03-03,2025-03-23,Approved,Current
L003192,C01784,B020,Personal,26500,11.24,60,2025-01-12,2025-01-14,Approved,Current
L003193,C02276,B005,Personal,48100,11.86,48,2025-02-05,2025-02-24,Approved,Current
L003194,C00615,B007,Auto,0,12.36,60,2024-04-23,2024-05-12,Rejected,Current
L003195,C01825,B030,Home,89700,13.13,48,2023-03-28,2023-04-15,Approved,Default
L003196,C00240,B006,Home,219400,11.22,12,2025-08-24,2025-09-04,Approved,Current
L003197,C00913,B007,Auto,35900,11.95,60,2024-02-03,2024-02-06,Approved,Current
L003198,C03014,B011,Education,27900,13.3,72,2025-01-15,2025-01-26,Approved,Current
L003199,C03754,B027,Personal,11900,11.44,48,2024-04-06,2024-04-07,Approved,Current
L003200,C00159,B011,Business,22100,12.7,60,2023-12-30,2024-01-01,Approved,Default
L003201,C04659,B020,Personal,10300,14.7,60,2023-03-22,2023-03-23,Approved,Current
L003202,C04572,B001,Home,251300,12.94,48,2024-12-14,2024-12-15,Approved,Current
L003203,C00548,B015,Personal,21000,14.41,36,2023-04-03,2023-04-16,Approved,Current
L003204,C02901,B004,Home,0,10.83,72,2025-05-23,2025-05-24,Rejected,Current
L003205,C02266,B019,Business,114900,10.4,60,2023-03-13,2023-03-23,Approved,Current
L003206,C00755,B010,Personal,27000,14.05,72,2024-05-21,2024-06-03,Approved,Current
L003207,C00735,B006,Personal,0,12.99,60,2024-12-20,2024-12-28,Rejected,Current
L003208,C03792,B008,Home,187100,12.64,24,2024-08-21,2024-08-28,Approved,Current
L003209,C02829,B003,Personal,18300,10.89,36,2024-02-02,2024-02-22,Approved,Current
L003210,C04318,B024,Business,0,17.36,24,2024-04-04,2024-04-16,Rejected,Current
L003211,C02336,B002,Business,66200,12.14,24,2024-09-12,2024-09-20,Approved,Current
L003212,C01925,B023,Business,67800,10.18,60,2023-07-24,2023-08-06,Approved,Current
L003213,C00524,B019,Auto,30100,12.47,48,2025-09-02,2025-09-04,Approved,Current
L003214,C01511,B027,Home,110900,9.75,24,2023-04-07,2023-04-16,Approved,Current
L003215,C02747,B010,Personal,0,12.87,36,2024-04-16,2024-05-06,Rejected,Current
L003216,C04777,B019,Auto,19700,15.34,84,2023-09-22,2023-10-09,Approved,Default
L003217,C00618,B008,Home,339200,7.71,36,2023-09-26,2023-10-14,Approved,Current
L003218,C00861,B026,Education,0,12.54,36,2025-07-29,2025-08-14,Rejected,Current
L003219,C04489,B018,Education,20100,11.93,48,2023-09-21,2023-09-30,Approved,Current
L003220,C01308,B012,Education,19300,12.57,24,2025-04-03,2025-04-08,Approved,Current
L003221,C02901,B016,Home,0,13.83,84,2025-10-12,2025-11-01,Rejected,Current
L003222,C02822,B009,Home,0,11.79,60,2023-01-07,2023-01-23,Rejected,Current
L003223,C03866,B008,Business,79400,13.52,36,2024-02-03,2024-02-16,Approved,Current
L003224,C03315,B004,Auto,27100,11.56,48,2023-07-03,2023-07-05,Approved,Current
L003225,C00035,B009,Auto,21300,10.69,36,2024-09-07,2024-09-19,Approved,Current
L003226,C02101,B001,Personal,15600,12.43,24,2024-03-15,2024-03-24,Approved,Current
L003227,C01380,B030,Business,107000,9.88,36,2025-03-15,2025-03-17,Approved,Current
L003228,C04246,B011,Auto,28400,15.04,48,2023-04-03,2023-04-15,Approved,Current
L003229,C00437,B010,Home,0,14.85,24,2025-02-27,2025-03-05,Rejected,Current
L003230,C04546,B009,Business,166100,11.17,12,2024-04-21,2024-05-04,Approved,Current
L003231,C02573,B030,Home,215000,12.87,48,2023-12-27,2024-01-12,Approved,Current
L003232,C04363,B024,Auto,17000,13.61,48,2023-04-21,2023-05-11,Approved,Current
L003233,C03980,B024,Home,176500,13.73,24,2023-11-04,2023-11-12,Approved,Current
L003234,C00309,B001,Auto,23800,9.33,60,2024-02-21,2024-02-28,Approved,Current
L003235,C04361,B008,Personal,24000,14.04,24,2023-03-18,2023-04-02,Approved,Current
L003236,C00492,B017,Home,195800,12.12,36,2025-01-15,2025-01-20,Approved,Current
L003237,C00522,B026,Auto,59600,8.56,24,2024-08-29,2024-09-16,Approved,Current
L003238,C01915,B013,Home,123100,12.68,60,2025-12-05,2025-12-24,Approved,Current
L003239,C02926,B001,Business,85500,13.27,60,2023-08-03,2023-08-16,Approved,Current
L003240,C01369,B002,Home,0,10.96,24,2025-04-18,2025-05-04,Rejected,Current
L003241,C03291,B002,Business,92800,10.5,48,2024-03-16,2024-03-29,Approved,Current
L003242,C02142,B014,Home,79500,11.41,60,2025-02-26,2025-03-12,Approved,Current
L003243,C03230,B021,Auto,38200,12.13,12,2024-08-02,2024-08-18,Approved,Current
L003244,C04130,B023,Personal,17500,13.25,60,2024-09-30,2024-10-12,Approved,Current
L003245,C02849,B022,Personal,19600,11.1,36,2024-05-08,2024-05-20,Approved,Current
L003246,C03578,B004,Business,0,12.69,24,2024-06-09,2024-06-20,Rejected,Current
L003247,C02572,B001,Personal,20400,14.35,60,2023-05-31,2023-06-07,Approved,Current
L003248,C00233,B029,Education,13900,14.54,60,2024-11-22,2024-11-26,Approved,Current
L003249,C01623,B005,Personal,13300,11.78,48,2025-06-09,2025-06-15,Approved,Current
L003250,C02653,B004,Education,26800,11.18,60,2025-09-05,2025-09-19,Approved,Current
L003251,C01217,B025,Home,154500,10.95,36,2024-12-25,2025-01-08,Approved,Current
L003252,C03540,B022,Auto,28600,11.7,12,2025-09-06,2025-09-18,Approved,Current
L003253,C00522,B005,Personal,43900,8.85,72,2023-01-09,2023-01-24,Approved,Current
L003254,C04733,B029,Home,195500,11.93,36,2025-02-14,2025-02-25,Approved,Current
L003255,C02835,B020,Personal,22200,13.13,60,2023-07-22,2023-07-26,Approved,Current
L003256,C03067,B021,Home,61300,13.76,84,2023-09-20,2023-10-01,Approved,Current
L003257,C03200,B003,Auto,0,13.18,36,2025-10-05,2025-10-17,Rejected,Current
L003258,C00341,B024,Auto,153600,12.22,84,2024-07-18,2024-08-07,Approved,Current
L003259,C02745,B025,Business,199100,16.45,48,2024-06-10,2024-06-18,Approved,Current
L003260,C03947,B001,Home,145200,13.96,84,2025-11-26,2025-12-14,Approved,Default
L003261,C03939,B028,Personal,63100,11.06,24,2025-09-06,2025-09-12,Approved,Current
L003262,C00059,B015,Home,187800,9.52,48,2024-10-23,2024-11-01,Approved,Current
L003263,C03254,B021,Business,112400,10.91,72,2024-07-01,2024-07-18,Approved,Current
L003264,C04682,B016,Personal,15500,11.8,24,2023-04-04,2023-04-09,Approved,Default
L003265,C00243,B011,Auto,27200,11.76,36,2025-05-14,2025-05-30,Approved,Current
L003266,C00228,B006,Personal,5200,9.51,36,2024-04-20,2024-05-03,Approved,Current
L003267,C04614,B019,Personal,0,12.85,84,2023-06-15,2023-06-28,Rejected,Current
L003268,C02603,B019,Auto,27200,11.52,36,2025-11-29,2025-12-08,Approved,Current
L003269,C00127,B006,Home,166800,11.9,24,2025-09-23,2025-09-25,Approved,Current
L003270,C04431,B029,Home,0,13.11,60,2024-01-17,2024-02-02,Rejected,Current
L003271,C04854,B024,Auto,25500,10.28,48,2024-03-22,2024-03-23,Approved,Current
L003272,C01432,B018,Personal,20800,12.29,48,2023-10-02,2023-10-10,Approved,Current
L003273,C02169,B012,Personal,34900,11.68,60,2023-05-05,2023-05-07,Approved,Current
L003274,C03960,B010,Auto,40000,13.3,60,2024-06-04,2024-06-14,Approved,Current
L003275,C02749,B023,Home,170000,11.68,48,2023-08-04,2023-08-17,Approved,Current
L003276,C01309,B012,Personal,16800,10.52,84,2024-12-25,2024-12-26,Approved,Current
L003277,C02126,B017,Auto,35700,11.8,24,2024-08-19,2024-08-22,Approved,Current
L003278,C01594,B001,Auto,20200,11.18,84,2023-02-26,2023-03-07,Approved,Current
L003279,C04080,B015,Personal,20200,12.39,36,2025-01-13,2025-01-17,Approved,Current
L003280,C01494,B029,Auto,0,13.32,24,2024-09-05,2024-09-10,Rejected,Current
L003281,C02031,B012,Home,0,11.95,60,2023-06-21,2023-06-23,Rejected,Current
L003282,C03253,B018,Personal,14300,12.84,72,2023-01-06,2023-01-21,Approved,Current
L003283,C04361,B025,Auto,27300,11.46,36,2025-11-23,2025-11-26,Approved,Current
L003284,C04778,B005,Auto,0,10.93,12,2025-07-09,2025-07-28,Rejected,Current
L003285,C00247,B001,Education,0,15.4,48,2024-06-22,2024-07-03,Rejected,Current
L003286,C04520,B006,Auto,20400,10.14,84,2024-05-31,2024-06-07,Approved,Current
L003287,C01083,B002,Home,76400,12.04,36,2024-04-16,2024-04-23,Approved,Current
L003288,C04929,B012,Personal,18300,14.64,12,2024-07-09,2024-07-26,Approved,Current
L003289,C01482,B030,Business,152600,10.78,48,2025-05-15,2025-05-30,Approved,Current
L003290,C00011,B011,Business,197600,14.91,36,2024-08-27,2024-09-04,Approved,Current
L003291,C02007,B009,Personal,42200,13.29,12,2023-09-04,2023-09-14,Approved,Current
L003292,C03442,B012,Personal,12300,12.6,72,2025-02-11,2025-02-26,Approved,Current
L003293,C03530,B014,Auto,36700,11.6,60,2023-11-13,2023-12-03,Approved,Current
L003294,C02293,B007,Auto,25600,9.8,24,2025-01-23,2025-01-30,Approved,Current
L003295,C00945,B017,Personal,44500,15.0,72,2023-08-28,2023-09-14,Approved,Current
L003296,C00435,B020,Auto,65500,8.89,48,2023-05-16,2023-06-05,Approved,Current
L003297,C03492,B026,Personal,19700,14.46,60,2023-08-15,2023-08-28,Approved,Current
L003298,C02290,B027,Personal,0,13.85,48,2024-04-03,2024-04-09,Rejected,Current
L003299,C03344,B001,Home,0,13.9,84,2025-06-10,2025-06-15,Rejected,Current
L003300,C02567,B007,Home,84100,13.07,72,2025-01-24,2025-02-09,Approved,Current
L003301,C01760,B005,Business,34300,9.17,12,2025-07-27,2025-07-29,Approved,Current
L003302,C03876,B005,Home,0,16.06,12,2025-07-25,2025-07-30,Rejected,Current
L003303,C02229,B009,Personal,50600,11.26,48,2023-03-10,2023-03-15,Approved,Current
L003304,C00268,B023,Business,46600,9.31,36,2025-09-20,2025-10-02,Approved,Current
L003305,C02199,B028,Personal,10000,11.77,48,2023-10-13,2023-10-31,Approved,Current
L003306,C03688,B030,Business,57300,11.88,36,2023-05-31,2023-06-01,Approved,Current
L003307,C04478,B004,Business,0,12.04,72,2024-03-16,2024-03-29,Rejected,Current
L003308,C00515,B001,Personal,17400,15.37,24,2025-07-09,2025-07-29,Approved,Current
L003309,C01744,B020,Personal,0,11.66,12,2025-11-18,2025-11-30,Rejected,Current
L003310,C00930,B008,Business,104600,9.02,36,2024-08-19,2024-08-27,Approved,Current
L003311,C03932,B001,Auto,0,12.39,24,2025-01-10,2025-01-11,Rejected,Current
L003312,C01449,B010,Personal,41800,13.65,48,2024-11-15,2024-11-30,Approved,Current
L003313,C03888,B007,Business,118400,10.03,48,2024-07-06,2024-07-16,Approved,Current
L003314,C00199,B006,Home,173000,11.31,60,2024-12-13,2024-12-14,Approved,Current
L003315,C02056,B027,Home,487100,13.3,12,2024-01-10,2024-01-24,Approved,Current
L003316,C01781,B028,Auto,26400,10.86,60,2024-03-06,2024-03-19,Approved,Current
L003317,C04901,B003,Auto,29600,8.82,36,2024-09-03,2024-09-23,Approved,Current
L003318,C04423,B010,Home,153000,12.24,60,2025-07-04,2025-07-14,Approved,Current
L003319,C01714,B007,Personal,0,13.86,36,2024-05-08,2024-05-13,Rejected,Current
L003320,C03093,B029,Auto,50100,9.11,60,2024-07-30,2024-08-08,Approved,Current
L003321,C03505,B008,Auto,37300,15.99,60,2023-07-21,2023-08-04,Approved,Current
L003322,C02568,B002,Business,53300,14.18,36,2024-02-17,2024-02-18,Approved,Current
L003323,C00930,B008,Home,150900,10.02,72,2023-08-08,2023-08-23,Approved,Current
L003324,C04626,B010,Auto,17900,10.73,36,2025-03-22,2025-04-10,Approved,Current
L003325,C01420,B028,Personal,34100,9.59,72,2025-07-15,2025-08-04,Approved,Current
L003326,C02006,B022,Business,40000,10.21,24,2024-09-08,2024-09-15,Approved,Current
L003327,C01331,B014,Home,444600,14.03,36,2023-09-08,2023-09-26,Approved,Current
L003328,C02558,B005,Auto,65000,10.08,72,2025-09-01,2025-09-05,Approved,Current
L003329,C00424,B027,Education,16900,10.18,24,2025-01-18,2025-01-24,Approved,Current
L003330,C00150,B013,Business,0,14.39,60,2024-12-15,2024-12-18,Rejected,Current
L003331,C03464,B010,Auto,21600,11.41,60,2025-12-13,2025-12-17,Approved,Current
L003332,C01514,B021,Auto,40500,12.53,84,2024-03-13,2024-03-15,Approved,Current
L003333,C02716,B023,Education,60900,14.25,84,2024-06-01,2024-06-04,Approved,Default
L003334,C02994,B020,Business,182400,13.48,48,2025-05-25,2025-06-12,Approved,Current
L003335,C00139,B012,Auto,0,12.31,60,2025-03-07,2025-03-09,Rejected,Current
L003336,C03726,B010,Auto,63800,11.82,24,2025-12-02,2025-12-10,Approved,Current
L003337,C01871,B001,Personal,0,13.67,36,2024-12-07,2024-12-14,Rejected,Current
L003338,C02062,B021,Home,166800,10.05,48,2025-10-06,2025-10-15,Approved,Current
L003339,C01996,B027,Home,184000,13.53,36,2023-09-05,2023-09-14,Approved,Current
L003340,C02819,B007,Home,0,13.78,36,2025-02-19,2025-02-21,Rejected,Current
L003341,C01914,B010,Auto,57300,13.67,12,2023-07-07,2023-07-14,Approved,Current
L003342,C04281,B017,Personal,0,13.0,12,2023-09-28,2023-10-11,Rejected,Current
L003343,C00743,B030,Personal,74600,16.05,60,2024-09-17,2024-09-25,Approved,Current
L003344,C04182,B005,Home,250000,13.31,12,2023-04-04,2023-04-05,Approved,Current
L003345,C04234,B016,Home,221300,12.8,72,2024-11-24,2024-11-27,Approved,Current
L003346,C03538,B001,Home,0,13.19,12,2024-05-22,2024-05-30,Rejected,Current
L003347,C00077,B010,Education,83600,14.59,24,2025-09-14,2025-10-03,Approved,Default
L003348,C01992,B013,Auto,22900,13.29,36,2023-10-22,2023-10-26,Approved,Current
L003349,C03706,B023,Home,165600,14.66,60,2024-04-24,2024-05-04,Approved,Current
L003350,C03023,B017,Personal,0,14.02,60,2025-11-09,2025-11-27,Rejected,Current
L003351,C04872,B025,Auto,0,10.88,36,2025-01-31,2025-02-19,Rejected,Current
L003352,C01017,B028,Auto,52200,12.8,36,2024-02-23,2024-03-06,Approved,Current
L003353,C00097,B010,Home,109800,11.23,60,2024-02-20,2024-03-02,Approved,Current
L003354,C00995,B019,Personal,33600,12.73,48,2024-06-12,2024-06-18,Approved,Current
L003355,C01555,B010,Personal,14000,10.27,48,2024-10-22,2024-10-28,Approved,Current
L003356,C01033,B018,Personal,13400,9.93,60,2024-10-24,2024-11-01,Approved,Current
L003357,C00083,B008,Home,0,14.7,48,2023-04-25,2023-05-05,Rejected,Current
L003358,C01536,B016,Business,0,15.47,48,2025-05-08,2025-05-10,Rejected,Current
L003359,C04526,B020,Business,43900,10.62,60,2023-06-29,2023-07-12,Approved,Current
L003360,C00513,B003,Home,278500,13.25,72,2024-10-09,2024-10-28,Approved,Current
L003361,C01923,B012,Business,88400,9.95,48,2024-09-02,2024-09-08,Approved,Current
L003362,C01698,B006,Education,0,11.87,36,2023-11-21,2023-11-25,Rejected,Current
L003363,C03486,B026,Auto,0,12.09,72,2023-07-09,2023-07-20,Rejected,Current
L003364,C02561,B017,Auto,12200,9.22,60,2025-08-18,2025-09-05,Approved,Current
L003365,C01915,B017,Education,57700,10.94,60,2024-12-28,2024-12-30,Approved,Current
L003366,C04754,B016,Home,526000,16.07,60,2024-11-02,2024-11-05,Approved,Current
L003367,C03977,B016,Personal,0,14.23,60,2025-04-02,2025-04-19,Rejected,Current
L003368,C00647,B023,Education,50500,13.18,60,2023-08-24,2023-09-02,Approved,Current
L003369,C00798,B023,Home,0,10.4,60,2025-01-10,2025-01-29,Rejected,Current
L003370,C00077,B026,Business,73100,13.67,84,2024-07-31,2024-08-18,Approved,Default
L003371,C02684,B008,Business,106800,12.67,36,2024-04-04,2024-04-10,Approved,Default
L003372,C00742,B023,Home,306800,12.64,36,2025-01-03,2025-01-07,Approved,Current
L003373,C01226,B016,Home,302600,12.34,36,2025-11-04,2025-11-21,Approved,Default
L003374,C04203,B021,Home,145400,11.99,60,2024-04-15,2024-05-04,Approved,Current
L003375,C00965,B026,Personal,0,14.55,48,2025-06-02,2025-06-13,Rejected,Current
L003376,C04782,B023,Personal,7900,11.76,72,2025-04-08,2025-04-26,Approved,Current
L003377,C00312,B018,Home,264100,10.84,36,2024-11-01,2024-11-17,Approved,Current
L003378,C02647,B023,Personal,14500,10.02,60,2023-09-08,2023-09-27,Approved,Current
L003379,C02732,B022,Home,156800,8.52,36,2024-11-13,2024-11-22,Approved,Current
L003380,C00633,B029,Personal,0,14.25,60,2023-10-06,2023-10-23,Rejected,Current
L003381,C04764,B024,Auto,0,13.19,48,2025-09-27,2025-10-13,Rejected,Current
L003382,C04695,B013,Business,0,15.78,84,2023-03-24,2023-03-30,Rejected,Current
L003383,C03682,B007,Auto,0,16.28,60,2025-05-26,2025-06-14,Rejected,Current
L003384,C00415,B012,Home,404100,11.9,60,2025-05-25,2025-05-29,Approved,Current
L003385,C03207,B023,Education,0,12.38,12,2023-08-10,2023-08-21,Rejected,Current
L003386,C01543,B022,Personal,13200,13.93,60,2024-10-09,2024-10-29,Approved,Current
L003387,C00772,B017,Home,162800,11.43,36,2024-02-02,2024-02-17,Approved,Current
L003388,C04480,B013,Personal,0,11.6,36,2023-05-11,2023-05-20,Rejected,Current
L003389,C02588,B006,Home,0,16.0,60,2023-07-25,2023-08-05,Rejected,Current
L003390,C00487,B016,Personal,7700,14.39,36,2025-10-16,2025-10-26,Approved,Current
L003391,C01780,B014,Personal,0,15.85,24,2025-05-30,2025-06-09,Rejected,Current
L003392,C00030,B007,Personal,13500,13.0,36,2025-07-27,2025-08-15,Approved,Default
L003393,C00130,B018,Home,206600,9.73,60,2023-06-18,2023-06-19,Approved,Current
L003394,C04215,B019,Home,190300,16.51,36,2023-06-04,2023-06-21,Approved,Current
L003395,C02375,B027,Auto,43500,12.38,48,2023-01-05,2023-01-24,Approved,Current
L003396,C03984,B007,Home,0,10.91,36,2024-11-13,2024-12-01,Rejected,Current
L003397,C03142,B007,Personal,23100,12.9,36,2025-10-30,2025-11-16,Approved,Current
L003398,C00208,B028,Business,81700,12.35,36,2024-07-28,2024-08-16,Approved,Current
L003399,C04187,B027,Home,0,15.97,36,2025-02-15,2025-02-18,Rejected,Current
L003400,C04216,B017,Personal,9400,8.12,36,2025-05-28,2025-06-10,Approved,Current
L003401,C00982,B002,Personal,22600,9.61,36,2025-11-18,2025-11-20,Approved,Current
L003402,C04303,B014,Business,194000,12.89,24,2023-08-01,2023-08-10,Approved,Current
L003403,C04502,B011,Auto,35500,11.92,48,2024-04-15,2024-04-28,Approved,Current
L003404,C02172,B009,Home,124700,12.2,36,2023-08-09,2023-08-10,Approved,Current
L003405,C00112,B007,Home,127700,12.55,84,2025-02-21,2025-03-03,Approved,Current
L003406,C04710,B003,Home,254000,13.27,60,2023-02-04,2023-02-07,Approved,Default
L003407,C01410,B023,Auto,43800,11.46,48,2023-03-02,2023-03-12,Approved,Current
L003408,C00706,B024,Business,115600,13.54,36,2025-04-05,2025-04-24,Approved,Current
L003409,C02780,B008,Auto,0,10.96,48,2025-08-16,2025-08-23,Rejected,Current
L003410,C04200,B018,Personal,20100,11.04,36,2024-09-03,2024-09-20,Approved,Current
L003411,C02601,B004,Personal,17400,9.89,72,2024-12-15,2024-12-27,Approved,Current
L003412,C02616,B025,Personal,14600,14.91,36,2024-11-30,2024-12-08,Approved,Current
L003413,C04858,B013,Auto,48500,11.24,36,2024-02-08,2024-02-26,Approved,Default
L003414,C02975,B016,Personal,0,13.62,60,2024-03-23,2024-03-26,Rejected,Current
L003415,C00848,B029,Home,376200,9.61,72,2024-10-15,2024-10-19,Approved,Current
L003416,C02944,B027,Auto,59100,9.97,60,2023-05-21,2023-05-29,Approved,Current
L003417,C03221,B021,Home,0,14.53,24,2023-09-14,2023-09-19,Rejected,Current
L003418,C00169,B025,Auto,44400,13.31,72,2024-05-17,2024-05-28,Approved,Current
L003419,C00985,B005,Auto,0,12.98,60,2024-01-05,2024-01-07,Rejected,Current
L003420,C01108,B001,Home,177300,11.92,36,2024-11-04,2024-11-23,Approved,Current
L003421,C02568,B030,Business,114700,11.17,12,2025-12-11,2025-12-14,Approved,Current
L003422,C00107,B014,Auto,13400,15.08,60,2023-11-22,2023-12-04,Approved,Default
L003423,C04981,B005,Home,234300,11.2,36,2023-10-10,2023-10-17,Approved,Current
L003424,C02706,B014,Business,56100,10.44,48,2024-01-15,2024-01-21,Approved,Current
L003425,C02079,B020,Auto,20100,12.34,24,2025-05-31,2025-06-08,Approved,Current
L003426,C03619,B011,Business,71000,12.21,48,2025-10-29,2025-11-03,Approved,Current
L003427,C04343,B001,Auto,31500,15.2,12,2024-08-13,2024-08-26,Approved,Current
L003428,C02974,B004,Home,89100,12.26,48,2024-10-24,2024-11-06,Approved,Current
L003429,C01554,B019,Home,296300,9.2,60,2025-04-06,2025-04-07,Approved,Current
L003430,C02003,B007,Auto,35300,11.52,48,2023-10-05,2023-10-19,Approved,Current
L003431,C00498,B012,Personal,51900,11.83,72,2024-02-11,2024-02-15,Approved,Current
L003432,C04950,B013,Business,0,10.52,48,2023-03-25,2023-04-14,Rejected,Current
L003433,C04400,B025,Home,253200,9.54,60,2024-03-11,2024-03-12,Approved,Current
L003434,C01422,B018,Auto,0,11.06,36,2023-05-25,2023-06-08,Rejected,Current
L003435,C03475,B004,Home,96600,11.42,36,2025-01-14,2025-02-02,Approved,Current
L003436,C04412,B010,Home,260100,12.02,36,2023-05-31,2023-06-19,Approved,Current
L003437,C04374,B024,Auto,17500,10.9,24,2024-07-02,2024-07-05,Approved,Current
L003438,C00542,B009,Auto,45500,11.14,36,2025-04-15,2025-05-05,Approved,Current
L003439,C00789,B021,Personal,46000,9.56,36,2023-07-20,2023-07-31,Approved,Current
L003440,C00356,B024,Personal,0,13.53,36,2024-05-23,2024-06-01,Rejected,Current
L003441,C03975,B015,Business,0,10.93,48,2023-12-28,2024-01-16,Rejected,Current
L003442,C01227,B015,Business,110200,10.48,48,2024-06-13,2024-06-15,Approved,Current
L003443,C00250,B014,Personal,0,13.39,60,2023-06-12,2023-06-25,Rejected,Current
L003444,C04199,B013,Home,173700,9.89,36,2023-10-06,2023-10-09,Approved,Current
L003445,C03396,B022,Personal,13200,11.59,60,2023-12-17,2023-12-28,Approved,Current
L003446,C03970,B002,Education,13600,12.76,72,2023-07-31,2023-08-14,Approved,Current
L003447,C00532,B023,Personal,18400,11.54,48,2025-04-23,2025-05-08,Approved,Current
L003448,C00559,B027,Personal,33100,13.37,48,2024-05-22,2024-05-27,Approved,Current
L003449,C01620,B010,Personal,8900,8.61,60,2024-04-29,2024-05-06,Approved,Current
L003450,C01292,B002,Auto,69100,12.63,48,2025-08-02,2025-08-04,Approved,Current
L003451,C03125,B010,Business,0,13.22,24,2025-10-14,2025-10-20,Rejected,Current
L003452,C04881,B007,Home,230100,12.12,36,2025-01-24,2025-02-04,Approved,Current
L003453,C04114,B010,Personal,0,11.92,12,2024-12-08,2024-12-10,Rejected,Current
L003454,C01128,B007,Auto,28900,11.41,60,2024-06-10,2024-06-23,Approved,Current
L003455,C04248,B001,Personal,18400,10.6,36,2025-06-08,2025-06-09,Approved,Current
L003456,C03912,B009,Personal,13900,12.28,60,2024-04-03,2024-04-06,Approved,Current
L003457,C04969,B010,Business,96700,14.87,60,2025-04-03,2025-04-23,Approved,Current
L003458,C01108,B026,Business,102600,8.1,60,2025-11-03,2025-11-05,Approved,Current
L003459,C04645,B015,Education,78800,8.88,72,2024-11-08,2024-11-27,Approved,Current
L003460,C01688,B013,Home,252500,10.03,48,2024-09-07,2024-09-16,Approved,Current
L003461,C04472,B028,Personal,16000,12.11,24,2023-01-04,2023-01-22,Approved,Current
L003462,C04304,B025,Business,0,12.31,72,2024-10-20,2024-10-21,Rejected,Current
L003463,C04556,B022,Personal,12200,12.75,84,2023-07-09,2023-07-29,Approved,Current
L003464,C03476,B023,Personal,13300,10.92,36,2025-08-25,2025-09-08,Approved,Current
L003465,C02578,B003,Personal,29700,15.72,60,2023-05-08,2023-05-22,Approved,Current
L003466,C02533,B014,Education,0,13.59,12,2024-03-31,2024-04-18,Rejected,Current
L003467,C04218,B011,Auto,22800,13.41,12,2023-03-19,2023-04-01,Approved,Current
L003468,C02030,B024,Personal,13000,10.17,60,2024-03-09,2024-03-13,Approved,Current
L003469,C01144,B019,Personal,12100,11.46,36,2024-09-17,2024-10-05,Approved,Current
L003470,C04347,B028,Business,0,12.52,72,2023-07-31,2023-08-19,Rejected,Current
L003471,C04992,B022,Business,102800,14.21,48,2023-07-12,2023-07-16,Approved,Default
L003472,C03744,B030,Auto,27400,10.14,60,2023-08-15,2023-08-21,Approved,Current
L003473,C03591,B008,Personal,18300,10.1,24,2023-12-06,2023-12-18,Approved,Current
L003474,C03799,B014,Home,208500,12.01,72,2025-10-06,2025-10-15,Approved,Current
L003475,C01748,B013,Auto,0,14.28,24,2024-11-09,2024-11-22,Rejected,Current
L003476,C04820,B016,Education,13000,13.63,48,2024-02-17,2024-03-02,Approved,Current
L003477,C00218,B028,Personal,37600,13.48,60,2023-07-05,2023-07-20,Approved,Current
L003478,C02811,B002,Home,0,16.35,12,2023-11-19,2023-12-03,Rejected,Current
L003479,C03416,B024,Personal,22200,9.78,84,2025-04-18,2025-05-06,Approved,Current
L003480,C01717,B005,Home,0,10.5,36,2024-08-11,2024-08-13,Rejected,Current
L003481,C04700,B021,Personal,51600,14.81,60,2024-05-23,2024-05-26,Approved,Current
L003482,C00290,B008,Business,70800,10.85,60,2023-03-16,2023-04-03,Approved,Current
L003483,C04698,B002,Personal,0,10.42,12,2023-12-06,2023-12-25,Rejected,Current
L003484,C03269,B011,Home,266200,10.08,72,2023-11-15,2023-12-03,Approved,Current
L003485,C02744,B019,Home,0,14.72,36,2023-08-27,2023-09-11,Rejected,Current
L003486,C00610,B009,Business,97000,10.6,36,2024-05-24,2024-05-30,Approved,Current
L003487,C02354,B027,Business,0,14.83,12,2025-03-05,2025-03-09,Rejected,Current
L003488,C00536,B028,Personal,0,14.05,36,2024-03-29,2024-04-08,Rejected,Current
L003489,C03292,B013,Personal,0,12.89,60,2024-12-25,2025-01-06,Rejected,Current
L003490,C03758,B030,Auto,61900,12.04,36,2025-09-04,2025-09-09,Approved,Current
L003491,C00757,B009,Home,122700,12.26,48,2025-06-15,2025-07-05,Approved,Current
L003492,C03850,B009,Personal,26500,11.99,60,2023-08-30,2023-09-04,Approved,Current
L003493,C00354,B019,Business,65800,12.09,84,2023-03-17,2023-04-02,Approved,Current
L003494,C04831,B017,Personal,0,13.18,60,2023-12-14,2024-01-01,Rejected,Current
L003495,C03892,B016,Education,16000,12.65,24,2025-07-08,2025-07-23,Approved,Current
L003496,C04331,B023,Personal,17800,13.02,36,2023-05-22,2023-05-30,Approved,Current
L003497,C00306,B001,Personal,37200,12.25,48,2025-06-28,2025-06-29,Approved,Current
L003498,C02996,B010,Home,197100,10.45,72,2025-02-12,2025-02-21,Approved,Current
L003499,C03709,B006,Home,354600,11.09,48,2023-04-23,2023-05-05,Approved,Current
L003500,C02215,B003,Personal,17700,13.64,48,2024-05-07,2024-05-08,Approved,Current
L003501,C04149,B019,Auto,0,14.46,36,2023-12-16,2023-12-21,Rejected,Current
L003502,C01210,B029,Home,203400,10.97,48,2025-02-03,2025-02-12,Approved,Current
L003503,C00276,B015,Personal,25300,12.91,36,2025-03-01,2025-03-02,Approved,Current
L003504,C00147,B028,Business,0,12.26,48,2025-11-08,2025-11-22,Rejected,Current
L003505,C03549,B023,Education,0,15.22,60,2023-08-05,2023-08-22,Rejected,Current
L003506,C04726,B017,Auto,0,14.7,72,2024-10-03,2024-10-06,Rejected,Current
L003507,C01954,B008,Business,49400,10.46,60,2024-12-14,2024-12-30,Approved,Current
L003508,C00852,B025,Personal,24200,10.49,60,2024-02-15,2024-02-23,Approved,Current
L003509,C04524,B022,Personal,0,13.77,36,2024-05-25,2024-06-13,Rejected,Current
L003510,C00488,B024,Home,208400,11.73,60,2023-04-18,2023-05-03,Approved,Current
L003511,C01554,B006,Education,0,12.06,36,2023-04-15,2023-04-17,Rejected,Current
L003512,C01762,B020,Home,127900,10.86,12,2023-10-16,2023-10-22,Approved,Current
L003513,C03184,B030,Personal,0,10.75,72,2024-12-23,2025-01-02,Rejected,Current
L003514,C00584,B012,Home,0,10.94,12,2024-09-22,2024-10-05,Rejected,Current
L003515,C04712,B001,Personal,17300,15.77,24,2023-10-17,2023-11-01,Approved,Current
L003516,C04311,B004,Personal,23600,9.29,12,2023-01-20,2023-01-31,Approved,Current
L003517,C04606,B007,Home,320600,14.7,12,2023-11-14,2023-11-23,Approved,Current
L003518,C00511,B030,Home,223600,12.15,12,2023-01-02,2023-01-16,Approved,Current
L003519,C04122,B002,Personal,29500,10.99,60,2023-08-04,2023-08-07,Approved,Current
L003520,C03814,B024,Personal,15500,11.84,72,2023-09-10,2023-09-30,Approved,Current
L003521,C02241,B028,Auto,196100,11.27,60,2023-08-11,2023-08-27,Approved,Current
L003522,C02151,B011,Auto,43400,11.14,60,2024-09-21,2024-09-29,Approved,Current
L003523,C03203,B009,Home,269500,12.78,60,2023-03-09,2023-03-20,Approved,Current
L003524,C00343,B001,Auto,84100,7.29,48,2023-08-14,2023-08-16,Approved,Current
L003525,C01424,B012,Personal,0,12.46,72,2023-12-05,2023-12-10,Rejected,Current
L003526,C03868,B030,Personal,12600,10.23,48,2024-01-03,2024-01-15,Approved,Current
L003527,C04396,B008,Business,194900,13.5,12,2024-10-21,2024-10-30,Approved,Current
L003528,C00146,B013,Home,392000,13.5,60,2025-10-19,2025-10-30,Approved,Current
L003529,C02818,B030,Home,201300,10.24,60,2023-12-25,2024-01-10,Approved,Current
L003530,C04558,B026,Education,73700,14.82,36,2024-02-17,2024-02-27,Approved,Default
L003531,C00916,B019,Home,176700,8.98,36,2024-02-03,2024-02-14,Approved,Current
L003532,C04920,B020,Personal,0,14.52,60,2025-09-06,2025-09-07,Rejected,Current
L003533,C01912,B006,Education,64400,9.82,48,2024-06-27,2024-06-28,Approved,Current
L003534,C03702,B021,Personal,19000,14.26,72,2024-10-14,2024-10-15,Approved,Current
L003535,C01340,B004,Auto,41100,13.71,48,2024-06-11,2024-07-01,Approved,Current
L003536,C02247,B022,Home,325300,13.94,60,2023-09-06,2023-09-21,Approved,Current
L003537,C03918,B023,Home,151300,9.59,36,2023-07-03,2023-07-12,Approved,Current
L003538,C02952,B025,Home,0,11.71,72,2023-02-22,2023-02-28,Rejected,Current
L003539,C00498,B011,Home,385100,13.05,36,2023-03-23,2023-04-11,Approved,Current
L003540,C02949,B012,Business,112500,13.23,48,2024-12-19,2024-12-27,Approved,Current
L003541,C00791,B009,Education,0,13.45,60,2024-12-14,2024-12-31,Rejected,Current
L003542,C04201,B002,Personal,19000,13.61,36,2024-07-24,2024-08-05,Approved,Current
L003543,C00010,B025,Business,0,16.05,36,2025-05-16,2025-05-18,Rejected,Current
L003544,C03099,B030,Personal,7600,11.66,48,2025-11-14,2025-11-22,Approved,Current
L003545,C02817,B012,Personal,26700,13.81,36,2024-08-08,2024-08-09,Approved,Default
L003546,C00327,B016,Education,35100,12.66,24,2025-10-23,2025-11-05,Approved,Current
L003547,C03567,B016,Home,459700,9.93,60,2025-05-03,2025-05-14,Approved,Current
L003548,C00883,B004,Personal,0,13.0,36,2024-09-05,2024-09-24,Rejected,Current
L003549,C01672,B018,Auto,68200,12.55,36,2023-07-13,2023-07-15,Approved,Current
L003550,C00738,B008,Personal,17600,13.59,48,2025-05-21,2025-06-10,Approved,Current
L003551,C02175,B004,Home,199700,10.46,60,2025-04-09,2025-04-27,Approved,Current
L003552,C00924,B013,Auto,37300,13.12,24,2024-11-23,2024-11-27,Approved,Current
L003553,C04267,B018,Business,300400,10.57,60,2025-09-18,2025-09-25,Approved,Current
L003554,C04483,B030,Personal,9100,9.47,36,2024-10-14,2024-10-19,Approved,Current
L003555,C02825,B003,Personal,0,16.07,72,2024-04-29,2024-05-08,Rejected,Current
L003556,C01154,B025,Personal,18400,11.09,60,2025-11-18,2025-12-01,Approved,Current
L003557,C02071,B027,Personal,17700,12.95,24,2023-04-15,2023-05-03,Approved,Current
L003558,C04601,B006,Education,38600,11.24,36,2025-11-14,2025-11-29,Approved,Current
L003559,C00921,B026,Education,51400,10.5,12,2024-05-08,2024-05-26,Approved,Current
L003560,C03483,B029,Auto,42900,12.29,60,2023-04-09,2023-04-10,Approved,Current
L003561,C01444,B010,Auto,63100,11.85,36,2024-08-06,2024-08-10,Approved,Current
L003562,C04508,B005,Business,0,16.17,12,2023-07-18,2023-07-31,Rejected,Current
L003563,C02802,B015,Personal,17500,12.31,12,2025-08-13,2025-08-27,Approved,Current
L003564,C01776,B012,Personal,10400,10.9,84,2024-11-27,2024-12-05,Approved,Current
L003565,C00029,B007,Home,550600,12.02,72,2024-03-11,2024-03-16,Approved,Current
L003566,C02293,B016,Business,85700,10.22,36,2025-10-24,2025-11-13,Approved,Default
L003567,C03704,B002,Home,0,14.42,48,2023-06-24,2023-07-01,Rejected,Current
L003568,C00826,B011,Home,258300,12.37,48,2023-12-07,2023-12-16,Approved,Default
L003569,C03742,B025,Personal,33100,9.3,48,2025-10-18,2025-10-24,Approved,Current
L003570,C00139,B010,Auto,0,13.84,36,2023-06-19,2023-07-01,Rejected,Current
L003571,C04453,B015,Business,182500,10.96,36,2024-11-18,2024-11-29,Approved,Current
L003572,C02260,B025,Home,156600,12.7,24,2025-01-09,2025-01-24,Approved,Current
L003573,C01163,B026,Auto,70300,11.15,12,2024-12-01,2024-12-18,Approved,Current
L003574,C03440,B026,Home,137400,12.27,24,2024-03-21,2024-03-24,Approved,Current
L003575,C02534,B024,Business,142400,12.88,12,2025-08-08,2025-08-25,Approved,Default
L003576,C01360,B018,Home,0,14.52,48,2025-07-21,2025-07-29,Rejected,Current
L003577,C02226,B006,Home,99600,10.86,60,2025-09-24,2025-10-06,Approved,Current
L003578,C02561,B020,Home,84900,11.69,24,2024-07-24,2024-08-06,Approved,Current
L003579,C03673,B019,Personal,12000,8.98,48,2025-08-19,2025-08-31,Approved,Current
L003580,C02161,B028,Business,0,15.99,36,2023-10-25,2023-10-30,Rejected,Current
L003581,C00283,B003,Education,9600,12.57,24,2024-05-24,2024-05-25,Approved,Current
L003582,C01140,B030,Home,0,14.41,24,2023-06-08,2023-06-25,Rejected,Current
L003583,C01798,B025,Personal,20600,12.4,60,2025-02-25,2025-03-02,Approved,Current
L003584,C04137,B004,Auto,12700,14.06,24,2024-09-25,2024-10-03,Approved,Current
L003585,C02980,B008,Home,119400,14.32,48,2025-09-01,2025-09-03,Approved,Current
L003586,C01191,B001,Personal,0,13.41,24,2024-11-23,2024-11-28,Rejected,Current
L003587,C01245,B010,Personal,18500,11.74,72,2023-05-06,2023-05-20,Approved,Current
L003588,C04409,B012,Business,0,9.59,12,2024-03-24,2024-03-26,Rejected,Current
L003589,C01931,B020,Business,171600,10.74,36,2024-09-25,2024-10-07,Approved,Current
L003590,C02519,B024,Business,0,13.17,60,2023-01-10,2023-01-24,Rejected,Current
L003591,C00048,B008,Home,0,13.97,60,2025-10-15,2025-10-20,Rejected,Current
L003592,C00134,B016,Business,40300,13.41,24,2025-11-06,2025-11-24,Approved,Current
L003593,C03047,B026,Auto,0,14.0,24,2024-12-15,2025-01-02,Rejected,Current
L003594,C02365,B021,Home,0,12.82,48,2025-08-29,2025-09-14,Rejected,Current
L003595,C03510,B007,Business,93100,13.4,60,2025-10-23,2025-10-28,Approved,Current
L003596,C03507,B025,Education,0,13.34,60,2025-07-06,2025-07-08,Rejected,Current
L003597,C02134,B019,Business,73100,9.32,60,2025-04-03,2025-04-21,Approved,Current
L003598,C04095,B003,Business,74000,9.09,60,2025-03-04,2025-03-07,Approved,Current
L003599,C02538,B011,Auto,21800,11.59,48,2023-06-27,2023-07-06,Approved,Current
L003600,C02472,B008,Auto,24100,15.17,48,2024-08-21,2024-08-27,Approved,Current
L003601,C02435,B020,Business,209300,12.33,48,2025-09-02,2025-09-20,Approved,Current
L003602,C04336,B003,Home,246000,10.56,60,2023-11-13,2023-11-14,Approved,Current
L003603,C03523,B011,Personal,0,12.72,24,2023-09-10,2023-09-28,Rejected,Current
L003604,C02306,B026,Business,0,13.91,36,2023-01-03,2023-01-05,Rejected,Current
L003605,C04140,B025,Education,46500,10.37,60,2023-02-20,2023-03-09,Approved,Current
L003606,C01811,B012,Home,405000,11.29,60,2025-04-01,2025-04-13,Approved,Current
L003607,C00664,B010,Business,131300,15.47,60,2024-10-28,2024-10-30,Approved,Current
L003608,C03055,B010,Personal,20100,13.05,24,2025-02-18,2025-02-19,Approved,Default
L003609,C04850,B014,Education,0,11.84,48,2024-02-29,2024-03-10,Rejected,Current
L003610,C04201,B012,Auto,20300,11.55,48,2023-04-30,2023-05-02,Approved,Current
L003611,C03493,B010,Auto,52000,13.64,60,2024-08-23,2024-08-28,Approved,Current
L003612,C00954,B008,Business,0,12.25,48,2024-09-09,2024-09-26,Rejected,Current
L003613,C01674,B013,Business,45000,12.84,48,2024-02-21,2024-02-22,Approved,Current
L003614,C01343,B022,Business,30000,11.37,36,2024-06-26,2024-07-10,Approved,Current
L003615,C03492,B020,Education,91200,12.71,60,2023-06-13,2023-06-19,Approved,Current
L003616,C02743,B015,Personal,10500,14.05,72,2023-05-14,2023-05-25,Approved,Current
L003617,C02105,B017,Personal,12300,14.97,48,2024-09-26,2024-10-03,Approved,Current
L003618,C00240,B014,Business,0,10.47,48,2025-08-13,2025-09-02,Rejected,Current
L003619,C02625,B030,Education,14400,11.85,36,2023-03-13,2023-04-02,Approved,Current
L003620,C03050,B008,Home,0,13.84,36,2023-12-25,2024-01-03,Rejected,Current
L003621,C02110,B020,Personal,49000,12.57,48,2024-07-02,2024-07-05,Approved,Current
L003622,C04248,B002,Home,591700,9.73,24,2023-04-11,2023-04-17,Approved,Current
L003623,C04226,B006,Home,144600,13.31,48,2023-01-30,2023-02-08,Approved,Current
L003624,C01464,B014,Business,94400,10.69,48,2024-12-19,2024-12-25,Approved,Current
L003625,C00400,B026,Personal,14500,12.22,60,2025-09-21,2025-10-01,Approved,Current
L003626,C02722,B001,Personal,17800,12.8,36,2024-06-04,2024-06-12,Approved,Current
L003627,C01938,B023,Business,194000,11.35,60,2025-04-16,2025-05-06,Approved,Current
L003628,C04637,B025,Personal,0,16.79,12,2023-09-06,2023-09-22,Rejected,Current
L003629,C00182,B006,Business,135700,12.62,48,2024-05-26,2024-06-02,Approved,Current
L003630,C01075,B005,Home,166100,13.81,60,2023-04-22,2023-05-10,Approved,Current
L003631,C02574,B028,Auto,67900,12.77,60,2025-11-07,2025-11-25,Approved,Current
L003632,C02398,B003,Personal,37100,11.73,72,2025-06-19,2025-07-04,Approved,Current
L003633,C01082,B026,Personal,14400,9.52,24,2024-12-07,2024-12-13,Approved,Current
L003634,C00419,B007,Home,0,12.54,60,2023-07-18,2023-07-23,Rejected,Current
L003635,C01161,B027,Business,155200,16.39,48,2024-06-27,2024-07-15,Approved,Current
L003636,C00640,B002,Auto,55000,13.67,36,2023-08-11,2023-08-19,Approved,Current
L003637,C02085,B017,Personal,0,13.14,36,2023-03-29,2023-04-01,Rejected,Current
L003638,C04590,B027,Business,155000,14.22,24,2025-08-22,2025-09-07,Approved,Current
L003639,C00359,B016,Personal,44500,13.17,60,2023-11-24,2023-12-11,Approved,Current
L003640,C01804,B002,Education,32200,12.18,60,2025-04-01,2025-04-18,Approved,Current
L003641,C00539,B020,Personal,30400,13.48,24,2023-04-13,2023-04-25,Approved,Current
L003642,C04440,B012,Home,373800,8.58,48,2025-09-24,2025-10-01,Approved,Current
L003643,C02219,B020,Personal,0,13.68,24,2023-10-25,2023-10-31,Rejected,Current
L003644,C01714,B016,Auto,0,10.99,36,2024-11-05,2024-11-07,Rejected,Current
L003645,C00866,B018,Home,186300,11.58,12,2025-06-05,2025-06-10,Approved,Current
L003646,C02068,B030,Home,179800,8.65,60,2023-07-08,2023-07-10,Approved,Current
L003647,C02351,B016,Personal,12500,13.97,12,2024-01-06,2024-01-09,Approved,Current
L003648,C00776,B020,Business,104500,12.18,36,2025-04-07,2025-04-12,Approved,Current
L003649,C03269,B005,Business,268200,9.23,36,2023-09-07,2023-09-24,Approved,Current
L003650,C04672,B024,Auto,19500,10.53,60,2023-08-14,2023-09-02,Approved,Current
L003651,C03628,B021,Auto,44900,14.97,48,2023-05-04,2023-05-14,Approved,Current
L003652,C01036,B017,Auto,0,13.29,48,2023-11-01,2023-11-13,Rejected,Current
L003653,C00361,B011,Personal,40500,13.62,36,2025-03-01,2025-03-19,Approved,Default
L003654,C02820,B014,Education,69900,10.42,48,2025-03-13,2025-04-01,Approved,Current
L003655,C00296,B010,Personal,0,15.34,24,2024-02-02,2024-02-15,Rejected,Current
L003656,C01427,B023,Auto,23300,11.55,84,2023-01-03,2023-01-11,Approved,Current
L003657,C03510,B024,Auto,0,14.15,48,2023-11-27,2023-11-30,Rejected,Current
L003658,C02817,B014,Auto,24500,11.73,72,2023-01-10,2023-01-22,Approved,Current
L003659,C02866,B012,Business,76300,9.76,24,2024-08-01,2024-08-05,Approved,Current
L003660,C00693,B004,Personal,0,13.02,48,2024-11-11,2024-11-25,Rejected,Current
L003661,C04596,B001,Auto,20000,9.52,60,2023-07-16,2023-07-23,Approved,Current
L003662,C01068,B026,Auto,21600,13.45,60,2024-03-17,2024-03-30,Approved,Current
L003663,C01133,B026,Personal,0,14.5,48,2023-01-15,2023-01-27,Rejected,Current
L003664,C01122,B004,Home,242600,11.42,12,2024-09-17,2024-10-02,Approved,Current
L003665,C01242,B026,Business,91700,13.65,36,2023-01-06,2023-01-08,Approved,Current
L003666,C00947,B004,Home,0,9.86,36,2024-05-30,2024-05-31,Rejected,Current
L003667,C03148,B016,Home,0,14.06,36,2024-11-15,2024-11-21,Rejected,Current
L003668,C01616,B005,Home,76600,9.62,24,2025-04-12,2025-04-13,Approved,Current
L003669,C04660,B016,Auto,78500,12.74,12,2025-12-15,2026-01-03,Approved,Default
L003670,C00063,B008,Business,81100,12.47,48,2025-08-16,2025-08-26,Approved,Current
L003671,C00394,B020,Personal,79900,13.29,60,2025-11-04,2025-11-18,Approved,Current
L003672,C01527,B017,Home,283000,13.78,36,2023-04-01,2023-04-03,Approved,Current
L003673,C01502,B017,Home,506000,14.2,60,2024-12-17,2024-12-26,Approved,Current
L003674,C00520,B020,Personal,31100,11.11,60,2023-08-27,2023-08-30,Approved,Current
L003675,C00389,B016,Education,30600,13.38,36,2024-06-04,2024-06-23,Approved,Current
L003676,C00588,B010,Personal,13000,10.27,48,2023-07-04,2023-07-18,Approved,Current
L003677,C03498,B011,Personal,0,10.92,36,2023-07-14,2023-07-30,Rejected,Current
L003678,C03062,B030,Auto,0,12.72,36,2025-11-28,2025-12-05,Rejected,Current
L003679,C04732,B029,Personal,0,12.03,48,2025-11-29,2025-11-30,Rejected,Current
L003680,C02572,B023,Auto,44900,13.21,36,2023-01-16,2023-01-21,Approved,Current
L003681,C00280,B027,Business,0,11.31,48,2024-11-23,2024-11-26,Rejected,Current
L003682,C03117,B021,Personal,21900,11.58,60,2023-03-06,2023-03-23,Approved,Current
L003683,C03473,B007,Personal,13900,11.0,84,2023-10-12,2023-10-26,Approved,Current
L003684,C01985,B029,Personal,31400,13.36,72,2023-05-26,2023-06-11,Approved,Current
L003685,C02282,B026,Personal,16100,12.6,72,2023-09-24,2023-10-01,Approved,Current
L003686,C04282,B005,Personal,18900,14.0,72,2024-10-21,2024-10-30,Approved,Current
L003687,C00805,B009,Business,141000,11.44,36,2025-01-05,2025-01-12,Approved,Current
L003688,C00075,B009,Business,92000,12.87,72,2025-10-06,2025-10-21,Approved,Current
L003689,C02986,B029,Personal,6600,9.07,36,2025-09-08,2025-09-28,Approved,Current
L003690,C00710,B012,Business,168400,12.01,72,2024-02-03,2024-02-06,Approved,Current
L003691,C03663,B019,Personal,35900,12.92,48,2023-10-18,2023-11-03,Approved,Current
L003692,C04631,B024,Auto,11700,11.66,60,2023-03-21,2023-04-08,Approved,Current
L003693,C01431,B026,Personal,0,13.24,84,2024-01-07,2024-01-14,Rejected,Current
L003694,C04992,B021,Personal,0,16.06,72,2025-10-08,2025-10-25,Rejected,Current
L003695,C00647,B021,Business,107900,10.58,60,2025-04-03,2025-04-21,Approved,Current
L003696,C02039,B007,Home,185400,9.35,36,2025-08-30,2025-09-02,Approved,Current
L003697,C04134,B013,Auto,0,12.1,72,2023-02-19,2023-03-02,Rejected,Current
L003698,C03939,B001,Home,104900,12.92,24,2023-05-01,2023-05-15,Approved,Current
L003699,C02216,B017,Personal,0,10.99,48,2025-10-04,2025-10-21,Rejected,Current
L003700,C03357,B027,Auto,0,11.8,48,2024-04-02,2024-04-21,Rejected,Current
L003701,C00103,B008,Business,94200,10.34,48,2023-08-14,2023-09-03,Approved,Current
L003702,C00145,B018,Personal,0,11.18,60,2023-10-05,2023-10-10,Rejected,Current
L003703,C00755,B021,Home,488600,14.8,36,2025-09-15,2025-09-18,Approved,Default
L003704,C04058,B025,Auto,0,14.14,48,2023-01-04,2023-01-20,Rejected,Current
L003705,C04462,B001,Auto,37800,13.36,60,2025-07-07,2025-07-08,Approved,Default
L003706,C01831,B020,Auto,55600,11.49,60,2023-05-31,2023-06-11,Approved,Current
L003707,C03710,B021,Auto,19200,10.31,48,2023-01-06,2023-01-16,Approved,Default
L003708,C00083,B015,Education,0,13.93,12,2025-07-10,2025-07-17,Rejected,Current
L003709,C01312,B013,Home,0,16.04,36,2025-08-12,2025-08-28,Rejected,Current
L003710,C03340,B010,Auto,26500,13.01,72,2023-03-26,2023-03-28,Approved,Current
L003711,C03695,B030,Auto,57600,12.44,72,2024-02-22,2024-03-01,Approved,Current
L003712,C03932,B006,Auto,0,15.23,60,2023-06-03,2023-06-18,Rejected,Current
L003713,C03448,B024,Home,497800,11.72,24,2024-12-14,2024-12-30,Approved,Current
L003714,C03669,B022,Auto,0,14.1,24,2024-12-06,2024-12-09,Rejected,Current
L003715,C01616,B028,Auto,0,11.45,72,2024-01-08,2024-01-28,Rejected,Current
L003716,C04247,B029,Auto,14200,12.07,72,2025-06-22,2025-06-24,Approved,Current
L003717,C02804,B025,Personal,12200,10.36,36,2023-02-27,2023-03-14,Approved,Current
L003718,C04826,B003,Home,125400,13.87,60,2025-02-07,2025-02-21,Approved,Current
L003719,C02063,B026,Business,82000,14.34,72,2023-08-09,2023-08-18,Approved,Current
L003720,C04197,B013,Business,49400,10.42,24,2023-08-26,2023-08-30,Approved,Current
L003721,C00780,B016,Business,91300,11.51,60,2025-04-30,2025-05-08,Approved,Current
L003722,C01059,B005,Auto,0,16.72,72,2024-12-02,2024-12-12,Rejected,Current
L003723,C02399,B009,Personal,7800,13.9,60,2024-01-29,2024-02-15,Approved,Current
L003724,C03005,B024,Home,130500,16.03,36,2025-09-23,2025-09-29,Approved,Current
L003725,C02331,B023,Personal,0,11.19,84,2023-12-15,2023-12-20,Rejected,Current
L003726,C04733,B019,Business,113900,11.0,36,2023-11-18,2023-11-28,Approved,Current
L003727,C01760,B015,Personal,6600,11.13,36,2025-06-13,2025-06-30,Approved,Current
L003728,C04621,B009,Business,0,12.68,24,2025-02-15,2025-03-03,Rejected,Current
L003729,C04261,B025,Business,107600,8.81,24,2025-04-07,2025-04-24,Approved,Current
L003730,C00428,B015,Business,100400,14.71,60,2023-05-06,2023-05-24,Approved,Current
L003731,C03877,B014,Business,68800,13.04,36,2025-10-02,2025-10-22,Approved,Current
L003732,C02491,B019,Auto,106900,14.27,72,2024-01-09,2024-01-18,Approved,Current
L003733,C02117,B025,Auto,0,13.12,72,2024-07-08,2024-07-19,Rejected,Current
L003734,C02322,B017,Home,0,12.04,24,2024-12-15,2024-12-17,Rejected,Current
L003735,C00560,B001,Personal,29100,13.62,48,2025-03-28,2025-04-11,Approved,Current
L003736,C04945,B027,Personal,0,14.25,60,2024-06-13,2024-06-28,Rejected,Current
L003737,C01386,B001,Personal,0,11.93,60,2023-03-18,2023-03-19,Rejected,Current
L003738,C02618,B019,Education,19700,9.63,24,2023-10-17,2023-10-18,Approved,Current
L003739,C01955,B013,Personal,52300,13.45,36,2025-04-30,2025-05-09,Approved,Current
L003740,C00590,B024,Auto,30800,11.26,60,2023-04-29,2023-05-11,Approved,Current
L003741,C00499,B022,Personal,22700,11.99,48,2023-08-06,2023-08-23,Approved,Current
L003742,C02823,B023,Education,28000,12.86,60,2024-12-25,2025-01-09,Approved,Current
L003743,C01530,B006,Home,171300,12.81,12,2025-06-23,2025-06-27,Approved,Current
L003744,C01639,B029,Home,215600,15.98,48,2025-03-26,2025-03-31,Approved,Current
L003745,C01133,B016,Home,96400,13.36,60,2025-11-01,2025-11-15,Approved,Current
L003746,C04484,B017,Business,32100,12.67,84,2023-11-16,2023-11-22,Approved,Current
L003747,C00416,B012,Personal,0,17.71,24,2023-01-26,2023-02-01,Rejected,Current
L003748,C04997,B005,Business,58500,13.49,60,2024-01-26,2024-02-14,Approved,Current
L003749,C01592,B016,Auto,43200,10.72,12,2023-02-24,2023-02-25,Approved,Current
L003750,C04408,B011,Personal,22900,11.78,36,2023-05-31,2023-06-09,Approved,Current
L003751,C03884,B007,Personal,0,14.05,48,2024-04-07,2024-04-08,Rejected,Current
L003752,C01608,B014,Business,0,12.31,36,2025-07-01,2025-07-05,Rejected,Current
L003753,C03725,B024,Personal,17900,13.56,60,2025-07-23,2025-08-08,Approved,Current
L003754,C01716,B021,Business,42600,13.41,12,2024-05-25,2024-05-30,Approved,Current
L003755,C00203,B008,Personal,0,11.46,72,2025-02-11,2025-02-27,Rejected,Current
L003756,C03855,B030,Auto,0,14.72,36,2024-02-08,2024-02-22,Rejected,Current
L003757,C03960,B021,Auto,0,13.18,24,2023-12-29,2024-01-07,Rejected,Current
L003758,C00110,B001,Auto,30400,9.91,48,2025-05-11,2025-05-25,Approved,Current
L003759,C04178,B027,Home,253900,10.61,48,2024-12-19,2025-01-04,Approved,Current
L003760,C00769,B028,Business,408500,11.63,12,2024-04-19,2024-04-25,Approved,Current
L003761,C00139,B027,Business,184600,14.72,60,2025-02-08,2025-02-25,Approved,Current
L003762,C00221,B021,Home,199000,11.75,60,2023-08-16,2023-08-17,Approved,Current
L003763,C00861,B029,Auto,0,11.89,48,2023-12-13,2023-12-31,Rejected,Current
L003764,C03928,B001,Auto,0,13.07,24,2025-03-18,2025-03-29,Rejected,Current
L003765,C02388,B004,Education,15700,15.51,72,2023-08-05,2023-08-16,Approved,Current
L003766,C02526,B024,Business,135900,12.13,60,2024-07-01,2024-07-13,Approved,Current
L003767,C01446,B006,Personal,0,10.17,36,2024-12-24,2024-12-26,Rejected,Current
L003768,C01610,B018,Personal,21100,13.9,60,2025-10-10,2025-10-26,Approved,Current
L003769,C00199,B014,Education,0,12.06,24,2023-10-01,2023-10-11,Rejected,Current
L003770,C02864,B028,Personal,17900,10.05,24,2023-04-25,2023-05-09,Approved,Current
L003771,C01161,B019,Education,29600,13.29,48,2023-07-22,2023-07-29,Approved,Current
L003772,C01370,B017,Auto,0,14.85,60,2024-06-01,2024-06-09,Rejected,Current
L003773,C03572,B006,Personal,15900,12.55,72,2023-11-04,2023-11-14,Approved,Current
L003774,C02223,B026,Home,93300,13.59,84,2025-07-01,2025-07-11,Approved,Current
L003775,C00489,B016,Home,131600,13.4,60,2025-06-13,2025-06-23,Approved,Current
L003776,C03541,B026,Business,183400,14.22,60,2023-03-07,2023-03-21,Approved,Current
L003777,C02868,B015,Home,167500,12.51,48,2025-08-10,2025-08-29,Approved,Current
L003778,C02428,B015,Home,0,11.63,12,2023-07-27,2023-08-05,Rejected,Current
L003779,C01878,B006,Education,29800,10.5,24,2023-10-05,2023-10-22,Approved,Current
L003780,C04538,B019,Personal,0,14.35,84,2024-09-16,2024-10-05,Rejected,Current
L003781,C00865,B015,Auto,0,12.48,36,2023-05-19,2023-05-21,Rejected,Current
L003782,C02181,B017,Home,148500,10.8,60,2024-11-06,2024-11-21,Approved,Current
L003783,C03029,B002,Personal,19900,10.17,36,2023-11-28,2023-12-04,Approved,Current
L003784,C03099,B001,Personal,24800,13.08,48,2024-06-30,2024-07-16,Approved,Current
L003785,C03329,B019,Home,197900,10.3,24,2025-12-02,2025-12-19,Approved,Current
L003786,C03635,B003,Personal,25700,8.48,60,2025-06-07,2025-06-17,Approved,Current
L003787,C00656,B017,Home,80200,10.91,24,2024-11-11,2024-11-23,Approved,Current
L003788,C01380,B024,Auto,51500,11.96,60,2025-04-11,2025-04-23,Approved,Current
L003789,C00236,B007,Auto,17200,14.39,24,2023-09-28,2023-10-17,Approved,Current
L003790,C00989,B014,Home,317800,11.29,60,2023-10-27,2023-11-02,Approved,Current
L003791,C01383,B014,Home,0,11.86,48,2025-12-01,2025-12-03,Rejected,Current
L003792,C00815,B011,Personal,6400,13.2,36,2024-11-29,2024-12-17,Approved,Current
L003793,C02967,B016,Personal,0,11.05,36,2023-10-12,2023-10-19,Rejected,Current
L003794,C01690,B022,Home,319800,11.12,60,2025-07-25,2025-07-30,Approved,Current
L003795,C03801,B030,Education,55900,9.18,24,2023-09-19,2023-09-27,Approved,Current
L003796,C02487,B007,Personal,0,12.91,72,2025-09-22,2025-10-04,Rejected,Current
L003797,C01666,B027,Home,0,15.19,60,2023-07-13,2023-07-14,Rejected,Current
L003798,C02636,B018,Auto,0,13.49,36,2023-03-22,2023-04-06,Rejected,Current
L003799,C03987,B024,Auto,0,11.78,84,2024-02-15,2024-02-28,Rejected,Current
L003800,C01824,B023,Education,35100,11.52,60,2024-12-30,2025-01-09,Approved,Current
L003801,C04089,B017,Personal,14200,10.75,36,2025-01-25,2025-02-12,Approved,Current
L003802,C00611,B027,Personal,31000,10.32,72,2025-05-04,2025-05-22,Approved,Current
L003803,C01336,B024,Home,319600,13.48,24,2023-02-20,2023-02-27,Approved,Current
L003804,C03869,B012,Personal,16500,10.71,60,2023-02-09,2023-02-24,Approved,Current
L003805,C04326,B012,Home,120200,9.73,24,2025-02-07,2025-02-12,Approved,Current
L003806,C03693,B011,Business,63700,12.57,84,2025-07-09,2025-07-14,Approved,Current
L003807,C04436,B013,Auto,0,10.94,12,2023-08-11,2023-08-12,Rejected,Current
L003808,C03567,B012,Personal,30400,10.69,36,2024-06-01,2024-06-07,Approved,Current
L003809,C02212,B023,Personal,17800,11.18,48,2024-08-29,2024-09-14,Approved,Current
L003810,C02164,B026,Education,0,9.81,48,2024-01-16,2024-01-24,Rejected,Current
L003811,C00071,B010,Home,0,10.32,48,2023-09-29,2023-10-03,Rejected,Current
L003812,C01750,B002,Education,26700,14.36,60,2023-05-26,2023-06-08,Approved,Current
L003813,C04946,B003,Auto,16600,11.0,12,2024-03-09,2024-03-28,Approved,Current
L003814,C00342,B022,Education,30600,13.97,48,2025-04-19,2025-04-29,Approved,Current
L003815,C04684,B011,Business,182300,10.09,60,2023-08-17,2023-09-03,Approved,Current
L003816,C02827,B006,Home,107900,11.83,36,2025-01-12,2025-02-01,Approved,Current
L003817,C03832,B020,Business,108300,12.13,60,2024-03-29,2024-04-16,Approved,Current
L003818,C02380,B024,Home,0,10.89,60,2023-12-29,2024-01-03,Rejected,Current
L003819,C03870,B026,Personal,20300,14.24,48,2024-01-29,2024-02-10,Approved,Current
L003820,C04203,B002,Personal,13500,10.66,36,2024-07-23,2024-07-24,Approved,Current
L003821,C03274,B013,Home,186100,10.08,36,2024-11-12,2024-11-13,Approved,Current
L003822,C02440,B003,Personal,30500,11.92,36,2025-01-08,2025-01-11,Approved,Current
L003823,C04326,B007,Personal,20800,8.12,60,2025-11-17,2025-11-24,Approved,Current
L003824,C02068,B004,Home,0,14.89,60,2024-08-23,2024-09-03,Rejected,Current
L003825,C03540,B012,Education,0,9.34,24,2024-08-26,2024-09-15,Rejected,Current
L003826,C04748,B027,Auto,42500,10.95,48,2023-11-09,2023-11-24,Approved,Current
L003827,C00472,B024,Home,95500,9.41,72,2025-11-18,2025-11-21,Approved,Current
L003828,C03766,B014,Personal,25500,11.82,60,2025-01-16,2025-01-24,Approved,Current
L003829,C04170,B010,Personal,0,12.87,72,2024-10-24,2024-10-27,Rejected,Current
L003830,C00654,B009,Auto,16200,13.76,72,2023-02-26,2023-03-11,Approved,Current
L003831,C00462,B022,Business,27300,11.13,24,2024-05-09,2024-05-11,Approved,Current
L003832,C01174,B006,Home,104300,13.39,60,2025-09-26,2025-09-29,Approved,Current
L003833,C01668,B012,Auto,30200,10.3,60,2023-05-27,2023-06-15,Approved,Current
L003834,C03746,B022,Auto,55800,12.07,12,2023-08-17,2023-09-01,Approved,Current
L003835,C03322,B008,Personal,0,12.39,60,2025-05-03,2025-05-18,Rejected,Current
L003836,C00640,B011,Home,251100,15.53,36,2023-11-28,2023-12-18,Approved,Default
L003837,C04370,B018,Auto,6500,12.92,72,2025-02-14,2025-02-21,Approved,Current
L003838,C00482,B002,Auto,0,13.71,60,2024-03-17,2024-03-20,Rejected,Current
L003839,C00082,B030,Personal,0,15.41,60,2025-09-27,2025-10-14,Rejected,Current
L003840,C03304,B010,Personal,57100,12.71,60,2024-02-15,2024-02-17,Approved,Current
L003841,C04127,B013,Auto,11300,12.55,48,2023-08-01,2023-08-17,Approved,Current
L003842,C02794,B006,Personal,0,16.39,60,2023-04-19,2023-04-30,Rejected,Current
L003843,C01108,B023,Business,33400,9.5,60,2024-06-28,2024-07-07,Approved,Current
L003844,C03786,B010,Personal,13300,13.43,24,2024-11-16,2024-11-27,Approved,Current
L003845,C00251,B029,Personal,7100,15.01,36,2024-02-25,2024-03-01,Approved,Current
L003846,C02435,B022,Personal,63800,9.77,36,2025-06-07,2025-06-20,Approved,Current
L003847,C01621,B015,Education,23000,12.18,24,2024-09-30,2024-10-19,Approved,Current
L003848,C01719,B019,Business,0,13.81,84,2025-01-03,2025-01-16,Rejected,Current
L003849,C00266,B010,Business,92800,12.58,48,2024-02-16,2024-02-18,Approved,Default
L003850,C00022,B015,Home,99200,12.82,48,2024-04-28,2024-04-30,Approved,Current
L003851,C02124,B027,Business,169700,8.87,36,2025-02-09,2025-02-17,Approved,Current
L003852,C01511,B028,Business,135100,8.99,60,2025-03-30,2025-04-04,Approved,Current
L003853,C03853,B022,Home,306500,13.18,48,2023-02-13,2023-02-24,Approved,Current
L003854,C04776,B010,Education,0,14.16,60,2023-02-27,2023-03-01,Rejected,Current
L003855,C02939,B013,Business,177400,12.54,72,2024-08-29,2024-09-04,Approved,Current
L003856,C03423,B028,Education,0,13.1,60,2024-01-25,2024-02-06,Rejected,Current
L003857,C00240,B019,Business,0,9.89,60,2025-02-25,2025-03-03,Rejected,Current
L003858,C00051,B017,Business,155400,11.68,60,2025-10-25,2025-11-10,Approved,Current
L003859,C03008,B015,Education,32500,11.44,48,2024-03-10,2024-03-29,Approved,Current
L003860,C00476,B011,Home,77000,13.48,60,2023-05-03,2023-05-21,Approved,Default
L003861,C02005,B012,Business,85900,12.72,24,2025-10-10,2025-10-19,Approved,Current
L003862,C04990,B020,Personal,13800,9.17,36,2024-09-17,2024-10-04,Approved,Current
L003863,C00157,B030,Auto,33500,15.37,72,2025-08-09,2025-08-29,Approved,Current
L003864,C04762,B016,Business,166600,16.81,24,2025-01-28,2025-02-14,Approved,Default
L003865,C02784,B015,Auto,13000,13.9,48,2025-05-25,2025-05-28,Approved,Current
L003866,C02020,B020,Business,74400,11.89,48,2023-01-18,2023-02-02,Approved,Current
L003867,C01687,B018,Home,117700,12.11,36,2024-11-15,2024-11-25,Approved,Current
L003868,C04171,B027,Home,120500,12.32,72,2024-05-25,2024-06-13,Approved,Current
L003869,C03859,B022,Personal,11400,14.49,60,2024-12-22,2024-12-27,Approved,Current
L003870,C02415,B027,Personal,18700,10.96,60,2023-09-01,2023-09-14,Approved,Current
L003871,C02804,B013,Auto,42700,9.67,84,2023-01-09,2023-01-13,Approved,Current
L003872,C03250,B027,Auto,0,14.06,84,2025-06-16,2025-06-30,Rejected,Current
L003873,C02156,B005,Personal,19900,13.82,72,2023-05-02,2023-05-22,Approved,Default
L003874,C01827,B017,Personal,0,12.4,48,2024-04-24,2024-05-01,Rejected,Current
L003875,C03758,B002,Home,685100,12.19,36,2025-05-01,2025-05-07,Approved,Current
L003876,C00093,B022,Auto,0,12.72,60,2025-04-19,2025-04-30,Rejected,Current
L003877,C04277,B030,Auto,56100,13.66,72,2025-04-15,2025-04-26,Approved,Current
L003878,C00671,B003,Personal,0,13.44,84,2025-05-06,2025-05-24,Rejected,Current
L003879,C02144,B007,Business,252600,10.68,60,2024-06-26,2024-07-03,Approved,Current
L003880,C00232,B017,Personal,0,12.05,60,2023-10-02,2023-10-21,Rejected,Current
L003881,C03990,B015,Auto,20100,12.02,36,2023-03-12,2023-03-15,Approved,Current
L003882,C01603,B007,Personal,21300,11.23,36,2025-05-11,2025-05-20,Approved,Current
L003883,C02952,B003,Education,32100,13.14,60,2025-11-08,2025-11-22,Approved,Current
L003884,C01773,B029,Personal,28200,12.83,36,2025-12-12,2025-12-29,Approved,Current
L003885,C02067,B006,Auto,19800,13.32,36,2025-10-18,2025-10-21,Approved,Current
L003886,C01311,B017,Home,371200,11.51,48,2025-09-18,2025-09-24,Approved,Current
L003887,C00159,B027,Personal,0,11.78,72,2024-08-09,2024-08-20,Rejected,Current
L003888,C03779,B001,Personal,28600,12.51,84,2024-07-11,2024-07-24,Approved,Current
L003889,C01587,B017,Home,219400,16.61,36,2024-10-03,2024-10-17,Approved,Current
L003890,C00378,B022,Business,0,14.44,24,2024-11-09,2024-11-12,Rejected,Current
L003891,C03296,B002,Personal,20500,15.77,36,2023-04-01,2023-04-10,Approved,Current
L003892,C00714,B026,Auto,0,9.93,48,2025-07-03,2025-07-09,Rejected,Current
L003893,C04188,B008,Auto,94000,10.0,60,2023-12-25,2024-01-05,Approved,Current
L003894,C02224,B015,Personal,5900,12.64,48,2024-12-05,2024-12-13,Approved,Default
L003895,C04072,B025,Personal,24200,15.04,72,2024-02-23,2024-03-14,Approved,Current
L003896,C02783,B015,Education,28700,11.43,60,2024-06-06,2024-06-14,Approved,Current
L003897,C00738,B006,Home,0,12.75,48,2023-07-06,2023-07-21,Rejected,Current
L003898,C02501,B011,Personal,4900,13.5,60,2025-03-21,2025-04-05,Approved,Current
L003899,C03147,B009,Auto,44000,12.02,84,2025-05-06,2025-05-14,Approved,Current
L003900,C01864,B027,Personal,16800,11.19,36,2024-12-27,2025-01-09,Approved,Current
L003901,C00492,B013,Home,116900,11.58,36,2023-01-05,2023-01-20,Approved,Current
L003902,C03005,B012,Personal,18400,14.49,36,2025-03-10,2025-03-26,Approved,Current
L003903,C03614,B011,Education,23800,14.33,48,2023-10-30,2023-11-01,Approved,Current
L003904,C01530,B023,Home,0,12.08,48,2023-03-31,2023-04-03,Rejected,Current
L003905,C00946,B026,Education,29400,11.21,36,2024-07-15,2024-07-31,Approved,Current
L003906,C03641,B003,Home,254500,13.87,60,2023-12-21,2023-12-31,Approved,Default
L003907,C00702,B012,Home,136800,13.3,36,2023-07-21,2023-08-10,Approved,Current
L003908,C03957,B025,Education,0,12.77,60,2025-08-11,2025-08-12,Rejected,Current
L003909,C02485,B023,Home,196300,11.87,60,2024-11-25,2024-11-30,Approved,Current
L003910,C02756,B021,Home,328800,10.76,72,2025-04-05,2025-04-08,Approved,Current
L003911,C03269,B029,Personal,17000,11.67,24,2025-10-09,2025-10-16,Approved,Current
L003912,C03103,B028,Education,43500,9.28,36,2024-03-05,2024-03-23,Approved,Current
L003913,C01868,B007,Personal,15200,8.55,48,2024-12-22,2025-01-05,Approved,Current
L003914,C04126,B013,Business,280300,11.01,60,2024-12-02,2024-12-16,Approved,Default
L003915,C03806,B003,Home,145500,13.79,36,2023-04-24,2023-05-08,Approved,Current
L003916,C03034,B017,Personal,12300,12.51,60,2024-06-15,2024-06-16,Approved,Current
L003917,C04780,B019,Personal,17000,13.22,48,2024-05-19,2024-06-06,Approved,Current
L003918,C00390,B024,Education,18800,14.44,12,2025-05-13,2025-05-16,Approved,Current
L003919,C01244,B020,Auto,16100,11.7,36,2025-11-19,2025-12-02,Approved,Current
L003920,C03348,B022,Auto,0,11.49,60,2024-01-22,2024-02-11,Rejected,Current
L003921,C00012,B010,Home,34300,11.28,60,2025-08-25,2025-09-09,Approved,Current
L003922,C01517,B016,Personal,0,12.21,72,2023-02-23,2023-03-15,Rejected,Current
L003923,C01621,B005,Auto,0,12.19,48,2024-11-17,2024-12-05,Rejected,Current
L003924,C01758,B006,Auto,34600,13.61,60,2025-09-05,2025-09-08,Approved,Default
L003925,C00049,B012,Auto,9600,14.36,36,2025-01-31,2025-02-19,Approved,Current
L003926,C01716,B001,Home,250100,11.55,36,2023-01-10,2023-01-25,Approved,Current
L003927,C00261,B018,Education,40200,14.04,36,2023-05-15,2023-06-02,Approved,Current
L003928,C00320,B016,Personal,7300,11.55,24,2024-07-26,2024-07-27,Approved,Current
L003929,C04282,B025,Personal,0,16.58,48,2024-06-09,2024-06-27,Rejected,Current
L003930,C02277,B019,Education,37200,11.56,60,2023-09-15,2023-09-20,Approved,Current
L003931,C01928,B002,Auto,53700,16.58,12,2024-03-19,2024-03-31,Approved,Current
L003932,C02833,B005,Home,82500,11.49,48,2023-10-28,2023-11-16,Approved,Current
L003933,C04117,B026,Business,39200,7.8,24,2025-11-15,2025-12-05,Approved,Current
L003934,C00016,B027,Home,422800,14.95,60,2025-10-11,2025-10-30,Approved,Current
L003935,C02528,B005,Personal,11500,9.28,24,2025-08-21,2025-08-22,Approved,Current
L003936,C03867,B022,Auto,23900,12.33,24,2025-11-28,2025-12-01,Approved,Current
L003937,C04102,B019,Personal,25500,13.86,12,2025-09-26,2025-09-27,Approved,Current
L003938,C02346,B011,Personal,9500,11.92,48,2024-09-19,2024-10-06,Approved,Current
L003939,C00941,B021,Personal,15600,10.87,60,2023-07-20,2023-07-29,Approved,Current
L003940,C00259,B005,Home,0,12.66,36,2024-01-16,2024-01-21,Rejected,Current
L003941,C01064,B011,Personal,8200,10.81,12,2024-10-28,2024-11-02,Approved,Current
L003942,C00276,B011,Business,0,11.81,72,2025-05-17,2025-05-28,Rejected,Current
L003943,C02792,B008,Auto,0,14.44,72,2023-10-30,2023-11-16,Rejected,Current
L003944,C02567,B021,Personal,11800,12.45,48,2023-05-22,2023-06-07,Approved,Current
L003945,C04923,B016,Auto,61400,10.05,60,2024-06-11,2024-06-16,Approved,Current
L003946,C01931,B011,Business,0,9.49,60,2025-11-18,2025-11-30,Rejected,Current
L003947,C03583,B001,Auto,36900,14.14,48,2023-09-17,2023-10-01,Approved,Current
L003948,C01332,B015,Personal,24100,12.34,48,2025-08-18,2025-08-28,Approved,Current
L003949,C01557,B017,Personal,23800,11.8,60,2023-04-24,2023-05-07,Approved,Current
L003950,C00480,B016,Business,65600,12.51,60,2023-01-08,2023-01-23,Approved,Current
L003951,C04510,B017,Personal,20500,16.33,60,2023-09-12,2023-09-18,Approved,Current
L003952,C03047,B025,Personal,0,14.1,48,2023-03-25,2023-03-30,Rejected,Current
L003953,C03595,B023,Auto,0,13.91,60,2025-10-16,2025-11-01,Rejected,Current
L003954,C01489,B015,Personal,17200,13.19,24,2025-11-05,2025-11-11,Approved,Current
L003955,C02825,B019,Education,0,15.83,60,2023-04-06,2023-04-17,Rejected,Current
L003956,C02093,B011,Business,47200,15.05,12,2023-05-02,2023-05-11,Approved,Current
L003957,C00830,B026,Auto,21600,11.18,60,2023-08-14,2023-08-19,Approved,Current
L003958,C04371,B002,Business,0,14.36,60,2023-01-29,2023-02-09,Rejected,Current
L003959,C01935,B002,Home,435600,13.81,84,2024-08-10,2024-08-16,Approved,Current
L003960,C02701,B016,Business,93300,11.49,48,2023-02-03,2023-02-20,Approved,Current
L003961,C00144,B022,Auto,44100,11.52,24,2025-12-10,2025-12-19,Approved,Current
L003962,C04931,B022,Personal,0,10.87,36,2023-05-13,2023-05-21,Rejected,Current
L003963,C02805,B006,Education,9000,14.15,36,2024-06-11,2024-06-18,Approved,Default
L003964,C01887,B002,Business,0,12.72,60,2023-07-03,2023-07-08,Rejected,Current
L003965,C02595,B007,Education,23600,13.33,24,2025-06-14,2025-07-01,Approved,Current
L003966,C00784,B011,Auto,34600,14.05,24,2025-09-11,2025-09-20,Approved,Current
L003967,C04274,B010,Home,175000,10.14,36,2024-08-26,2024-09-14,Approved,Current
L003968,C02830,B016,Personal,15400,13.63,36,2025-03-13,2025-03-25,Approved,Current
L003969,C02199,B019,Personal,0,10.0,72,2023-02-02,2023-02-10,Rejected,Current
L003970,C00611,B001,Personal,21700,12.13,24,2024-05-07,2024-05-23,Approved,Current
L003971,C03519,B003,Personal,8500,14.58,36,2023-05-23,2023-06-06,Approved,Current
L003972,C00541,B006,Auto,49700,11.81,36,2023-05-03,2023-05-17,Approved,Current
L003973,C02198,B007,Auto,0,12.6,24,2024-08-14,2024-09-02,Rejected,Current
L003974,C02310,B010,Home,576700,10.69,24,2025-01-23,2025-01-26,Approved,Current
L003975,C00413,B027,Home,155500,14.55,72,2023-12-31,2024-01-07,Approved,Default
L003976,C01784,B003,Home,142100,11.05,60,2023-09-21,2023-09-27,Approved,Current
L003977,C04588,B013,Auto,23500,9.6,72,2023-03-29,2023-04-03,Approved,Current
L003978,C01728,B010,Education,21600,12.04,36,2024-04-04,2024-04-20,Approved,Current
L003979,C01428,B014,Auto,44700,11.15,48,2025-12-11,2025-12-22,Approved,Current
L003980,C03511,B012,Personal,17600,13.41,36,2023-11-28,2023-11-29,Approved,Current
L003981,C01638,B012,Home,0,12.02,36,2025-06-06,2025-06-16,Rejected,Current
L003982,C04577,B024,Business,0,13.1,60,2025-11-25,2025-12-12,Rejected,Current
L003983,C00180,B003,Home,188200,10.3,48,2023-04-09,2023-04-16,Approved,Current
L003984,C03397,B029,Education,34400,13.34,24,2023-05-21,2023-05-24,Approved,Current
L003985,C04678,B006,Personal,34800,11.77,12,2024-05-08,2024-05-13,Approved,Current
L003986,C01643,B014,Personal,25800,13.1,36,2025-10-11,2025-10-23,Approved,Current
L003987,C01295,B011,Personal,21000,11.19,24,2023-01-08,2023-01-18,Approved,Current
L003988,C01583,B002,Business,119900,14.87,60,2025-04-24,2025-04-27,Approved,Current
L003989,C03537,B025,Home,98100,9.85,60,2025-05-03,2025-05-19,Approved,Current
L003990,C00364,B023,Personal,0,12.04,60,2025-05-05,2025-05-11,Rejected,Current
L003991,C02117,B008,Personal,24100,11.17,36,2024-02-18,2024-03-05,Approved,Current
L003992,C02356,B011,Home,261300,10.11,48,2025-06-27,2025-07-05,Approved,Current
L003993,C04519,B012,Education,27600,11.83,36,2025-10-28,2025-11-17,Approved,Current
L003994,C02562,B027,Home,52300,13.41,36,2025-08-22,2025-09-11,Approved,Current
L003995,C03117,B018,Personal,0,11.29,60,2023-12-29,2024-01-07,Rejected,Current
L003996,C02543,B026,Home,192900,9.67,36,2024-01-11,2024-01-24,Approved,Current
L003997,C04021,B004,Home,117700,8.05,36,2023-10-05,2023-10-07,Approved,Current
L003998,C00884,B030,Auto,0,12.41,72,2024-05-18,2024-05-27,Rejected,Current
L003999,C01173,B024,Home,153500,11.63,24,2023-03-20,2023-04-02,Approved,Current
L004000,C01785,B028,Auto,0,12.51,60,2024-11-30,2024-12-14,Rejected,Current
L004001,C04675,B013,Education,55900,13.42,48,2024-10-21,2024-11-03,Approved,Current
L004002,C03969,B029,Personal,19800,9.9,60,2023-04-05,2023-04-24,Approved,Current
L004003,C02163,B009,Business,69500,11.81,24,2024-03-28,2024-04-13,Approved,Current
L004004,C02676,B030,Education,22900,10.88,36,2024-09-25,2024-10-13,Approved,Current
L004005,C04333,B014,Home,0,12.68,60,2024-11-07,2024-11-23,Rejected,Current
L004006,C02095,B020,Personal,20300,10.58,60,2023-08-10,2023-08-12,Approved,Current
L004007,C02322,B022,Business,120700,9.28,60,2025-02-09,2025-02-10,Approved,Current
L004008,C00113,B005,Auto,25100,11.56,60,2024-08-09,2024-08-19,Approved,Current
L004009,C00792,B022,Personal,0,13.03,36,2025-01-03,2025-01-17,Rejected,Current
L004010,C01316,B012,Home,237000,11.85,60,2024-08-27,2024-09-13,Approved,Current
L004011,C02364,B003,Auto,25800,10.83,24,2024-03-05,2024-03-23,Approved,Current
L004012,C03234,B005,Personal,0,15.91,24,2023-05-01,2023-05-08,Rejected,Current
L004013,C00051,B012,Auto,19700,11.17,48,2025-11-23,2025-12-10,Approved,Current
L004014,C03496,B028,Auto,75800,15.11,48,2023-05-10,2023-05-14,Approved,Current
L004015,C00144,B027,Business,37400,10.48,48,2024-09-03,2024-09-15,Approved,Current
L004016,C03688,B023,Auto,66000,10.87,60,2025-06-02,2025-06-10,Approved,Current
L004017,C02576,B004,Auto,12400,14.47,48,2025-11-25,2025-11-27,Approved,Default
L004018,C04486,B005,Auto,20900,13.03,12,2023-06-17,2023-07-06,Approved,Current
L004019,C02021,B006,Personal,0,12.92,72,2023-07-25,2023-08-08,Rejected,Current
L004020,C03731,B013,Business,0,13.68,60,2025-03-04,2025-03-21,Rejected,Current
L004021,C00749,B009,Auto,32500,12.62,72,2023-03-16,2023-04-02,Approved,Current
L004022,C00875,B009,Business,84500,10.43,48,2024-09-24,2024-10-02,Approved,Current
L004023,C02945,B029,Business,56800,14.34,12,2023-03-16,2023-03-22,Approved,Current
L004024,C04804,B025,Auto,0,15.06,60,2023-05-17,2023-05-27,Rejected,Current
L004025,C01209,B017,Personal,13600,12.02,48,2025-07-06,2025-07-13,Approved,Current
L004026,C03734,B019,Education,24700,13.14,12,2023-09-18,2023-09-20,Approved,Current
L004027,C00214,B002,Home,151900,11.59,48,2024-09-01,2024-09-16,Approved,Current
L004028,C04109,B022,Education,41600,13.95,72,2025-03-08,2025-03-13,Approved,Current
L004029,C01819,B015,Home,281300,10.31,36,2024-08-08,2024-08-11,Approved,Current
L004030,C03495,B009,Personal,11000,9.98,36,2023-08-04,2023-08-13,Approved,Current
L004031,C00486,B002,Business,67300,13.56,60,2025-02-23,2025-02-28,Approved,Current
L004032,C03016,B014,Business,63700,8.78,60,2023-12-30,2024-01-19,Approved,Current
L004033,C03724,B016,Business,105100,9.04,60,2023-03-08,2023-03-14,Approved,Current
L004034,C03480,B007,Personal,29600,12.64,60,2023-08-19,2023-08-23,Approved,Current
L004035,C04215,B017,Business,0,15.16,36,2024-01-18,2024-01-22,Rejected,Current
L004036,C04028,B026,Auto,9600,9.43,12,2023-08-23,2023-09-09,Approved,Current
L004037,C04938,B014,Home,0,12.61,60,2023-06-03,2023-06-18,Rejected,Current
L004038,C03119,B012,Education,13300,8.68,84,2025-11-01,2025-11-08,Approved,Current
L004039,C00664,B010,Auto,21600,13.47,72,2025-11-26,2025-12-15,Approved,Current
L004040,C01024,B026,Personal,20100,11.31,36,2023-01-12,2023-01-23,Approved,Current
L004041,C04883,B004,Home,176700,12.27,36,2023-06-23,2023-06-26,Approved,Current
L004042,C04443,B012,Auto,51700,10.45,84,2023-06-04,2023-06-19,Approved,Current
L004043,C00237,B017,Business,67900,9.33,84,2025-04-25,2025-05-14,Approved,Current
L004044,C03285,B001,Personal,10600,11.23,60,2024-06-02,2024-06-19,Approved,Current
L004045,C03344,B026,Business,0,11.22,48,2025-09-28,2025-10-04,Rejected,Current
L004046,C02126,B023,Business,0,10.57,48,2023-08-24,2023-08-29,Rejected,Current
L004047,C03218,B013,Personal,25400,13.6,36,2025-11-27,2025-12-10,Approved,Default
L004048,C01956,B026,Personal,18900,11.04,60,2023-10-25,2023-11-11,Approved,Current
L004049,C00229,B005,Auto,66400,8.7,24,2023-05-03,2023-05-05,Approved,Current
L004050,C04939,B008,Business,0,9.29,36,2023-10-25,2023-11-12,Rejected,Current
L004051,C03413,B028,Auto,49400,10.01,60,2025-01-27,2025-02-06,Approved,Current
L004052,C02887,B002,Business,0,10.59,72,2025-05-24,2025-06-01,Rejected,Current
L004053,C04260,B022,Auto,49200,12.65,60,2025-11-30,2025-12-08,Approved,Current
L004054,C04478,B009,Auto,0,12.73,48,2023-12-04,2023-12-22,Rejected,Current
L004055,C04678,B019,Personal,0,11.29,60,2025-09-16,2025-09-28,Rejected,Current
L004056,C02820,B022,Personal,12400,11.84,48,2023-05-01,2023-05-06,Approved,Current
L004057,C02990,B014,Auto,29100,11.74,60,2025-02-19,2025-02-23,Approved,Default
L004058,C01087,B025,Business,0,14.32,60,2025-05-03,2025-05-16,Rejected,Current
L004059,C01994,B003,Home,203100,14.06,12,2025-07-29,2025-08-02,Approved,Default
L004060,C04342,B021,Auto,0,14.9,36,2024-06-27,2024-06-28,Rejected,Current
L004061,C03046,B006,Auto,0,13.25,60,2024-02-28,2024-03-10,Rejected,Current
L004062,C03306,B017,Personal,0,10.99,36,2025-09-20,2025-09-29,Rejected,Current
L004063,C01993,B016,Auto,27200,11.91,48,2025-05-30,2025-06-16,Approved,Current
L004064,C03600,B024,Home,0,11.41,60,2023-11-22,2023-12-12,Rejected,Current
L004065,C03588,B026,Auto,10600,9.64,48,2025-08-13,2025-08-24,Approved,Current
L004066,C01306,B019,Auto,48900,13.97,60,2023-10-18,2023-10-28,Approved,Default
L004067,C04460,B016,Business,0,11.99,36,2023-11-27,2023-12-14,Rejected,Current
L004068,C00920,B030,Home,167900,13.06,60,2025-06-30,2025-07-03,Approved,Current
L004069,C00042,B028,Home,352500,12.12,48,2023-11-12,2023-12-01,Approved,Current
L004070,C01283,B010,Home,0,16.15,48,2025-12-01,2025-12-04,Rejected,Current
L004071,C03566,B024,Business,0,14.28,24,2024-11-02,2024-11-08,Rejected,Current
L004072,C02121,B017,Home,0,14.56,60,2023-10-06,2023-10-26,Rejected,Current
L004073,C03146,B020,Personal,25800,10.7,36,2023-06-09,2023-06-15,Approved,Default
L004074,C02683,B016,Education,0,15.6,36,2025-05-19,2025-05-26,Rejected,Current
L004075,C04497,B004,Home,287900,11.01,24,2023-06-05,2023-06-06,Approved,Current
L004076,C03151,B024,Personal,27400,13.12,48,2025-07-17,2025-07-25,Approved,Current
L004077,C03725,B016,Auto,19300,13.54,36,2025-01-13,2025-01-29,Approved,Current
L004078,C01834,B020,Auto,33200,12.9,24,2024-11-12,2024-12-02,Approved,Current
L004079,C02518,B020,Home,112700,12.16,60,2023-10-12,2023-10-27,Approved,Current
L004080,C03837,B023,Auto,40500,10.61,12,2025-01-24,2025-02-12,Approved,Current
L004081,C03863,B026,Personal,28300,11.77,24,2023-12-24,2024-01-03,Approved,Current
L004082,C00129,B029,Home,0,14.07,48,2024-09-17,2024-09-29,Rejected,Current
L004083,C04475,B024,Personal,0,13.78,36,2025-05-27,2025-06-01,Rejected,Current
L004084,C03187,B016,Home,338100,13.83,36,2023-09-25,2023-09-28,Approved,Current
L004085,C01346,B022,Auto,93100,14.33,48,2025-08-05,2025-08-18,Approved,Current
L004086,C02437,B020,Home,242800,10.85,48,2025-07-05,2025-07-24,Approved,Current
L004087,C02834,B029,Auto,43700,12.87,48,2025-08-20,2025-08-23,Approved,Current
L004088,C04560,B029,Home,154100,10.71,60,2023-12-23,2024-01-12,Approved,Current
L004089,C04643,B016,Home,204300,13.04,48,2025-08-02,2025-08-05,Approved,Current
L004090,C04505,B023,Personal,21800,9.31,84,2025-10-18,2025-11-03,Approved,Current
L004091,C04714,B025,Personal,16300,15.36,60,2023-11-14,2023-11-26,Approved,Current
L004092,C04857,B002,Personal,37800,12.61,24,2025-05-01,2025-05-19,Approved,Current
L004093,C03224,B012,Auto,35300,11.23,36,2025-10-16,2025-11-02,Approved,Current
L004094,C03477,B019,Business,112400,11.47,48,2023-10-29,2023-11-15,Approved,Current
L004095,C02539,B017,Auto,29300,13.46,48,2024-08-06,2024-08-23,Approved,Current
L004096,C02855,B007,Auto,0,12.91,12,2024-09-10,2024-09-17,Rejected,Current
L004097,C01436,B022,Home,361600,13.91,48,2025-09-14,2025-09-28,Approved,Default
L004098,C00256,B010,Auto,34700,13.16,60,2025-12-09,2025-12-20,Approved,Current
L004099,C02418,B024,Auto,35100,7.69,48,2023-12-27,2024-01-12,Approved,Current
L004100,C01754,B018,Personal,0,12.43,72,2024-05-28,2024-06-01,Rejected,Current
L004101,C04747,B005,Education,22900,14.25,48,2025-08-17,2025-09-05,Approved,Current
L004102,C03412,B001,Personal,8300,13.35,60,2025-05-19,2025-05-27,Approved,Current
L004103,C00076,B026,Home,439300,12.73,48,2023-08-03,2023-08-08,Approved,Current
L004104,C03612,B025,Home,332900,11.65,72,2023-05-18,2023-05-21,Approved,Current
L004105,C00505,B018,Business,188800,14.06,36,2025-05-26,2025-05-29,Approved,Current
L004106,C03393,B013,Education,15500,11.09,60,2025-05-09,2025-05-26,Approved,Current
L004107,C01993,B007,Education,62000,12.48,48,2024-01-19,2024-01-25,Approved,Current
L004108,C04758,B007,Auto,94400,13.11,60,2024-04-23,2024-05-03,Approved,Current
L004109,C03379,B014,Auto,56800,13.11,48,2023-01-02,2023-01-11,Approved,Current
L004110,C02395,B012,Personal,44600,13.37,24,2025-03-30,2025-04-05,Approved,Current
L004111,C01417,B020,Home,0,14.1,48,2023-05-22,2023-05-24,Rejected,Current
L004112,C02230,B006,Business,59600,10.99,60,2023-01-28,2023-01-31,Approved,Current
L004113,C00240,B018,Home,244600,10.16,72,2023-09-14,2023-09-25,Approved,Current
L004114,C01778,B002,Personal,10300,12.1,36,2025-08-12,2025-08-27,Approved,Default
L004115,C04261,B009,Personal,13000,8.97,36,2025-10-06,2025-10-20,Approved,Current
L004116,C04159,B029,Home,220200,14.14,36,2025-09-23,2025-10-06,Approved,Current
L004117,C02403,B001,Personal,19900,12.09,48,2025-02-23,2025-03-12,Approved,Current
L004118,C04147,B022,Home,0,13.78,72,2024-03-13,2024-03-24,Rejected,Current
L004119,C02632,B001,Home,69000,9.93,36,2024-04-23,2024-04-29,Approved,Current
L004120,C03907,B011,Home,170000,14.2,24,2025-10-16,2025-10-18,Approved,Current
L004121,C03011,B027,Personal,24300,14.17,48,2024-02-24,2024-02-25,Approved,Default
L004122,C03390,B022,Business,0,14.37,12,2025-02-20,2025-02-24,Rejected,Current
L004123,C04077,B004,Auto,50100,12.93,36,2024-04-19,2024-04-28,Approved,Current
L004124,C01215,B021,Auto,36700,9.36,48,2025-05-17,2025-05-28,Approved,Current
L004125,C00670,B029,Auto,26000,12.59,48,2023-09-03,2023-09-09,Approved,Current
L004126,C03562,B020,Home,243800,14.87,60,2024-06-17,2024-07-03,Approved,Current
L004127,C00616,B005,Business,80600,13.35,60,2025-01-05,2025-01-15,Approved,Current
L004128,C04659,B019,Education,0,11.1,36,2023-12-13,2023-12-16,Rejected,Current
L004129,C01131,B027,Personal,22800,15.98,36,2023-08-18,2023-08-28,Approved,Current
L004130,C01522,B011,Personal,0,15.13,84,2024-12-09,2024-12-21,Rejected,Current
L004131,C04452,B022,Auto,21000,13.31,36,2025-10-18,2025-10-19,Approved,Default
L004132,C02665,B001,Personal,33300,12.44,24,2025-03-13,2025-03-23,Approved,Current
L004133,C04863,B018,Education,0,14.51,60,2023-06-06,2023-06-16,Rejected,Current
L004134,C00304,B022,Auto,101700,12.41,36,2023-07-21,2023-07-25,Approved,Current
L004135,C03980,B012,Home,247100,12.75,60,2023-03-30,2023-04-08,Approved,Current
L004136,C01895,B009,Home,258700,11.76,60,2023-06-19,2023-06-28,Approved,Current
L004137,C01516,B005,Auto,0,14.03,24,2024-05-22,2024-06-03,Rejected,Current
L004138,C00584,B014,Personal,21400,12.01,48,2024-05-03,2024-05-14,Approved,Current
L004139,C00367,B018,Business,79800,10.98,36,2023-10-27,2023-11-02,Approved,Current
L004140,C02047,B021,Personal,28400,12.34,84,2025-10-10,2025-10-17,Approved,Default
L004141,C00459,B006,Education,33700,10.84,60,2023-03-18,2023-03-27,Approved,Current
L004142,C00120,B028,Personal,0,13.65,24,2023-07-07,2023-07-18,Rejected,Current
L004143,C03285,B002,Auto,103400,9.45,36,2025-02-01,2025-02-18,Approved,Current
L004144,C03255,B015,Personal,0,11.42,24,2025-06-18,2025-06-29,Rejected,Current
L004145,C03566,B014,Home,0,14.47,12,2024-10-04,2024-10-22,Rejected,Current
L004146,C03303,B011,Auto,46600,13.4,36,2024-04-22,2024-05-01,Approved,Current
L004147,C04460,B011,Personal,0,14.83,36,2025-11-12,2025-11-29,Rejected,Current
L004148,C01969,B026,Home,0,13.3,36,2025-11-26,2025-12-12,Rejected,Current
L004149,C02532,B027,Home,257500,10.97,48,2023-01-18,2023-02-01,Approved,Current
L004150,C00852,B011,Home,295500,9.98,36,2025-05-09,2025-05-10,Approved,Default
L004151,C01930,B023,Home,307100,10.79,72,2025-07-22,2025-07-24,Approved,Current
L004152,C01944,B024,Business,211400,12.78,60,2023-03-13,2023-03-24,Approved,Current
L004153,C00764,B008,Personal,11500,13.48,24,2024-03-31,2024-04-07,Approved,Current
L004154,C03297,B022,Personal,14500,14.13,36,2025-10-19,2025-10-29,Approved,Current
L004155,C02679,B014,Home,480500,11.37,84,2023-04-29,2023-05-11,Approved,Current
L004156,C03812,B027,Business,0,12.73,36,2024-04-21,2024-05-02,Rejected,Current
L004157,C00902,B020,Business,90700,12.19,24,2024-08-03,2024-08-05,Approved,Current
L004158,C01519,B002,Auto,34700,11.72,36,2025-06-25,2025-07-09,Approved,Current
L004159,C03257,B026,Business,86200,15.09,60,2025-08-15,2025-08-24,Approved,Current
L004160,C03987,B001,Business,0,14.56,48,2025-07-01,2025-07-13,Rejected,Current
L004161,C00742,B013,Personal,23400,13.65,12,2023-10-03,2023-10-13,Approved,Default
L004162,C03554,B024,Personal,0,11.83,36,2023-04-02,2023-04-04,Rejected,Current
L004163,C01694,B021,Home,130500,13.43,24,2024-01-03,2024-01-15,Approved,Current
L004164,C02130,B009,Personal,21000,14.71,36,2024-06-13,2024-06-16,Approved,Current
L004165,C04012,B029,Auto,0,15.3,24,2024-05-07,2024-05-20,Rejected,Current
L004166,C03253,B011,Auto,0,11.02,36,2025-07-13,2025-08-01,Rejected,Current
L004167,C01366,B008,Auto,29700,12.87,60,2023-04-12,2023-04-25,Approved,Current
L004168,C00196,B030,Personal,12300,12.25,60,2023-09-28,2023-10-14,Approved,Current
L004169,C00151,B015,Business,116700,14.29,60,2023-11-03,2023-11-04,Approved,Current
L004170,C04524,B018,Home,220400,11.91,60,2024-01-22,2024-01-30,Approved,Current
L004171,C00331,B025,Home,124200,11.83,36,2023-10-04,2023-10-17,Approved,Current
L004172,C03111,B015,Education,49200,14.9,48,2025-08-14,2025-08-21,Approved,Current
L004173,C03325,B028,Personal,46000,13.66,48,2023-09-16,2023-09-18,Approved,Current
L004174,C00890,B011,Home,190100,11.7,48,2025-08-03,2025-08-16,Approved,Current
L004175,C00955,B020,Auto,37800,11.6,72,2024-06-03,2024-06-15,Approved,Current
L004176,C03690,B016,Business,0,12.39,72,2025-02-09,2025-02-26,Rejected,Current
L004177,C04450,B019,Personal,27000,10.27,36,2024-04-03,2024-04-12,Approved,Current
L004178,C02949,B014,Auto,41300,13.55,48,2025-05-29,2025-06-08,Approved,Current
L004179,C03242,B009,Education,23400,11.76,24,2025-07-17,2025-07-20,Approved,Current
L004180,C02396,B018,Home,0,11.94,60,2024-06-14,2024-06-25,Rejected,Current
L004181,C02045,B012,Personal,0,13.11,48,2025-08-03,2025-08-15,Rejected,Current
L004182,C03600,B022,Auto,39500,13.53,72,2025-11-11,2025-11-18,Approved,Current
L004183,C03991,B015,Personal,10900,17.03,48,2023-08-23,2023-09-02,Approved,Current
L004184,C04015,B010,Home,296200,10.23,60,2025-04-29,2025-05-09,Approved,Current
L004185,C02056,B023,Business,107800,12.87,36,2024-01-25,2024-02-14,Approved,Current
L004186,C02671,B024,Auto,33100,13.72,60,2024-04-08,2024-04-18,Approved,Current
L004187,C01576,B019,Personal,30800,12.11,12,2024-06-24,2024-06-28,Approved,Current
L004188,C01853,B010,Home,44000,13.46,24,2023-01-29,2023-02-08,Approved,Current
L004189,C02214,B018,Auto,11800,15.61,48,2023-05-13,2023-05-23,Approved,Default
L004190,C01227,B015,Home,395000,9.7,72,2024-06-17,2024-06-21,Approved,Current
L004191,C01664,B030,Auto,29800,12.05,72,2024-10-09,2024-10-16,Approved,Current
L004192,C00364,B015,Business,75100,12.78,48,2023-03-23,2023-04-10,Approved,Current
L004193,C01948,B018,Home,88600,9.72,24,2025-05-25,2025-05-28,Approved,Current
L004194,C04754,B002,Education,0,14.31,60,2025-10-04,2025-10-19,Rejected,Current
L004195,C03633,B010,Education,0,13.04,24,2025-08-31,2025-09-05,Rejected,Current
L004196,C03482,B007,Personal,39800,11.87,36,2024-10-25,2024-11-03,Approved,Current
L004197,C01275,B013,Personal,22100,12.32,36,2024-05-02,2024-05-22,Approved,Current
L004198,C01446,B010,Home,0,11.94,72,2024-03-09,2024-03-21,Rejected,Current
L004199,C04828,B020,Personal,0,11.25,60,2024-03-04,2024-03-20,Rejected,Current
L004200,C02958,B023,Home,340600,13.23,12,2024-07-30,2024-08-10,Approved,Current
L004201,C03457,B013,Home,302000,13.04,60,2024-03-22,2024-04-08,Approved,Current
L004202,C02166,B022,Personal,25300,10.06,48,2023-05-19,2023-05-22,Approved,Current
L004203,C01010,B028,Personal,20900,11.4,60,2023-02-11,2023-02-26,Approved,Current
L004204,C02820,B027,Personal,13100,9.62,60,2023-08-24,2023-08-28,Approved,Current
L004205,C01729,B020,Personal,10200,11.91,84,2023-12-14,2023-12-23,Approved,Current
L004206,C00696,B005,Home,96100,14.04,36,2023-07-17,2023-07-25,Approved,Current
L004207,C04618,B011,Home,229800,14.47,72,2023-03-03,2023-03-21,Approved,Current
L004208,C02385,B008,Education,0,12.34,36,2025-11-23,2025-11-27,Rejected,Current
L004209,C01383,B006,Personal,32900,12.79,84,2025-10-13,2025-10-18,Approved,Current
L004210,C02496,B003,Education,38100,14.12,36,2024-01-08,2024-01-17,Approved,Default
L004211,C03606,B010,Personal,0,11.07,60,2025-04-01,2025-04-17,Rejected,Current
L004212,C01848,B008,Auto,29800,8.62,84,2024-02-15,2024-02-19,Approved,Current
L004213,C01729,B023,Personal,0,9.83,36,2024-11-09,2024-11-25,Rejected,Current
L004214,C00653,B020,Business,54800,12.58,60,2023-08-09,2023-08-14,Approved,Current
L004215,C00759,B018,Personal,0,14.9,84,2024-07-28,2024-08-04,Rejected,Current
L004216,C01280,B002,Education,10200,12.63,72,2025-09-13,2025-09-24,Approved,Current
L004217,C00442,B018,Personal,18300,11.33,36,2024-07-07,2024-07-14,Approved,Current
L004218,C04505,B002,Personal,35300,9.88,24,2025-01-30,2025-02-05,Approved,Current
L004219,C04906,B013,Home,0,13.58,48,2023-04-20,2023-05-09,Rejected,Current
L004220,C03489,B024,Business,141300,13.84,60,2023-07-16,2023-08-02,Approved,Current
L004221,C03574,B014,Education,0,12.31,60,2025-06-02,2025-06-08,Rejected,Current
L004222,C04793,B028,Home,135200,12.26,60,2025-08-06,2025-08-25,Approved,Current
L004223,C04194,B021,Business,85700,13.13,60,2024-01-19,2024-02-05,Approved,Current
L004224,C03971,B030,Auto,0,11.69,24,2024-03-28,2024-04-09,Rejected,Current
L004225,C04638,B013,Auto,47500,11.98,48,2023-04-17,2023-04-29,Approved,Current
L004226,C01527,B015,Auto,22800,15.23,48,2023-01-05,2023-01-18,Approved,Default
L004227,C00191,B027,Personal,8400,13.96,60,2023-05-17,2023-05-23,Approved,Current
L004228,C01874,B026,Home,0,10.72,24,2025-03-03,2025-03-22,Rejected,Current
L004229,C03016,B012,Business,69000,11.06,60,2023-06-15,2023-06-16,Approved,Current
L004230,C00258,B012,Home,167800,13.38,72,2024-02-19,2024-03-03,Approved,Current
L004231,C00155,B012,Business,0,15.26,60,2024-01-15,2024-01-20,Rejected,Current
L004232,C02992,B023,Business,168400,10.16,60,2023-07-16,2023-07-17,Approved,Current
L004233,C04094,B012,Business,90100,11.46,24,2024-08-18,2024-08-21,Approved,Current
L004234,C03903,B023,Personal,18500,8.66,60,2023-06-01,2023-06-04,Approved,Current
L004235,C02276,B018,Personal,11400,13.79,60,2024-12-01,2024-12-16,Approved,Current
L004236,C03583,B024,Personal,0,12.36,48,2024-12-23,2025-01-07,Rejected,Current
L004237,C04170,B015,Education,0,13.25,60,2023-01-28,2023-02-01,Rejected,Current
L004238,C02413,B027,Personal,0,10.87,60,2023-04-04,2023-04-12,Rejected,Current
L004239,C00024,B006,Home,164300,11.97,48,2025-09-25,2025-09-28,Approved,Current
L004240,C01742,B008,Personal,0,11.54,36,2025-04-26,2025-05-04,Rejected,Current
L004241,C03161,B013,Personal,0,12.68,48,2023-04-24,2023-05-06,Rejected,Current
L004242,C03606,B003,Personal,19900,9.36,24,2025-04-20,2025-05-08,Approved,Current
L004243,C03372,B019,Personal,11700,10.94,12,2023-09-14,2023-09-27,Approved,Current
L004244,C02092,B030,Home,385800,12.91,36,2023-01-13,2023-01-21,Approved,Current
L004245,C01061,B026,Education,0,10.8,36,2025-01-09,2025-01-26,Rejected,Current
L004246,C03352,B019,Auto,0,12.54,60,2024-07-07,2024-07-16,Rejected,Current
L004247,C00461,B014,Auto,0,14.72,48,2023-02-04,2023-02-11,Rejected,Current
L004248,C02118,B025,Home,224200,12.35,60,2024-07-02,2024-07-17,Approved,Current
L004249,C01607,B028,Business,437200,12.1,60,2023-09-07,2023-09-23,Approved,Current
L004250,C00072,B022,Education,8800,12.68,60,2025-11-09,2025-11-29,Approved,Current
L004251,C04924,B009,Education,14500,10.62,48,2023-09-04,2023-09-12,Approved,Current
L004252,C04273,B002,Personal,36900,11.84,60,2025-04-04,2025-04-20,Approved,Current
L004253,C00707,B028,Business,41400,14.15,84,2023-05-08,2023-05-27,Approved,Current
L004254,C01929,B027,Personal,18100,14.22,60,2024-09-25,2024-10-11,Approved,Default
L004255,C04980,B027,Home,141800,12.16,60,2024-01-09,2024-01-23,Approved,Current
L004256,C02799,B028,Home,130100,11.25,36,2025-07-11,2025-07-27,Approved,Current
L004257,C01178,B026,Auto,0,14.12,48,2025-09-19,2025-09-20,Rejected,Current
L004258,C00154,B025,Auto,26600,12.14,48,2024-08-16,2024-09-03,Approved,Current
L004259,C00030,B010,Personal,0,12.09,36,2023-03-05,2023-03-23,Rejected,Current
L004260,C03312,B019,Business,0,13.36,48,2025-10-26,2025-10-27,Rejected,Current
L004261,C03827,B026,Home,233900,12.95,48,2025-03-09,2025-03-26,Approved,Current
L004262,C04787,B014,Personal,15800,10.74,60,2024-08-21,2024-09-10,Approved,Current
L004263,C01875,B026,Home,213300,13.37,60,2023-06-06,2023-06-13,Approved,Current
L004264,C00237,B008,Home,288000,11.5,60,2024-01-22,2024-01-28,Approved,Current
L004265,C02186,B019,Personal,31200,10.76,72,2025-05-20,2025-06-02,Approved,Current
L004266,C04726,B012,Personal,0,12.9,60,2023-05-28,2023-06-04,Rejected,Current
L004267,C00618,B004,Education,64900,9.97,36,2024-12-20,2024-12-28,Approved,Current
L004268,C01572,B025,Business,0,14.23,60,2023-02-26,2023-03-10,Rejected,Current
L004269,C02438,B026,Personal,33700,11.23,60,2023-03-12,2023-03-28,Approved,Current
L004270,C04456,B029,Auto,47100,11.64,60,2024-05-11,2024-05-14,Approved,Current
L004271,C00582,B020,Home,132300,11.79,60,2023-09-17,2023-09-24,Approved,Current
L004272,C02255,B030,Home,0,13.55,72,2025-11-23,2025-11-29,Rejected,Current
L004273,C00601,B006,Home,218400,13.7,36,2024-12-05,2024-12-18,Approved,Current
L004274,C00979,B014,Personal,0,12.16,12,2024-03-04,2024-03-18,Rejected,Current
L004275,C00515,B007,Home,0,12.34,60,2023-05-22,2023-06-04,Rejected,Current
L004276,C00810,B029,Personal,7800,13.93,24,2023-09-11,2023-09-19,Approved,Current
L004277,C02486,B026,Home,0,14.77,72,2025-02-14,2025-03-05,Rejected,Current
L004278,C01447,B002,Education,0,13.08,60,2023-11-12,2023-11-26,Rejected,Current
L004279,C00469,B007,Education,20400,12.24,60,2023-12-17,2023-12-22,Approved,Current
L004280,C00630,B004,Education,17500,10.56,72,2023-02-11,2023-03-01,Approved,Current
L004281,C03383,B023,Education,50200,12.78,72,2024-02-06,2024-02-10,Approved,Current
L004282,C00114,B019,Personal,17000,14.63,72,2024-01-26,2024-01-27,Approved,Current
L004283,C01226,B011,Auto,105400,13.11,60,2024-01-23,2024-01-24,Approved,Current
L004284,C04343,B012,Personal,0,14.23,36,2025-09-17,2025-09-26,Rejected,Current
L004285,C01617,B017,Business,168300,10.34,12,2023-06-27,2023-07-16,Approved,Current
L004286,C03318,B011,Business,0,15.24,12,2025-01-23,2025-01-24,Rejected,Current
L004287,C04641,B009,Home,0,12.95,60,2025-03-23,2025-04-07,Rejected,Current
L004288,C02671,B023,Home,213800,10.38,24,2024-04-23,2024-05-06,Approved,Current
L004289,C04814,B030,Personal,0,12.29,36,2024-07-11,2024-07-18,Rejected,Current
L004290,C04874,B018,Personal,17100,13.63,48,2024-03-13,2024-03-27,Approved,Current
L004291,C03069,B021,Education,35800,12.75,24,2025-10-25,2025-10-27,Approved,Current
L004292,C02538,B020,Business,0,12.87,84,2025-02-16,2025-03-01,Rejected,Current
L004293,C03175,B029,Personal,17100,9.99,60,2023-04-20,2023-04-28,Approved,Current
L004294,C02638,B026,Personal,0,14.22,48,2024-06-02,2024-06-14,Rejected,Current
L004295,C02223,B023,Personal,10400,14.23,72,2023-11-10,2023-11-23,Approved,Current
L004296,C00052,B018,Education,0,14.33,48,2025-03-25,2025-03-28,Rejected,Current
L004297,C02345,B008,Education,40100,8.85,72,2025-05-09,2025-05-28,Approved,Current
L004298,C02223,B023,Auto,37700,11.75,60,2023-06-08,2023-06-20,Approved,Current
L004299,C04696,B011,Auto,0,10.91,12,2025-09-27,2025-09-29,Rejected,Current
L004300,C04267,B019,Auto,47700,13.3,60,2023-06-04,2023-06-24,Approved,Current
L004301,C03109,B022,Personal,20000,10.92,60,2025-07-13,2025-07-31,Approved,Current
L004302,C01659,B009,Education,28200,10.55,36,2024-01-29,2024-02-14,Approved,Current
L004303,C03558,B017,Home,277200,8.71,48,2024-10-10,2024-10-19,Approved,Current
L004304,C04551,B017,Personal,19400,13.79,24,2025-05-21,2025-06-07,Approved,Current
L004305,C04823,B025,Home,0,11.66,60,2025-05-07,2025-05-25,Rejected,Current
L004306,C00887,B027,Auto,41400,11.26,60,2023-04-11,2023-04-30,Approved,Current
L004307,C03054,B017,Home,181500,14.72,84,2024-07-31,2024-08-07,Approved,Current
L004308,C02803,B017,Auto,0,13.27,60,2025-08-16,2025-08-20,Rejected,Current
L004309,C02198,B012,Business,103500,10.18,48,2025-01-23,2025-01-31,Approved,Current
L004310,C04011,B002,Business,0,14.72,24,2023-09-29,2023-09-30,Rejected,Current
L004311,C00636,B003,Auto,0,14.25,60,2025-11-27,2025-12-07,Rejected,Current
L004312,C03015,B011,Home,0,9.56,36,2024-11-25,2024-11-29,Rejected,Current
L004313,C03886,B020,Personal,49700,12.03,72,2023-05-29,2023-06-15,Approved,Default
L004314,C02083,B028,Home,107900,12.14,36,2024-09-30,2024-10-07,Approved,Current
L004315,C00175,B004,Personal,0,11.77,24,2025-07-20,2025-07-21,Rejected,Current
L004316,C01057,B026,Education,129200,11.4,60,2023-10-25,2023-11-10,Approved,Current
L004317,C01749,B003,Education,17800,10.59,72,2023-03-12,2023-03-22,Approved,Default
L004318,C02763,B008,Personal,36500,12.04,24,2024-08-19,2024-08-30,Approved,Current
L004319,C03469,B020,Business,83800,11.7,12,2024-10-11,2024-10-17,Approved,Current
L004320,C02302,B025,Auto,0,12.03,84,2023-10-04,2023-10-05,Rejected,Current
L004321,C00568,B025,Education,26100,10.87,24,2025-09-02,2025-09-11,Approved,Current
L004322,C04419,B004,Home,0,11.72,60,2024-07-28,2024-08-08,Rejected,Current
L004323,C01784,B004,Auto,13400,10.96,24,2023-03-30,2023-04-05,Approved,Current
L004324,C02144,B011,Home,205000,11.55,24,2023-03-18,2023-04-06,Approved,Current
L004325,C04439,B019,Personal,14400,14.49,24,2023-04-29,2023-05-12,Approved,Current
L004326,C02241,B030,Personal,6500,11.81,60,2025-03-28,2025-04-14,Approved,Current
L004327,C02559,B020,Personal,33300,9.84,60,2023-10-10,2023-10-24,Approved,Current
L004328,C01475,B005,Personal,5600,11.51,24,2023-08-17,2023-09-06,Approved,Current
L004329,C04103,B026,Personal,58700,14.44,24,2024-02-18,2024-02-22,Approved,Current
L004330,C00330,B018,Auto,44900,14.22,72,2023-05-03,2023-05-10,Approved,Current
L004331,C04179,B022,Auto,0,14.68,48,2023-01-30,2023-02-14,Rejected,Current
L004332,C02674,B023,Education,0,11.59,60,2023-01-18,2023-01-28,Rejected,Current
L004333,C04623,B026,Home,0,11.74,24,2023-01-23,2023-01-28,Rejected,Current
L004334,C00890,B018,Education,19000,11.87,12,2025-11-27,2025-12-10,Approved,Current
L004335,C00762,B010,Auto,11900,13.19,36,2025-08-25,2025-09-09,Approved,Current
L004336,C01024,B024,Home,115000,10.14,48,2024-04-04,2024-04-07,Approved,Current
L004337,C01681,B020,Auto,21200,12.83,36,2023-03-15,2023-04-03,Approved,Current
L004338,C03257,B004,Auto,50200,14.43,60,2024-08-05,2024-08-08,Approved,Current
L004339,C01062,B029,Personal,34200,14.51,60,2023-09-30,2023-10-19,Approved,Current
L004340,C00904,B023,Business,0,14.19,48,2025-08-05,2025-08-17,Rejected,Current
L004341,C00134,B025,Auto,0,12.46,12,2023-01-07,2023-01-21,Rejected,Current
L004342,C01126,B010,Education,10200,9.49,48,2024-12-28,2025-01-05,Approved,Current
L004343,C01965,B015,Education,32600,10.04,36,2024-05-15,2024-06-02,Approved,Current
L004344,C02040,B007,Auto,105100,11.72,36,2024-03-05,2024-03-09,Approved,Default
L004345,C04189,B021,Auto,0,14.45,12,2024-06-30,2024-07-11,Rejected,Current
L004346,C02850,B002,Education,16000,10.49,48,2023-01-29,2023-02-15,Approved,Current
L004347,C03212,B012,Education,41800,10.92,60,2025-11-23,2025-12-12,Approved,Current
L004348,C03367,B016,Business,151200,13.47,48,2025-05-11,2025-05-15,Approved,Current
L004349,C02912,B015,Business,56600,12.51,60,2024-03-25,2024-03-31,Approved,Current
L004350,C04870,B012,Personal,40500,11.87,84,2025-10-10,2025-10-12,Approved,Current
L004351,C02592,B030,Business,60700,13.68,60,2024-09-16,2024-09-23,Approved,Current
L004352,C04284,B010,Personal,45200,12.15,36,2025-10-26,2025-11-14,Approved,Current
L004353,C02184,B018,Auto,41400,14.12,48,2023-12-02,2023-12-16,Approved,Default
L004354,C04262,B006,Home,372200,12.48,36,2025-06-19,2025-07-05,Approved,Current
L004355,C03549,B014,Home,226900,14.46,36,2024-01-28,2024-02-05,Approved,Current
L004356,C00245,B005,Home,265500,14.59,36,2024-07-02,2024-07-20,Approved,Default
L004357,C01180,B012,Business,140400,15.3,48,2024-04-26,2024-05-05,Approved,Current
L004358,C04926,B026,Business,0,15.33,48,2024-02-27,2024-03-02,Rejected,Current
L004359,C01779,B015,Home,181700,14.68,60,2023-09-04,2023-09-18,Approved,Current
L004360,C02536,B029,Auto,19500,12.0,48,2024-07-05,2024-07-25,Approved,Current
L004361,C00437,B009,Education,26800,12.2,24,2023-03-05,2023-03-23,Approved,Current
L004362,C02271,B021,Home,128200,14.17,48,2025-01-04,2025-01-24,Approved,Default
L004363,C01825,B013,Auto,0,11.2,60,2024-10-04,2024-10-09,Rejected,Current
L004364,C00794,B002,Home,0,11.7,60,2025-11-25,2025-11-26,Rejected,Current
L004365,C04269,B017,Education,39400,10.21,24,2023-04-18,2023-04-24,Approved,Current
L004366,C01281,B006,Home,0,17.31,72,2023-07-05,2023-07-25,Rejected,Current
L004367,C01739,B019,Education,50500,12.5,36,2024-09-06,2024-09-10,Approved,Current
L004368,C00450,B022,Home,259800,11.11,48,2023-01-19,2023-02-07,Approved,Current
L004369,C01955,B009,Personal,50300,11.88,12,2025-06-30,2025-07-17,Approved,Default
L004370,C00615,B006,Personal,5700,11.65,72,2023-04-04,2023-04-10,Approved,Current
L004371,C04322,B023,Home,106900,15.49,60,2023-05-08,2023-05-13,Approved,Current
L004372,C00739,B011,Auto,21800,12.69,36,2023-11-11,2023-11-17,Approved,Current
L004373,C01632,B013,Home,86800,15.25,60,2024-01-17,2024-01-18,Approved,Current
L004374,C04172,B017,Home,196900,12.9,36,2024-05-25,2024-06-12,Approved,Current
L004375,C03666,B006,Auto,34900,13.84,36,2024-04-16,2024-05-01,Approved,Current
L004376,C00069,B022,Business,281600,11.73,48,2025-01-30,2025-02-15,Approved,Current
L004377,C01875,B016,Business,156200,12.82,60,2024-12-02,2024-12-11,Approved,Current
L004378,C00870,B012,Auto,0,12.76,36,2024-05-18,2024-05-23,Rejected,Current
L004379,C01394,B027,Education,36700,14.5,60,2025-01-02,2025-01-13,Approved,Current
L004380,C03471,B017,Auto,0,13.7,48,2023-09-13,2023-09-18,Rejected,Current
L004381,C03192,B002,Personal,19500,11.05,12,2023-10-19,2023-10-25,Approved,Current
L004382,C03120,B015,Personal,18900,12.41,48,2025-06-22,2025-06-24,Approved,Current
L004383,C02116,B027,Home,112600,13.3,48,2025-02-01,2025-02-11,Approved,Current
L004384,C03966,B022,Home,165600,15.32,60,2025-05-06,2025-05-10,Approved,Current
L004385,C00377,B003,Education,0,17.15,72,2023-05-24,2023-06-07,Rejected,Current
L004386,C02324,B019,Business,56900,13.79,36,2023-03-26,2023-03-29,Approved,Default
L004387,C02816,B002,Personal,26100,10.87,60,2024-11-22,2024-12-05,Approved,Current
L004388,C01942,B012,Home,326700,9.21,24,2023-04-11,2023-04-26,Approved,Current
L004389,C00205,B020,Auto,0,14.04,24,2023-07-24,2023-08-09,Rejected,Current
L004390,C00745,B013,Education,22000,10.09,72,2023-05-07,2023-05-12,Approved,Current
L004391,C03137,B030,Personal,0,12.64,72,2025-08-14,2025-08-24,Rejected,Current
L004392,C01550,B029,Home,147900,13.25,48,2025-09-01,2025-09-04,Approved,Current
L004393,C04421,B001,Education,0,14.1,24,2025-05-22,2025-06-07,Rejected,Current
L004394,C02426,B017,Education,0,11.82,36,2023-11-03,2023-11-11,Rejected,Current
L004395,C02865,B008,Home,330300,11.15,48,2023-09-17,2023-10-03,Approved,Current
L004396,C03974,B024,Personal,16100,12.13,60,2023-06-26,2023-07-01,Approved,Current
L004397,C04777,B009,Auto,0,15.9,60,2024-12-27,2025-01-07,Rejected,Current
L004398,C00671,B024,Business,44000,12.71,60,2023-07-19,2023-08-07,Approved,Current
L004399,C03418,B002,Home,126700,14.93,36,2024-05-27,2024-06-12,Approved,Current
L004400,C03066,B012,Education,44900,9.79,36,2024-03-09,2024-03-23,Approved,Current
L004401,C01728,B018,Home,299100,10.89,12,2024-05-23,2024-06-03,Approved,Current
L004402,C04027,B018,Auto,0,15.65,12,2024-08-01,2024-08-15,Rejected,Current
L004403,C02933,B023,Auto,37800,9.7,36,2023-04-28,2023-05-14,Approved,Current
L004404,C03815,B019,Home,221700,11.4,24,2023-03-27,2023-04-14,Approved,Current
L004405,C01704,B022,Home,0,16.26,48,2023-08-23,2023-08-26,Rejected,Current
L004406,C03087,B005,Home,0,12.07,60,2023-11-18,2023-11-21,Rejected,Current
L004407,C03265,B021,Business,39800,11.89,60,2023-09-15,2023-09-16,Approved,Current
L004408,C04542,B014,Personal,10800,13.87,60,2025-10-04,2025-10-16,Approved,Current
L004409,C00054,B028,Auto,44500,12.6,60,2023-01-17,2023-01-24,Approved,Current
L004410,C00692,B020,Auto,32500,13.15,60,2024-11-03,2024-11-14,Approved,Current
L004411,C04100,B016,Auto,0,14.29,24,2024-04-21,2024-05-04,Rejected,Current
L004412,C00257,B006,Education,25400,13.8,48,2024-11-24,2024-12-08,Approved,Current
L004413,C03433,B027,Auto,43000,8.36,48,2024-09-10,2024-09-22,Approved,Current
L004414,C00834,B011,Auto,44100,14.27,60,2025-06-20,2025-06-26,Approved,Current
L004415,C02530,B026,Auto,49500,13.0,60,2025-08-05,2025-08-11,Approved,Current
L004416,C02897,B003,Auto,34300,13.92,72,2025-03-23,2025-03-30,Approved,Current
L004417,C01162,B023,Personal,14500,12.84,60,2025-02-07,2025-02-13,Approved,Current
L004418,C03523,B005,Business,69900,12.12,72,2025-04-27,2025-05-06,Approved,Current
L004419,C00473,B022,Personal,10100,12.82,48,2025-03-29,2025-04-15,Approved,Current
L004420,C02027,B017,Auto,25600,11.91,36,2024-01-30,2024-02-16,Approved,Current
L004421,C01638,B025,Auto,22900,12.63,60,2025-02-28,2025-03-15,Approved,Current
L004422,C03549,B018,Personal,0,14.31,84,2025-06-15,2025-06-16,Rejected,Current
L004423,C02241,B010,Personal,10100,10.03,60,2023-11-29,2023-12-13,Approved,Current
L004424,C02355,B021,Personal,0,14.74,84,2025-12-08,2025-12-10,Rejected,Current
L004425,C04855,B026,Personal,15500,11.36,12,2024-01-01,2024-01-21,Approved,Current
L004426,C00906,B016,Business,84800,11.28,36,2025-03-27,2025-04-03,Approved,Current
L004427,C01184,B013,Business,118500,10.86,36,2024-05-20,2024-06-02,Approved,Current
L004428,C02220,B028,Personal,8200,11.94,48,2024-08-26,2024-09-02,Approved,Current
L004429,C03645,B014,Personal,0,11.04,12,2025-08-02,2025-08-20,Rejected,Current
L004430,C01089,B009,Business,48000,12.57,72,2023-08-18,2023-08-24,Approved,Current
L004431,C01193,B030,Personal,14600,10.89,60,2025-05-11,2025-05-30,Approved,Current
L004432,C02129,B005,Education,0,12.62,24,2023-08-16,2023-08-25,Rejected,Current
L004433,C03452,B024,Personal,0,13.2,24,2025-07-20,2025-07-30,Rejected,Current
L004434,C03842,B003,Auto,0,14.39,60,2024-11-26,2024-11-30,Rejected,Current
L004435,C00332,B015,Home,50000,12.64,72,2025-12-05,2025-12-17,Approved,Current
L004436,C01212,B021,Personal,15000,11.47,24,2023-01-15,2023-01-28,Approved,Current
L004437,C01049,B009,Personal,28100,10.61,48,2023-05-16,2023-06-03,Approved,Current
L004438,C04089,B009,Auto,0,13.0,36,2024-11-26,2024-12-09,Rejected,Current
L004439,C02276,B008,Home,0,11.23,24,2024-12-11,2024-12-31,Rejected,Current
L004440,C01635,B022,Auto,24100,10.37,60,2024-11-15,2024-12-03,Approved,Default
L004441,C03606,B003,Personal,17900,11.04,60,2024-09-13,2024-09-18,Approved,Current
L004442,C00503,B006,Home,232400,11.75,72,2023-06-24,2023-07-10,Approved,Current
L004443,C03570,B013,Home,0,14.14,60,2024-05-15,2024-05-25,Rejected,Current
L004444,C01080,B009,Home,0,13.01,12,2025-05-25,2025-06-08,Rejected,Current
L004445,C01335,B016,Personal,17500,11.76,36,2024-01-03,2024-01-18,Approved,Current
L004446,C04648,B013,Home,0,16.57,48,2025-09-17,2025-09-28,Rejected,Current
L004447,C04019,B018,Auto,29600,15.46,36,2025-02-14,2025-02-22,Approved,Current
L004448,C04217,B021,Education,16700,13.05,48,2024-02-13,2024-03-01,Approved,Current
L004449,C02074,B009,Business,114500,14.21,36,2025-02-23,2025-02-26,Approved,Default
L004450,C04055,B008,Personal,17600,11.69,72,2024-02-12,2024-02-13,Approved,Current
L004451,C00023,B019,Personal,17500,10.96,24,2025-02-04,2025-02-11,Approved,Current
L004452,C01850,B018,Personal,0,14.52,48,2023-11-04,2023-11-06,Rejected,Current
L004453,C02164,B016,Personal,25600,12.95,24,2023-03-04,2023-03-14,Approved,Current
L004454,C00480,B011,Personal,0,8.85,36,2023-03-02,2023-03-20,Rejected,Current
L004455,C02355,B011,Personal,43800,15.02,48,2024-05-21,2024-05-28,Approved,Current
L004456,C02749,B028,Personal,9400,12.17,48,2023-09-13,2023-09-18,Approved,Current
L004457,C02540,B019,Personal,27400,12.87,36,2023-03-18,2023-03-22,Approved,Current
L004458,C04865,B007,Home,64800,11.3,60,2023-03-31,2023-04-14,Approved,Current
L004459,C01144,B024,Personal,5200,11.09,48,2023-12-31,2024-01-03,Approved,Current
L004460,C02334,B023,Personal,0,12.59,84,2023-09-29,2023-10-12,Rejected,Current
L004461,C02646,B007,Auto,0,10.81,24,2024-10-10,2024-10-13,Rejected,Current
L004462,C00839,B008,Personal,26900,13.19,24,2023-02-09,2023-02-17,Approved,Current
L004463,C01850,B008,Personal,0,14.29,60,2023-06-23,2023-07-11,Rejected,Current
L004464,C03387,B005,Personal,0,10.65,48,2024-10-04,2024-10-23,Rejected,Current
L004465,C02853,B015,Home,168700,12.27,36,2024-10-27,2024-10-31,Approved,Current
L004466,C02210,B023,Business,108600,12.08,36,2024-08-06,2024-08-16,Approved,Current
L004467,C01393,B015,Personal,15500,10.76,48,2023-11-22,2023-11-25,Approved,Current
L004468,C03257,B025,Home,114400,14.94,24,2024-12-25,2025-01-06,Approved,Current
L004469,C01960,B008,Auto,25600,13.08,60,2023-10-10,2023-10-16,Approved,Current
L004470,C00276,B009,Auto,16500,11.14,48,2023-08-02,2023-08-21,Approved,Current
L004471,C04625,B005,Business,117600,11.39,36,2023-03-30,2023-04-03,Approved,Current
L004472,C01460,B027,Business,80200,14.87,60,2024-01-19,2024-01-22,Approved,Current
L004473,C03332,B020,Personal,17000,13.99,48,2025-04-05,2025-04-23,Approved,Current
L004474,C00959,B022,Home,750000,12.83,60,2024-03-10,2024-03-18,Approved,Current
L004475,C01842,B022,Auto,25600,10.07,72,2024-08-30,2024-09-01,Approved,Current
L004476,C04060,B020,Education,33300,13.49,72,2023-11-15,2023-11-22,Approved,Current
L004477,C04146,B021,Business,0,16.01,48,2023-01-19,2023-01-30,Rejected,Current
L004478,C03378,B014,Personal,34000,12.4,12,2024-10-28,2024-11-03,Approved,Current
L004479,C02525,B021,Personal,20500,8.35,12,2025-12-12,2025-12-31,Approved,Current
L004480,C00488,B022,Business,81800,9.48,60,2025-05-14,2025-05-17,Approved,Current
L004481,C02128,B001,Home,0,12.81,24,2025-09-23,2025-10-06,Rejected,Current
L004482,C01941,B014,Home,115300,13.63,36,2024-03-04,2024-03-24,Approved,Current
L004483,C02454,B013,Auto,28800,16.45,60,2025-06-06,2025-06-08,Approved,Current
L004484,C04015,B018,Personal,29800,9.82,84,2023-04-15,2023-04-20,Approved,Default
L004485,C03798,B027,Business,60600,12.83,36,2025-01-02,2025-01-17,Approved,Current
L004486,C04351,B022,Business,144700,13.01,12,2023-12-08,2023-12-18,Approved,Current
L004487,C00960,B026,Home,142100,11.34,12,2023-01-20,2023-01-26,Approved,Default
L004488,C02564,B021,Auto,0,9.3,36,2025-05-05,2025-05-19,Rejected,Current
L004489,C00464,B015,Auto,0,14.11,84,2025-09-14,2025-09-15,Rejected,Current
L004490,C01937,B011,Personal,17100,10.77,12,2023-09-12,2023-09-21,Approved,Current
L004491,C04132,B029,Personal,0,13.85,60,2024-10-03,2024-10-13,Rejected,Current
L004492,C00016,B012,Personal,0,14.93,24,2024-02-28,2024-03-10,Rejected,Current
L004493,C04071,B006,Education,0,14.56,36,2023-05-26,2023-06-14,Rejected,Current
L004494,C00919,B024,Home,0,14.02,24,2024-05-28,2024-06-06,Rejected,Current
L004495,C01614,B023,Personal,21500,16.94,36,2024-01-10,2024-01-22,Approved,Current
L004496,C00823,B017,Home,248700,9.85,24,2025-01-29,2025-02-18,Approved,Current
L004497,C02121,B007,Personal,21800,13.69,12,2025-07-07,2025-07-13,Approved,Current
L004498,C03392,B029,Personal,0,12.76,60,2023-02-16,2023-03-04,Rejected,Current
L004499,C01967,B002,Home,165700,12.14,24,2024-05-14,2024-05-27,Approved,Current
L004500,C01882,B024,Home,202600,11.66,24,2024-05-21,2024-05-27,Approved,Current
L004501,C00740,B025,Auto,0,12.18,36,2023-12-11,2023-12-24,Rejected,Current
L004502,C04854,B028,Auto,25200,11.34,60,2024-03-04,2024-03-19,Approved,Current
L004503,C03067,B028,Auto,55800,10.91,36,2025-02-27,2025-03-17,Approved,Current
L004504,C03844,B022,Home,319000,12.06,48,2025-11-21,2025-12-07,Approved,Current
L004505,C00798,B023,Auto,62100,7.84,36,2025-02-25,2025-03-06,Approved,Current
L004506,C03211,B022,Home,121500,12.58,36,2025-07-31,2025-08-18,Approved,Current
L004507,C01587,B020,Home,224400,13.33,48,2024-09-09,2024-09-19,Approved,Current
L004508,C03731,B013,Home,0,13.19,60,2024-10-31,2024-11-12,Rejected,Current
L004509,C01778,B012,Home,422800,12.29,36,2023-09-03,2023-09-08,Approved,Current
L004510,C02532,B017,Personal,7900,10.79,48,2023-10-31,2023-11-02,Approved,Current
L004511,C02435,B021,Personal,0,11.92,60,2024-03-25,2024-04-03,Rejected,Current
L004512,C03918,B029,Home,166700,10.09,36,2025-07-29,2025-08-16,Approved,Current
L004513,C04554,B027,Home,443800,10.42,36,2024-06-17,2024-06-18,Approved,Current
L004514,C02470,B001,Home,54900,13.59,48,2024-07-21,2024-08-04,Approved,Default
L004515,C02280,B008,Education,15700,15.63,84,2024-02-28,2024-03-02,Approved,Current
L004516,C01368,B013,Auto,0,13.22,72,2023-02-07,2023-02-18,Rejected,Current
L004517,C02768,B024,Business,73400,13.24,60,2024-06-14,2024-07-02,Approved,Current
L004518,C01398,B001,Auto,15600,14.72,48,2024-08-27,2024-08-29,Approved,Current
L004519,C00155,B005,Personal,0,14.44,48,2025-05-31,2025-06-17,Rejected,Current
L004520,C03187,B014,Education,12700,13.31,60,2023-08-03,2023-08-06,Approved,Current
L004521,C01116,B020,Business,0,15.89,24,2025-08-10,2025-08-17,Rejected,Current
L004522,C03666,B022,Home,78400,12.04,60,2023-09-13,2023-09-16,Approved,Current
L004523,C03597,B011,Personal,8100,15.58,60,2024-07-10,2024-07-25,Approved,Current
L004524,C01115,B026,Personal,20100,10.74,36,2023-08-03,2023-08-07,Approved,Current
L004525,C00700,B003,Business,59600,14.26,72,2025-11-17,2025-12-02,Approved,Default
L004526,C04201,B015,Personal,0,12.74,12,2023-11-12,2023-11-15,Rejected,Current
L004527,C00596,B022,Auto,0,14.47,72,2025-02-11,2025-02-22,Rejected,Current
L004528,C01014,B007,Auto,29400,11.43,36,2025-07-02,2025-07-05,Approved,Current
L004529,C00540,B016,Personal,44100,13.37,60,2025-09-16,2025-10-06,Approved,Current
L004530,C00012,B008,Auto,38200,12.26,24,2025-09-15,2025-10-03,Approved,Current
L004531,C01944,B011,Auto,54100,11.48,48,2025-09-16,2025-09-30,Approved,Current
L004532,C04460,B025,Home,50700,14.87,12,2025-08-08,2025-08-17,Approved,Current
L004533,C00662,B017,Home,0,10.95,36,2025-01-12,2025-01-27,Rejected,Current
L004534,C04634,B018,Business,0,11.22,60,2025-05-12,2025-05-20,Rejected,Current
L004535,C04410,B025,Home,0,13.3,48,2024-08-10,2024-08-18,Rejected,Current
L004536,C01423,B020,Auto,90800,11.72,60,2025-07-09,2025-07-17,Approved,Current
L004537,C01246,B015,Home,141000,14.37,60,2024-11-13,2024-11-27,Approved,Current
L004538,C00580,B007,Personal,0,12.57,48,2023-10-21,2023-10-27,Rejected,Current
L004539,C00262,B022,Education,43000,12.33,48,2025-05-07,2025-05-20,Approved,Current
L004540,C00496,B025,Home,84500,13.86,60,2025-03-02,2025-03-09,Approved,Current
L004541,C04226,B015,Home,193000,13.28,24,2023-09-11,2023-09-26,Approved,Current
L004542,C04888,B024,Auto,66900,15.18,12,2025-01-17,2025-01-27,Approved,Current
L004543,C02137,B010,Auto,42100,12.54,60,2024-03-19,2024-03-31,Approved,Current
L004544,C00630,B005,Personal,15700,11.47,84,2025-07-01,2025-07-06,Approved,Current
L004545,C00506,B017,Business,0,12.79,60,2023-09-28,2023-10-01,Rejected,Current
L004546,C00207,B006,Personal,0,12.29,60,2025-09-20,2025-09-25,Rejected,Current
L004547,C03432,B003,Auto,16400,8.38,60,2024-10-31,2024-11-12,Approved,Current
L004548,C03131,B011,Home,283300,8.12,60,2025-06-30,2025-07-03,Approved,Current
L004549,C01855,B008,Home,0,12.24,24,2023-06-08,2023-06-09,Rejected,Current
L004550,C01661,B001,Business,0,12.67,60,2025-01-28,2025-02-14,Rejected,Current
L004551,C02582,B028,Auto,28100,10.92,48,2024-05-21,2024-05-31,Approved,Current
L004552,C04980,B023,Business,87000,11.19,84,2024-01-21,2024-01-27,Approved,Current
L004553,C00285,B011,Home,142000,12.67,12,2025-11-29,2025-12-19,Approved,Current
L004554,C00719,B012,Education,19600,10.95,36,2024-09-08,2024-09-21,Approved,Current
L004555,C03989,B010,Home,0,12.99,24,2024-10-26,2024-11-10,Rejected,Current
L004556,C00502,B001,Home,0,14.05,72,2023-11-14,2023-11-16,Rejected,Current
L004557,C00258,B013,Education,0,11.47,60,2023-06-23,2023-06-25,Rejected,Current
L004558,C04906,B019,Personal,6100,14.35,60,2023-12-25,2024-01-11,Approved,Current
L004559,C02598,B016,Personal,4700,12.14,60,2025-03-20,2025-04-08,Approved,Current
L004560,C01923,B021,Education,0,8.78,24,2025-10-27,2025-10-28,Rejected,Current
L004561,C01240,B006,Education,0,12.27,36,2024-07-21,2024-07-26,Rejected,Current
L004562,C03295,B024,Business,100900,10.72,60,2025-07-31,2025-08-20,Approved,Current
L004563,C03014,B027,Home,243700,12.34,36,2024-03-09,2024-03-25,Approved,Current
L004564,C04618,B028,Home,0,15.16,60,2024-03-04,2024-03-09,Rejected,Current
L004565,C00888,B003,Personal,53300,15.01,36,2023-11-04,2023-11-14,Approved,Current
L004566,C03455,B024,Home,242500,10.79,48,2023-10-05,2023-10-15,Approved,Current
L004567,C00745,B023,Home,0,11.88,36,2024-01-09,2024-01-10,Rejected,Current
L004568,C03437,B010,Personal,14800,13.32,72,2023-06-17,2023-06-26,Approved,Current
L004569,C01705,B020,Home,171000,12.54,48,2024-01-05,2024-01-23,Approved,Current
L004570,C00211,B022,Home,120700,11.74,36,2025-04-07,2025-04-14,Approved,Current
L004571,C04065,B013,Auto,0,11.4,12,2025-09-24,2025-10-13,Rejected,Current
L004572,C01957,B020,Home,198100,12.22,24,2024-08-07,2024-08-23,Approved,Current
L004573,C02527,B019,Business,49900,11.33,48,2024-01-14,2024-01-20,Approved,Current
L004574,C01703,B018,Home,231200,11.06,60,2023-03-18,2023-03-28,Approved,Current
L004575,C04215,B018,Home,408200,14.73,84,2024-07-22,2024-07-27,Approved,Current
L004576,C00486,B016,Auto,57400,11.19,48,2023-04-09,2023-04-22,Approved,Current
L004577,C02157,B010,Personal,11900,10.78,60,2023-06-12,2023-06-24,Approved,Current
L004578,C02502,B016,Home,100500,9.99,60,2025-07-05,2025-07-22,Approved,Default
L004579,C03311,B006,Auto,70200,10.24,72,2025-09-07,2025-09-09,Approved,Current
L004580,C04608,B014,Home,75700,10.59,36,2024-02-01,2024-02-06,Approved,Current
L004581,C01067,B015,Education,34300,12.42,60,2025-02-27,2025-03-09,Approved,Current
L004582,C04228,B013,Auto,0,12.27,84,2023-12-10,2023-12-11,Rejected,Current
L004583,C01816,B008,Personal,37100,13.85,12,2025-11-15,2025-11-27,Approved,Current
L004584,C02799,B024,Home,103600,11.24,36,2025-09-30,2025-10-14,Approved,Current
L004585,C03630,B020,Business,61300,13.58,60,2025-12-15,2025-12-23,Approved,Current
L004586,C04057,B025,Auto,44900,10.19,48,2024-06-26,2024-07-13,Approved,Current
L004587,C00198,B005,Business,147100,10.63,24,2025-11-19,2025-11-30,Approved,Current
L004588,C03372,B004,Auto,67600,10.22,48,2024-06-19,2024-07-09,Approved,Current
L004589,C04316,B026,Personal,23300,13.41,48,2024-08-30,2024-09-01,Approved,Current
L004590,C04964,B003,Personal,0,15.59,48,2023-06-03,2023-06-08,Rejected,Current
L004591,C01316,B015,Auto,57000,10.94,36,2025-05-19,2025-06-06,Approved,Current
L004592,C02573,B003,Personal,0,12.07,12,2025-05-30,2025-06-08,Rejected,Current
L004593,C04863,B019,Auto,0,14.15,60,2023-11-28,2023-12-07,Rejected,Current
L004594,C01182,B022,Business,0,13.71,48,2024-02-11,2024-02-21,Rejected,Current
L004595,C03342,B011,Auto,0,14.59,48,2023-05-06,2023-05-10,Rejected,Current
L004596,C00257,B001,Home,294000,15.1,12,2024-08-15,2024-09-01,Approved,Current
L004597,C02749,B008,Auto,70300,12.23,24,2024-03-18,2024-03-30,Approved,Current
L004598,C02563,B004,Personal,24400,13.58,24,2023-06-11,2023-06-14,Approved,Current
L004599,C01668,B028,Auto,39400,11.85,48,2023-05-10,2023-05-14,Approved,Current
L004600,C02649,B021,Auto,33500,12.54,60,2023-10-08,2023-10-15,Approved,Current
L004601,C00637,B003,Home,0,10.65,36,2025-05-12,2025-05-23,Rejected,Current
L004602,C02823,B021,Personal,45700,13.92,60,2025-06-13,2025-06-17,Approved,Current
L004603,C00008,B003,Business,222700,11.6,36,2024-11-20,2024-12-10,Approved,Current
L004604,C01580,B001,Home,134100,13.65,60,2024-04-17,2024-04-23,Approved,Current
L004605,C00135,B025,Personal,0,12.6,72,2023-01-05,2023-01-06,Rejected,Current
L004606,C03832,B018,Education,0,12.72,60,2025-02-16,2025-02-17,Rejected,Current
L004607,C04926,B027,Business,0,12.7,60,2023-03-23,2023-03-29,Rejected,Current
L004608,C04121,B006,Auto,39600,10.66,12,2023-08-09,2023-08-10,Approved,Current
L004609,C02513,B019,Home,0,12.22,36,2025-04-22,2025-05-07,Rejected,Current
L004610,C04470,B016,Education,12400,7.47,24,2025-01-22,2025-01-23,Approved,Current
L004611,C02244,B028,Business,40000,14.97,48,2025-05-24,2025-05-30,Approved,Current
L004612,C02170,B024,Home,284600,11.64,36,2023-03-10,2023-03-19,Approved,Current
L004613,C04868,B017,Auto,0,11.34,60,2023-05-22,2023-05-28,Rejected,Current
L004614,C04655,B008,Personal,8400,9.62,48,2025-03-11,2025-03-28,Approved,Current
L004615,C03958,B006,Personal,5700,13.14,48,2024-05-18,2024-06-05,Approved,Current
L004616,C01233,B007,Personal,13900,11.42,60,2025-08-22,2025-09-11,Approved,Current
L004617,C03373,B023,Personal,22100,10.44,12,2023-02-09,2023-02-10,Approved,Current
L004618,C00954,B004,Auto,0,13.44,72,2024-05-14,2024-05-30,Rejected,Current
L004619,C01539,B013,Personal,28700,11.32,12,2024-12-07,2024-12-23,Approved,Current
L004620,C00908,B012,Business,76600,12.33,48,2025-12-07,2025-12-08,Approved,Current
L004621,C01681,B015,Home,196200,13.13,72,2025-09-20,2025-09-27,Approved,Current
L004622,C01910,B019,Home,294600,10.61,36,2024-05-24,2024-06-07,Approved,Current
L004623,C04090,B004,Home,238800,13.83,60,2023-09-02,2023-09-17,Approved,Current
L004624,C00619,B010,Home,0,12.68,36,2023-09-19,2023-09-25,Rejected,Current
L004625,C02789,B030,Home,218100,12.18,72,2024-06-26,2024-07-13,Approved,Current
L004626,C01910,B007,Home,62100,11.19,84,2023-02-03,2023-02-20,Approved,Current
L004627,C02845,B014,Auto,0,12.77,72,2024-05-02,2024-05-08,Rejected,Current
L004628,C04302,B012,Auto,0,14.25,12,2024-04-14,2024-04-27,Rejected,Current
L004629,C04679,B010,Auto,73800,14.35,24,2025-02-18,2025-03-01,Approved,Current
L004630,C00697,B007,Auto,18700,12.04,48,2023-10-21,2023-11-09,Approved,Current
L004631,C03405,B008,Business,101300,11.67,84,2023-07-30,2023-08-09,Approved,Current
L004632,C04304,B027,Personal,14200,11.97,36,2025-09-09,2025-09-11,Approved,Current
L004633,C00405,B029,Education,20600,12.96,36,2025-06-05,2025-06-25,Approved,Current
L004634,C02436,B006,Home,227700,16.03,84,2025-06-06,2025-06-14,Approved,Default
L004635,C01511,B030,Auto,25400,9.58,60,2024-01-14,2024-01-29,Approved,Current
L004636,C04963,B017,Auto,88600,11.96,60,2023-11-29,2023-12-08,Approved,Current
L004637,C02319,B023,Auto,10800,11.44,24,2023-10-04,2023-10-17,Approved,Current
L004638,C04089,B018,Education,39600,11.46,36,2024-08-12,2024-08-27,Approved,Current
L004639,C02485,B007,Personal,0,12.94,48,2024-05-12,2024-05-27,Rejected,Current
L004640,C00858,B001,Home,0,14.29,60,2023-03-18,2023-03-19,Rejected,Current
L004641,C03730,B021,Personal,21300,11.27,36,2024-02-23,2024-02-28,Approved,Current
L004642,C02393,B007,Personal,31200,9.8,36,2024-11-19,2024-12-04,Approved,Current
L004643,C04069,B020,Auto,37000,12.36,48,2024-08-31,2024-09-14,Approved,Current
L004644,C04283,B029,Personal,31200,13.0,48,2024-05-08,2024-05-14,Approved,Current
L004645,C00020,B030,Business,97500,13.5,72,2023-12-25,2023-12-31,Approved,Current
L004646,C02421,B024,Auto,18100,12.73,72,2023-09-08,2023-09-28,Approved,Current
L004647,C03027,B013,Home,176100,13.49,24,2025-03-02,2025-03-07,Approved,Current
L004648,C00067,B022,Home,348800,14.16,36,2023-10-05,2023-10-14,Approved,Current
L004649,C03134,B006,Personal,0,11.57,60,2023-06-20,2023-07-10,Rejected,Current
L004650,C03558,B015,Education,15400,11.2,36,2024-11-19,2024-12-09,Approved,Current
L004651,C00786,B027,Auto,45000,12.67,36,2024-05-08,2024-05-15,Approved,Current
L004652,C02133,B018,Home,222600,8.07,60,2024-01-11,2024-01-27,Approved,Current
L004653,C01430,B030,Personal,11800,15.73,48,2023-10-05,2023-10-22,Approved,Current
L004654,C01419,B021,Home,162700,13.69,60,2023-12-01,2023-12-09,Approved,Current
L004655,C03691,B006,Personal,16300,13.62,12,2025-11-07,2025-11-25,Approved,Current
L004656,C01548,B030,Business,95300,12.45,48,2023-10-27,2023-11-16,Approved,Current
L004657,C04272,B018,Auto,0,12.75,60,2023-04-19,2023-05-02,Rejected,Current
L004658,C00359,B030,Home,148000,12.51,48,2025-11-21,2025-12-05,Approved,Current
L004659,C01563,B002,Business,139500,12.61,24,2025-12-15,2025-12-19,Approved,Current
L004660,C04387,B029,Personal,13400,11.75,24,2024-03-22,2024-04-01,Approved,Current
L004661,C02178,B017,Home,462600,10.8,48,2024-05-06,2024-05-16,Approved,Current
L004662,C03811,B013,Auto,0,10.4,24,2024-08-23,2024-08-29,Rejected,Current
L004663,C00479,B019,Personal,11200,9.81,36,2025-06-07,2025-06-14,Approved,Current
L004664,C00648,B020,Home,0,13.63,48,2023-05-12,2023-05-19,Rejected,Current
L004665,C00264,B015,Auto,54800,14.49,48,2025-03-16,2025-03-20,Approved,Current
L004666,C03743,B004,Home,213200,13.75,36,2023-09-07,2023-09-26,Approved,Current
L004667,C02957,B019,Home,250600,13.36,36,2025-12-01,2025-12-21,Approved,Current
L004668,C01562,B013,Auto,22300,10.8,36,2025-09-23,2025-10-02,Approved,Current
L004669,C01437,B013,Home,172000,13.11,24,2023-08-19,2023-09-07,Approved,Current
L004670,C02006,B013,Personal,14900,11.64,60,2025-04-07,2025-04-23,Approved,Current
L004671,C03141,B006,Personal,21300,12.96,60,2024-02-08,2024-02-11,Approved,Current
L004672,C00908,B025,Home,93200,10.83,60,2023-07-10,2023-07-15,Approved,Current
L004673,C00130,B023,Personal,17000,9.88,24,2023-05-07,2023-05-12,Approved,Current
L004674,C00938,B028,Business,47600,12.47,48,2024-01-12,2024-01-18,Approved,Current
L004675,C03719,B001,Business,0,13.24,36,2025-03-08,2025-03-17,Rejected,Current
L004676,C00815,B015,Home,0,12.78,36,2024-07-28,2024-08-06,Rejected,Current
L004677,C03963,B023,Business,0,13.92,12,2023-08-28,2023-09-09,Rejected,Current
L004678,C03382,B023,Home,0,11.96,72,2025-11-27,2025-12-13,Rejected,Current
L004679,C00015,B018,Personal,27400,9.41,72,2023-10-06,2023-10-22,Approved,Current
L004680,C02038,B006,Auto,0,11.7,36,2024-07-23,2024-07-28,Rejected,Current
L004681,C03489,B007,Auto,0,12.46,72,2024-11-18,2024-11-19,Rejected,Current
L004682,C00707,B010,Personal,12600,15.83,36,2025-01-24,2025-01-27,Approved,Current
L004683,C00703,B024,Home,135100,12.37,48,2023-12-29,2024-01-04,Approved,Current
L004684,C04842,B011,Personal,20900,11.08,60,2023-06-23,2023-07-01,Approved,Current
L004685,C04132,B024,Home,0,13.95,48,2025-05-04,2025-05-20,Rejected,Current
L004686,C04843,B008,Home,225700,7.84,24,2023-09-14,2023-09-20,Approved,Current
L004687,C02556,B001,Auto,43200,13.63,36,2023-04-10,2023-04-24,Approved,Current
L004688,C04742,B016,Personal,0,12.1,60,2024-05-01,2024-05-11,Rejected,Current
L004689,C02987,B021,Personal,16300,13.2,60,2024-06-28,2024-07-02,Approved,Current
L004690,C03940,B013,Home,0,13.39,36,2024-08-04,2024-08-16,Rejected,Current
L004691,C04952,B017,Business,160900,11.44,48,2024-10-15,2024-10-22,Approved,Current
L004692,C03339,B016,Home,143200,9.93,36,2023-09-03,2023-09-10,Approved,Current
L004693,C00517,B016,Home,139900,14.3,36,2023-04-06,2023-04-22,Approved,Current
L004694,C00798,B008,Home,105500,12.1,24,2023-12-05,2023-12-06,Approved,Current
L004695,C00485,B013,Business,57600,12.09,48,2023-05-05,2023-05-21,Approved,Current
L004696,C03675,B013,Home,88000,14.59,60,2023-12-06,2023-12-09,Approved,Current
L004697,C02712,B017,Personal,12200,13.45,72,2024-10-12,2024-10-27,Approved,Current
L004698,C00443,B008,Personal,43200,13.15,48,2024-11-02,2024-11-08,Approved,Current
L004699,C01654,B010,Personal,26300,12.89,60,2023-05-19,2023-06-01,Approved,Current
L004700,C01014,B025,Home,373500,9.37,36,2024-03-08,2024-03-28,Approved,Current
L004701,C00963,B023,Personal,10700,12.3,36,2025-09-06,2025-09-14,Approved,Current
L004702,C00573,B028,Personal,0,13.81,36,2023-03-19,2023-03-31,Rejected,Current
L004703,C04454,B020,Auto,38100,11.33,48,2024-12-31,2025-01-14,Approved,Current
L004704,C04717,B008,Home,512800,14.58,12,2024-12-04,2024-12-20,Approved,Default
L004705,C01831,B006,Auto,24500,13.11,24,2024-01-13,2024-01-27,Approved,Current
L004706,C03843,B008,Home,0,11.55,60,2024-12-08,2024-12-24,Rejected,Current
L004707,C04902,B016,Education,0,12.1,24,2025-06-21,2025-06-27,Rejected,Current
L004708,C00816,B012,Education,0,11.62,48,2025-03-25,2025-03-29,Rejected,Current
L004709,C03672,B019,Business,0,15.53,72,2023-05-23,2023-06-12,Rejected,Current
L004710,C02537,B019,Education,0,10.25,72,2025-11-27,2025-12-16,Rejected,Current
L004711,C01211,B002,Personal,10200,10.52,12,2025-11-25,2025-12-03,Approved,Default
L004712,C03135,B009,Business,51400,9.39,12,2023-04-25,2023-04-29,Approved,Current
L004713,C00555,B018,Home,0,12.66,24,2024-05-28,2024-05-31,Rejected,Current
L004714,C02793,B020,Auto,21500,11.61,24,2025-11-04,2025-11-17,Approved,Current
L004715,C04921,B004,Home,244700,15.65,36,2023-11-07,2023-11-11,Approved,Current
L004716,C04063,B003,Personal,12700,12.23,36,2025-04-24,2025-05-05,Approved,Current
L004717,C03766,B028,Education,52700,10.93,24,2023-01-25,2023-02-10,Approved,Current
L004718,C04303,B022,Personal,14700,14.1,48,2025-02-20,2025-03-07,Approved,Current
L004719,C01265,B011,Business,113700,12.16,48,2024-05-03,2024-05-05,Approved,Current
L004720,C00894,B026,Auto,0,15.98,60,2024-01-09,2024-01-24,Rejected,Current
L004721,C02173,B009,Home,0,11.31,36,2024-11-05,2024-11-11,Rejected,Current
L004722,C02305,B023,Home,0,10.89,36,2024-12-26,2025-01-10,Rejected,Current
L004723,C03164,B030,Personal,23000,15.13,60,2023-08-24,2023-09-06,Approved,Current
L004724,C04833,B017,Education,16600,11.55,72,2024-10-18,2024-10-21,Approved,Current
L004725,C03959,B001,Education,72200,13.62,36,2023-03-10,2023-03-29,Approved,Current
L004726,C04384,B017,Auto,18100,15.02,36,2025-08-30,2025-09-11,Approved,Current
L004727,C01239,B005,Business,117300,13.52,60,2024-07-19,2024-07-31,Approved,Current
L004728,C01818,B030,Personal,42400,12.45,72,2024-11-17,2024-12-04,Approved,Current
L004729,C00767,B018,Home,95800,11.67,84,2025-01-04,2025-01-12,Approved,Current
L004730,C02560,B006,Home,256600,11.7,36,2025-10-17,2025-10-30,Approved,Current
L004731,C00573,B022,Auto,0,17.11,36,2024-07-27,2024-08-08,Rejected,Current
L004732,C04464,B023,Personal,64800,14.65,72,2023-12-15,2023-12-31,Approved,Current
L004733,C02333,B019,Auto,11300,10.04,36,2023-01-16,2023-01-27,Approved,Current
L004734,C02111,B026,Auto,13900,9.89,36,2023-07-28,2023-08-17,Approved,Current
L004735,C04742,B016,Personal,9700,12.72,60,2024-10-08,2024-10-17,Approved,Current
L004736,C00751,B010,Personal,9900,10.6,48,2025-12-02,2025-12-21,Approved,Current
L004737,C02812,B021,Personal,0,12.52,72,2025-08-31,2025-09-20,Rejected,Current
L004738,C04457,B021,Business,0,11.33,60,2024-11-14,2024-11-22,Rejected,Current
L004739,C03555,B017,Home,349200,13.61,48,2025-04-18,2025-05-01,Approved,Current
L004740,C02419,B030,Personal,20500,9.69,12,2024-01-29,2024-01-31,Approved,Current
L004741,C02989,B025,Business,95500,7.65,84,2024-09-30,2024-10-19,Approved,Current
L004742,C00855,B007,Personal,0,13.28,48,2024-01-15,2024-01-28,Rejected,Current
L004743,C02851,B004,Home,229400,13.44,48,2025-06-19,2025-07-08,Approved,Current
L004744,C03380,B015,Auto,0,12.75,48,2025-10-27,2025-11-07,Rejected,Current
L004745,C00194,B012,Auto,35500,11.36,60,2023-01-22,2023-01-24,Approved,Current
L004746,C01578,B016,Auto,21300,12.63,60,2024-06-19,2024-06-27,Approved,Current
L004747,C01481,B029,Personal,9300,14.98,36,2024-01-17,2024-01-24,Approved,Current
L004748,C04429,B025,Personal,18300,13.69,48,2023-12-26,2023-12-27,Approved,Current
L004749,C00747,B019,Auto,32100,11.73,60,2025-02-01,2025-02-15,Approved,Current
L004750,C04962,B013,Personal,13000,13.0,60,2025-10-11,2025-10-19,Approved,Current
L004751,C03088,B020,Business,62300,10.94,84,2023-06-12,2023-06-13,Approved,Current
L004752,C04741,B002,Home,251500,12.29,60,2023-10-02,2023-10-19,Approved,Current
L004753,C00150,B019,Home,0,14.92,48,2024-03-01,2024-03-05,Rejected,Current
L004754,C03866,B023,Personal,0,9.63,60,2024-09-28,2024-10-04,Rejected,Current
L004755,C04898,B030,Business,0,12.76,48,2024-12-27,2024-12-28,Rejected,Current
L004756,C04978,B011,Auto,16600,13.71,36,2025-07-04,2025-07-07,Approved,Current
L004757,C02329,B029,Home,166600,16.07,60,2024-01-25,2024-01-27,Approved,Default
L004758,C01676,B028,Auto,0,13.77,36,2023-09-28,2023-10-15,Rejected,Current
L004759,C02587,B019,Home,67300,9.17,12,2023-03-10,2023-03-19,Approved,Current
L004760,C02390,B018,Home,618900,13.35,36,2025-08-31,2025-09-08,Approved,Current
L004761,C00674,B017,Home,0,11.39,24,2024-04-01,2024-04-20,Rejected,Current
L004762,C03702,B029,Home,130800,12.8,60,2023-12-12,2023-12-27,Approved,Current
L004763,C01361,B020,Home,366600,9.89,60,2025-02-12,2025-02-18,Approved,Current
L004764,C03067,B028,Personal,38700,11.91,60,2025-08-17,2025-08-23,Approved,Current
L004765,C03147,B008,Personal,0,10.9,72,2025-12-10,2025-12-18,Rejected,Current
L004766,C03618,B008,Personal,28700,11.12,24,2023-09-24,2023-09-27,Approved,Current
L004767,C03068,B008,Personal,13700,8.99,24,2025-04-29,2025-05-11,Approved,Current
L004768,C02163,B014,Business,117300,10.16,72,2024-05-06,2024-05-26,Approved,Current
L004769,C01445,B024,Auto,167500,10.8,60,2025-09-09,2025-09-17,Approved,Current
L004770,C04026,B003,Education,67000,10.57,48,2025-09-23,2025-10-04,Approved,Current
L004771,C02161,B005,Home,0,15.25,60,2023-09-14,2023-09-29,Rejected,Current
L004772,C03354,B009,Home,404300,11.53,36,2025-09-11,2025-09-24,Approved,Current
L004773,C04820,B025,Auto,11100,11.19,48,2023-01-09,2023-01-22,Approved,Current
L004774,C01771,B020,Auto,42200,10.83,48,2023-11-17,2023-12-01,Approved,Current
L004775,C04545,B007,Home,247300,11.89,36,2024-01-07,2024-01-16,Approved,Current
L004776,C01703,B028,Auto,47200,10.1,72,2023-11-19,2023-11-22,Approved,Current
L004777,C00195,B025,Auto,24200,15.69,24,2025-07-08,2025-07-20,Approved,Default
L004778,C00575,B024,Business,117200,11.6,12,2023-07-11,2023-07-20,Approved,Current
L004779,C02630,B026,Auto,51200,10.91,36,2025-07-04,2025-07-16,Approved,Current
L004780,C04687,B028,Education,7800,13.36,24,2023-03-26,2023-04-06,Approved,Current
L004781,C04644,B022,Education,0,13.03,60,2025-07-24,2025-08-12,Rejected,Current
L004782,C00389,B006,Home,0,14.22,24,2024-02-11,2024-02-20,Rejected,Current
L004783,C01753,B013,Personal,25900,10.12,72,2025-12-15,2025-12-20,Approved,Current
L004784,C00661,B030,Personal,0,14.04,24,2024-02-05,2024-02-15,Rejected,Current
L004785,C02833,B007,Personal,12900,12.88,72,2024-05-28,2024-06-06,Approved,Current
L004786,C04630,B008,Personal,9900,10.47,24,2023-12-28,2023-12-29,Approved,Current
L004787,C00297,B003,Home,197300,8.52,12,2023-02-02,2023-02-15,Approved,Default
L004788,C00331,B016,Personal,9500,11.5,48,2025-01-18,2025-02-07,Approved,Current
L004789,C03850,B016,Auto,0,13.07,36,2024-09-11,2024-09-23,Rejected,Current
L004790,C04951,B020,Personal,15000,9.99,48,2023-09-28,2023-10-09,Approved,Current
L004791,C01285,B023,Home,0,14.72,60,2024-11-04,2024-11-13,Rejected,Current
L004792,C01079,B010,Personal,21400,12.9,72,2024-03-19,2024-04-03,Approved,Current
L004793,C00875,B006,Business,103800,12.23,84,2023-05-28,2023-06-10,Approved,Current
L004794,C03867,B019,Business,0,13.88,48,2024-04-15,2024-04-27,Rejected,Current
L004795,C04838,B006,Home,214600,12.44,36,2024-06-26,2024-07-10,Approved,Current
L004796,C02686,B026,Education,22300,12.95,36,2023-09-15,2023-09-24,Approved,Current
L004797,C02490,B018,Personal,15300,10.14,24,2023-09-26,2023-10-06,Approved,Current
L004798,C01586,B027,Business,62400,10.54,36,2023-12-18,2023-12-24,Approved,Current
L004799,C03808,B020,Home,105600,11.17,72,2024-01-04,2024-01-23,Approved,Current
L004800,C02941,B014,Home,86200,12.56,36,2024-02-04,2024-02-14,Approved,Current
L004801,C04487,B006,Personal,33600,13.86,60,2025-02-21,2025-03-08,Approved,Current
L004802,C04469,B017,Personal,0,14.09,84,2023-01-25,2023-02-02,Rejected,Current
L004803,C01503,B030,Business,113000,13.71,24,2023-11-28,2023-12-16,Approved,Current
L004804,C00746,B019,Auto,27100,13.0,60,2024-06-23,2024-06-25,Approved,Current
L004805,C02613,B027,Personal,0,12.46,60,2023-04-15,2023-04-19,Rejected,Current
L004806,C01509,B016,Home,0,12.49,60,2025-02-18,2025-02-27,Rejected,Current
L004807,C01771,B025,Personal,19800,12.95,24,2025-06-07,2025-06-23,Approved,Current
L004808,C03780,B019,Personal,10800,9.89,48,2024-12-25,2024-12-30,Approved,Current
L004809,C01962,B016,Education,20500,9.22,60,2024-03-13,2024-04-01,Approved,Current
L004810,C01596,B006,Home,296900,12.32,60,2023-05-24,2023-06-08,Approved,Current
L004811,C04781,B005,Home,241300,9.2,60,2024-12-02,2024-12-17,Approved,Current
L004812,C02534,B007,Education,46500,11.91,48,2023-03-15,2023-03-27,Approved,Current
L004813,C03659,B028,Home,162300,10.33,48,2025-10-12,2025-10-28,Approved,Current
L004814,C00466,B009,Home,85800,13.88,72,2025-08-19,2025-08-30,Approved,Current
L004815,C02070,B023,Personal,23800,12.18,24,2025-12-11,2025-12-18,Approved,Current
L004816,C02444,B020,Auto,0,12.35,36,2025-03-08,2025-03-24,Rejected,Current
L004817,C01233,B024,Auto,0,11.73,24,2025-11-05,2025-11-15,Rejected,Current
L004818,C00145,B017,Personal,8400,13.51,24,2023-05-18,2023-06-05,Approved,Current
L004819,C02353,B027,Auto,22500,14.24,72,2024-10-16,2024-11-01,Approved,Current
L004820,C01808,B003,Business,56700,11.95,60,2025-03-04,2025-03-05,Approved,Current
L004821,C03049,B028,Auto,39900,13.9,72,2023-07-08,2023-07-13,Approved,Current
L004822,C04043,B023,Business,120600,9.83,72,2025-10-12,2025-10-19,Approved,Current
L004823,C04140,B002,Personal,0,11.18,36,2024-06-10,2024-06-28,Rejected,Current
L004824,C04203,B029,Personal,30600,14.79,60,2023-05-09,2023-05-15,Approved,Current
L004825,C04246,B024,Auto,0,16.4,36,2023-04-24,2023-05-11,Rejected,Current
L004826,C01288,B004,Personal,0,16.03,72,2023-08-14,2023-08-26,Rejected,Current
L004827,C00110,B027,Personal,0,11.17,60,2023-05-04,2023-05-16,Rejected,Current
L004828,C04846,B020,Personal,13400,11.95,24,2023-05-09,2023-05-10,Approved,Current
L004829,C04820,B012,Business,63700,14.31,36,2023-12-11,2023-12-13,Approved,Current
L004830,C02791,B003,Personal,0,15.56,60,2023-10-21,2023-11-08,Rejected,Current
L004831,C04424,B030,Personal,11100,10.68,36,2024-04-08,2024-04-22,Approved,Current
L004832,C00862,B010,Personal,26400,11.34,48,2025-01-20,2025-01-30,Approved,Current
L004833,C00461,B014,Business,0,12.88,36,2024-05-18,2024-06-01,Rejected,Current
L004834,C01105,B024,Home,0,13.82,60,2024-03-30,2024-04-02,Rejected,Current
L004835,C00744,B022,Personal,17200,10.3,12,2023-11-22,2023-12-05,Approved,Current
L004836,C02411,B009,Business,45500,12.02,60,2025-03-02,2025-03-21,Approved,Current
L004837,C03793,B024,Business,103900,13.11,36,2023-11-09,2023-11-14,Approved,Current
L004838,C04994,B026,Home,322300,14.9,48,2024-07-05,2024-07-24,Approved,Current
L004839,C00443,B011,Personal,16300,9.43,48,2023-10-20,2023-10-25,Approved,Current
L004840,C01834,B020,Auto,56100,11.8,24,2025-08-21,2025-09-03,Approved,Current
L004841,C00886,B008,Education,0,13.36,72,2024-01-12,2024-01-27,Rejected,Current
L004842,C03605,B029,Personal,0,14.63,12,2025-01-14,2025-01-20,Rejected,Current
L004843,C04357,B009,Personal,15100,12.14,36,2025-06-15,2025-06-27,Approved,Current
L004844,C04376,B006,Personal,0,14.09,24,2024-12-19,2025-01-04,Rejected,Current
L004845,C03222,B006,Auto,25300,12.45,36,2023-10-28,2023-11-15,Approved,Current
L004846,C00152,B028,Auto,25200,11.76,24,2023-10-20,2023-11-04,Approved,Current
L004847,C01597,B026,Personal,0,13.55,36,2023-04-24,2023-05-10,Rejected,Current
L004848,C01672,B009,Personal,17800,11.11,24,2025-02-10,2025-02-24,Approved,Current
L004849,C01535,B013,Education,50800,14.85,48,2023-07-18,2023-08-03,Approved,Current
L004850,C01566,B026,Business,110900,10.19,12,2024-09-25,2024-09-28,Approved,Current
L004851,C00951,B025,Education,21200,11.31,48,2024-06-24,2024-06-26,Approved,Current
L004852,C02915,B030,Business,60700,14.94,36,2025-05-23,2025-06-02,Approved,Current
L004853,C02493,B020,Home,132800,13.12,36,2024-05-26,2024-06-09,Approved,Current
L004854,C01342,B006,Personal,0,11.04,36,2025-01-25,2025-02-11,Rejected,Current
L004855,C00732,B021,Auto,26100,9.85,60,2023-10-16,2023-11-02,Approved,Current
L004856,C04334,B028,Home,0,11.74,60,2024-05-27,2024-06-14,Rejected,Current
L004857,C00539,B027,Home,0,16.55,36,2023-01-23,2023-01-26,Rejected,Current
L004858,C00769,B021,Home,0,13.22,72,2025-07-25,2025-08-09,Rejected,Current
L004859,C02857,B015,Education,0,13.76,60,2024-04-06,2024-04-18,Rejected,Current
L004860,C03726,B009,Personal,11400,13.67,36,2023-07-28,2023-08-13,Approved,Current
L004861,C02122,B027,Personal,10200,13.29,24,2023-03-15,2023-03-21,Approved,Current
L004862,C01735,B024,Auto,0,14.11,48,2024-03-12,2024-03-26,Rejected,Current
L004863,C04392,B011,Business,31100,15.38,60,2023-12-23,2024-01-10,Approved,Default
L004864,C00014,B020,Education,43000,12.9,24,2024-11-06,2024-11-26,Approved,Current
L004865,C04708,B017,Auto,21700,13.06,72,2025-03-22,2025-03-25,Approved,Current
L004866,C03675,B002,Personal,15500,13.82,36,2023-05-02,2023-05-19,Approved,Current
L004867,C04491,B019,Home,0,12.1,24,2024-10-12,2024-11-01,Rejected,Current
L004868,C00191,B023,Education,24700,11.69,48,2024-03-23,2024-03-29,Approved,Current
L004869,C02865,B022,Home,97300,12.34,48,2023-05-29,2023-06-05,Approved,Current
L004870,C04103,B016,Auto,73200,13.97,60,2024-01-23,2024-01-29,Approved,Current
L004871,C01105,B021,Personal,0,14.33,24,2024-05-03,2024-05-15,Rejected,Current
L004872,C02813,B013,Personal,5300,11.11,12,2024-06-30,2024-07-17,Approved,Current
L004873,C00652,B002,Auto,51800,15.36,48,2025-03-13,2025-03-19,Approved,Current
L004874,C01381,B022,Business,42600,11.17,24,2023-02-04,2023-02-19,Approved,Current
L004875,C00802,B011,Education,55800,11.75,24,2025-03-11,2025-03-16,Approved,Current
L004876,C04545,B022,Business,116900,11.04,60,2023-11-03,2023-11-18,Approved,Current
L004877,C02122,B026,Auto,0,12.7,36,2023-10-21,2023-11-01,Rejected,Current
L004878,C01985,B024,Auto,23400,10.7,60,2023-06-22,2023-07-01,Approved,Current
L004879,C04141,B024,Business,60300,9.65,48,2025-11-19,2025-11-23,Approved,Current
L004880,C01553,B013,Personal,14600,12.7,60,2025-11-17,2025-11-20,Approved,Current
L004881,C02793,B007,Education,17300,9.97,36,2023-10-31,2023-11-13,Approved,Current
L004882,C02724,B013,Home,359400,12.04,36,2025-06-22,2025-06-28,Approved,Current
L004883,C02023,B025,Education,18600,9.09,24,2024-10-27,2024-10-28,Approved,Current
L004884,C04671,B019,Business,125500,11.95,60,2025-05-24,2025-06-03,Approved,Current
L004885,C01431,B024,Personal,31300,13.74,60,2025-06-01,2025-06-06,Approved,Default
L004886,C04189,B012,Personal,11100,13.33,48,2024-10-30,2024-11-01,Approved,Current
L004887,C02514,B008,Home,0,11.88,60,2025-04-02,2025-04-21,Rejected,Current
L004888,C00604,B005,Personal,0,10.44,60,2023-05-03,2023-05-19,Rejected,Current
L004889,C00327,B028,Home,168200,11.75,48,2024-02-25,2024-03-05,Approved,Current
L004890,C03839,B017,Auto,24900,8.95,60,2023-04-27,2023-05-15,Approved,Current
L004891,C02776,B008,Home,126200,10.43,72,2025-06-22,2025-07-09,Approved,Current
L004892,C03640,B030,Personal,0,12.46,24,2023-06-17,2023-06-24,Rejected,Current
L004893,C00591,B030,Education,14400,11.24,12,2024-06-12,2024-06-29,Approved,Current
L004894,C01439,B027,Home,308400,12.6,48,2024-01-17,2024-02-06,Approved,Current
L004895,C03571,B018,Business,52400,9.73,36,2025-01-11,2025-01-12,Approved,Current
L004896,C00851,B011,Personal,9000,10.32,24,2025-10-31,2025-11-08,Approved,Current
L004897,C00440,B013,Business,82700,10.33,24,2023-09-02,2023-09-22,Approved,Current
L004898,C02996,B015,Personal,14700,11.25,36,2023-03-11,2023-03-21,Approved,Current
L004899,C04424,B004,Auto,38900,11.38,24,2025-04-04,2025-04-10,Approved,Current
L004900,C01666,B028,Auto,33500,15.53,36,2023-06-18,2023-06-27,Approved,Current
L004901,C02909,B010,Education,11400,12.87,24,2024-10-05,2024-10-06,Approved,Current
L004902,C01258,B020,Home,318300,10.44,60,2024-04-03,2024-04-13,Approved,Current
L004903,C01545,B030,Personal,0,14.56,60,2024-06-02,2024-06-14,Rejected,Current
L004904,C01906,B003,Business,108500,11.7,60,2023-05-16,2023-05-27,Approved,Current
L004905,C03680,B003,Home,621100,11.03,72,2024-08-13,2024-08-18,Approved,Current
L004906,C01816,B027,Personal,0,13.65,12,2024-06-05,2024-06-24,Rejected,Current
L004907,C02277,B019,Home,207700,13.74,24,2025-02-01,2025-02-11,Approved,Current
L004908,C03317,B026,Personal,0,13.79,60,2023-07-13,2023-07-31,Rejected,Current
L004909,C01451,B012,Personal,8500,14.81,12,2025-06-01,2025-06-10,Approved,Current
L004910,C02048,B014,Home,350500,9.29,60,2024-12-19,2024-12-22,Approved,Default
L004911,C04840,B007,Personal,14400,14.01,24,2025-08-05,2025-08-09,Approved,Default
L004912,C03545,B018,Home,168600,13.01,48,2023-11-19,2023-11-25,Approved,Current
L004913,C04907,B028,Home,98500,13.01,84,2024-08-23,2024-08-25,Approved,Current
L004914,C03635,B013,Business,0,11.63,60,2023-03-10,2023-03-15,Rejected,Current
L004915,C00174,B011,Education,52500,11.52,36,2025-09-18,2025-10-08,Approved,Current
L004916,C01099,B002,Personal,41600,11.8,60,2024-04-29,2024-05-12,Approved,Current
L004917,C01123,B003,Business,74200,11.65,12,2025-09-11,2025-09-12,Approved,Current
L004918,C02561,B012,Education,39900,10.87,84,2024-03-19,2024-04-02,Approved,Current
L004919,C02043,B012,Auto,0,14.62,36,2025-08-10,2025-08-30,Rejected,Current
L004920,C03779,B015,Education,45400,12.38,84,2024-08-01,2024-08-12,Approved,Default
L004921,C02177,B022,Home,0,14.72,60,2024-01-30,2024-02-01,Rejected,Current
L004922,C02422,B008,Business,60400,8.17,36,2025-01-26,2025-02-10,Approved,Current
L004923,C04332,B019,Auto,0,12.39,60,2025-09-16,2025-09-23,Rejected,Current
L004924,C04838,B008,Home,195300,13.62,36,2023-05-21,2023-05-26,Approved,Current
L004925,C03773,B021,Auto,26400,9.94,60,2024-06-07,2024-06-19,Approved,Current
L004926,C01693,B010,Home,204000,11.91,60,2024-05-01,2024-05-18,Approved,Current
L004927,C00291,B008,Personal,12000,12.53,48,2023-03-13,2023-03-29,Approved,Current
L004928,C03932,B022,Personal,0,15.83,36,2024-11-06,2024-11-23,Rejected,Current
L004929,C01419,B021,Auto,28700,15.2,84,2023-02-01,2023-02-08,Approved,Current
L004930,C01989,B020,Auto,0,10.82,36,2023-07-04,2023-07-05,Rejected,Current
L004931,C00568,B005,Home,683800,13.63,24,2024-05-09,2024-05-11,Approved,Current
L004932,C03039,B010,Home,0,12.3,60,2024-11-10,2024-11-30,Rejected,Current
L004933,C02346,B001,Personal,0,13.05,60,2025-07-30,2025-08-04,Rejected,Current
L004934,C03144,B025,Home,0,12.97,60,2024-02-27,2024-02-28,Rejected,Current
L004935,C02304,B025,Business,54000,14.42,12,2024-07-28,2024-08-10,Approved,Current
L004936,C00309,B027,Business,78900,10.95,36,2023-08-28,2023-08-29,Approved,Current
L004937,C02139,B004,Auto,15300,11.22,36,2025-03-18,2025-04-06,Approved,Current
L004938,C02197,B011,Education,87200,11.18,72,2023-12-19,2023-12-20,Approved,Current
L004939,C00462,B001,Business,82000,9.2,36,2023-08-29,2023-09-01,Approved,Current
L004940,C04731,B026,Personal,16300,13.41,48,2024-11-14,2024-11-19,Approved,Current
L004941,C03821,B023,Home,539300,13.46,12,2024-06-15,2024-07-04,Approved,Current
L004942,C04733,B014,Personal,11400,10.73,60,2025-05-02,2025-05-14,Approved,Current
L004943,C00646,B022,Home,377000,13.82,24,2023-12-23,2023-12-31,Approved,Current
L004944,C04614,B012,Business,131600,11.99,72,2023-01-27,2023-02-01,Approved,Current
L004945,C01397,B011,Personal,0,13.0,60,2023-10-21,2023-11-05,Rejected,Current
L004946,C03269,B029,Business,77500,10.6,48,2025-09-12,2025-09-23,Approved,Current
L004947,C04286,B022,Auto,40700,14.89,60,2023-12-20,2024-01-04,Approved,Default
L004948,C03875,B006,Auto,32600,11.66,60,2023-03-17,2023-03-22,Approved,Current
L004949,C04175,B029,Personal,0,14.24,60,2025-07-16,2025-07-22,Rejected,Current
L004950,C01571,B010,Personal,12900,15.66,60,2025-05-24,2025-05-28,Approved,Current
L004951,C00816,B030,Auto,21600,11.06,72,2023-02-11,2023-02-16,Approved,Current
L004952,C01906,B019,Business,80200,11.27,48,2024-02-19,2024-03-03,Approved,Current
L004953,C04168,B020,Business,0,12.87,48,2023-08-21,2023-09-02,Rejected,Current
L004954,C02091,B001,Auto,19400,11.55,84,2025-04-17,2025-04-23,Approved,Default
L004955,C04899,B017,Personal,13800,10.83,36,2023-03-16,2023-03-21,Approved,Current
L004956,C03205,B007,Personal,0,12.17,60,2024-09-27,2024-10-07,Rejected,Current
L004957,C03871,B020,Business,42500,15.32,36,2025-06-12,2025-06-18,Approved,Current
L004958,C01130,B030,Personal,22800,10.62,48,2024-02-08,2024-02-17,Approved,Current
L004959,C02056,B002,Auto,15800,11.66,36,2024-09-28,2024-10-18,Approved,Current
L004960,C01798,B029,Home,101700,11.66,24,2024-04-22,2024-05-10,Approved,Current
L004961,C03415,B024,Home,99100,15.6,84,2024-01-25,2024-01-29,Approved,Current
L004962,C02485,B007,Home,75000,11.17,48,2025-04-03,2025-04-16,Approved,Current
L004963,C00689,B010,Education,0,11.44,36,2024-09-30,2024-10-04,Rejected,Current
L004964,C03464,B018,Business,126600,10.89,60,2024-09-03,2024-09-16,Approved,Current
L004965,C00576,B012,Business,157800,8.56,24,2025-02-02,2025-02-13,Approved,Current
L004966,C04996,B011,Home,292200,10.9,48,2023-10-25,2023-11-05,Approved,Current
L004967,C03011,B023,Personal,0,12.42,48,2024-07-25,2024-08-13,Rejected,Current
L004968,C03903,B030,Education,27500,10.11,24,2023-02-25,2023-02-26,Approved,Current
L004969,C04816,B016,Personal,31400,12.48,84,2023-09-16,2023-09-30,Approved,Current
L004970,C04322,B007,Home,0,11.21,48,2024-05-09,2024-05-22,Rejected,Current
L004971,C03871,B014,Personal,0,15.94,36,2025-09-02,2025-09-09,Rejected,Current
L004972,C02840,B003,Home,0,13.71,60,2023-02-12,2023-02-13,Rejected,Current
L004973,C03075,B025,Home,89700,15.57,36,2024-02-16,2024-02-29,Approved,Current
L004974,C04641,B021,Business,73700,14.9,60,2023-12-06,2023-12-11,Approved,Current
L004975,C02526,B024,Education,0,16.43,60,2023-10-01,2023-10-09,Rejected,Current
L004976,C03482,B029,Home,202700,12.91,24,2025-01-31,2025-02-14,Approved,Current
L004977,C02018,B008,Personal,0,14.88,24,2025-11-10,2025-11-12,Rejected,Current
L004978,C03379,B001,Auto,55800,11.52,60,2025-10-01,2025-10-20,Approved,Current
L004979,C03286,B021,Home,0,14.89,60,2023-06-03,2023-06-07,Rejected,Current
L004980,C03102,B021,Education,0,11.66,24,2024-06-18,2024-06-20,Rejected,Current
L004981,C04515,B003,Personal,21800,9.05,24,2025-06-24,2025-06-28,Approved,Current
L004982,C03609,B021,Personal,12400,10.99,12,2024-05-15,2024-05-21,Approved,Current
L004983,C01052,B017,Auto,41800,15.74,24,2025-07-28,2025-08-15,Approved,Current
L004984,C04705,B028,Business,0,15.63,48,2023-06-30,2023-07-01,Rejected,Current
L004985,C00087,B014,Home,116400,13.11,36,2025-08-12,2025-08-25,Approved,Current
L004986,C03098,B010,Personal,36000,10.8,36,2024-10-13,2024-10-28,Approved,Current
L004987,C04809,B010,Home,179500,12.75,48,2024-04-28,2024-05-07,Approved,Current
L004988,C02440,B001,Home,99900,11.47,36,2023-01-03,2023-01-05,Approved,Current
L004989,C01278,B012,Personal,10600,13.27,60,2024-11-05,2024-11-19,Approved,Current
L004990,C00520,B015,Business,127500,14.1,48,2025-01-13,2025-01-17,Approved,Current
L004991,C00387,B015,Personal,32100,11.7,24,2025-05-10,2025-05-29,Approved,Current
L004992,C00014,B010,Home,241100,12.97,36,2023-06-07,2023-06-27,Approved,Current
L004993,C04187,B001,Auto,41800,15.81,36,2024-08-05,2024-08-10,Approved,Default
L004994,C03476,B006,Personal,11500,13.46,36,2025-06-04,2025-06-13,Approved,Current
L004995,C03577,B014,Business,100000,14.07,36,2024-04-09,2024-04-29,Approved,Current
L004996,C00004,B030,Auto,26700,11.92,36,2023-06-23,2023-07-13,Approved,Current
L004997,C03070,B022,Personal,16200,12.37,24,2025-06-26,2025-07-13,Approved,Current
L004998,C03291,B028,Business,89300,10.59,36,2024-05-12,2024-05-28,Approved,Current
L004999,C03660,B010,Home,128700,13.45,60,2025-04-04,2025-04-21,Approved,Current
L005000,C04892,B017,Auto,0,12.59,60,2025-09-15,2025-10-05,Rejected,Current
L005001,C03939,B001,Business,54500,10.96,12,2023-08-28,2023-09-17,Approved,Current
L005002,C04312,B021,Business,46500,9.21,24,2023-07-21,2023-07-28,Approved,Current
L005003,C01603,B018,Home,120100,13.16,72,2025-01-09,2025-01-10,Approved,Current
L005004,C04800,B019,Personal,29300,12.79,36,2023-11-18,2023-11-30,Approved,Current
L005005,C04827,B023,Personal,21700,10.63,36,2025-07-21,2025-08-10,Approved,Current
L005006,C03974,B003,Business,35600,13.5,36,2024-10-15,2024-11-01,Approved,Current
L005007,C02543,B017,Education,0,10.3,72,2023-05-18,2023-06-02,Rejected,Current
L005008,C01643,B028,Personal,17500,10.83,24,2023-11-16,2023-11-22,Approved,Current
L005009,C01490,B028,Personal,0,15.79,60,2025-07-25,2025-08-07,Rejected,Current
L005010,C04059,B017,Business,83200,13.52,48,2025-02-27,2025-03-11,Approved,Current
L005011,C03234,B005,Home,0,16.37,60,2025-02-15,2025-02-18,Rejected,Current
L005012,C01696,B014,Personal,19800,15.47,60,2024-10-10,2024-10-18,Approved,Current
L005013,C01387,B016,Personal,9000,14.34,60,2024-02-06,2024-02-22,Approved,Current
L005014,C04793,B025,Home,152600,10.11,24,2023-03-10,2023-03-25,Approved,Current
L005015,C01198,B003,Education,23100,12.5,36,2023-03-03,2023-03-10,Approved,Current
L005016,C02286,B005,Education,42800,13.04,36,2023-05-01,2023-05-17,Approved,Current
L005017,C00988,B006,Home,0,13.19,24,2024-05-30,2024-06-10,Rejected,Current
L005018,C03990,B023,Education,41300,12.92,60,2024-09-22,2024-09-26,Approved,Current
L005019,C02960,B004,Personal,9300,11.85,60,2024-09-16,2024-10-02,Approved,Current
L005020,C01262,B023,Business,0,11.55,24,2023-11-28,2023-12-02,Rejected,Current
L005021,C04726,B003,Personal,24100,11.48,60,2025-01-15,2025-01-26,Approved,Current
L005022,C01256,B028,Business,188100,11.0,36,2025-09-28,2025-10-14,Approved,Current
L005023,C00588,B004,Home,0,13.73,36,2024-02-20,2024-03-07,Rejected,Current
L005024,C01541,B007,Personal,11300,12.76,84,2025-06-16,2025-06-23,Approved,Current
L005025,C00794,B003,Education,0,12.91,24,2024-07-23,2024-07-29,Rejected,Current
L005026,C03917,B024,Personal,43700,10.12,24,2023-05-30,2023-06-09,Approved,Current
L005027,C02021,B027,Education,32800,12.53,36,2023-01-19,2023-02-07,Approved,Current
L005028,C00119,B012,Personal,9800,11.54,72,2023-01-20,2023-02-09,Approved,Current
L005029,C01214,B010,Personal,9900,12.62,24,2023-12-22,2024-01-06,Approved,Current
L005030,C00614,B023,Business,102300,13.75,60,2025-01-25,2025-01-29,Approved,Current
L005031,C04582,B005,Auto,39000,11.23,60,2025-11-03,2025-11-09,Approved,Current
L005032,C04418,B014,Home,163800,11.26,72,2025-02-26,2025-03-17,Approved,Current
L005033,C04235,B002,Personal,0,12.54,48,2023-10-28,2023-11-17,Rejected,Current
L005034,C03474,B023,Auto,58600,11.44,48,2025-04-04,2025-04-16,Approved,Current
L005035,C03298,B002,Home,152700,13.22,60,2023-01-31,2023-02-06,Approved,Default
L005036,C01290,B030,Home,0,13.45,24,2025-08-05,2025-08-18,Rejected,Current
L005037,C02381,B015,Auto,0,13.33,48,2024-04-07,2024-04-12,Rejected,Current
L005038,C00224,B002,Auto,62000,10.22,60,2025-06-21,2025-07-05,Approved,Current
L005039,C04668,B004,Education,0,15.49,60,2025-03-27,2025-04-10,Rejected,Current
L005040,C02824,B010,Auto,67000,11.19,24,2024-02-11,2024-02-28,Approved,Current
L005041,C03015,B012,Home,259100,13.47,72,2025-09-15,2025-09-19,Approved,Current
L005042,C02641,B013,Home,84300,12.21,60,2024-07-06,2024-07-14,Approved,Default
L005043,C04905,B009,Home,211700,11.13,36,2025-06-18,2025-06-19,Approved,Current
L005044,C00987,B004,Personal,44800,13.59,48,2023-04-05,2023-04-17,Approved,Current
L005045,C01024,B012,Home,0,12.24,36,2024-08-16,2024-08-29,Rejected,Current
L005046,C01544,B024,Business,0,14.31,84,2023-06-08,2023-06-28,Rejected,Current
L005047,C01273,B006,Business,117500,11.98,48,2023-02-16,2023-02-21,Approved,Current
L005048,C01780,B007,Auto,66900,12.76,36,2023-12-22,2023-12-29,Approved,Current
L005049,C01701,B030,Auto,34900,11.5,60,2023-07-21,2023-07-24,Approved,Current
L005050,C03931,B018,Home,0,13.11,60,2024-07-03,2024-07-22,Rejected,Current
L005051,C02235,B018,Auto,87900,11.65,60,2025-11-17,2025-11-24,Approved,Current
L005052,C04345,B006,Business,141300,14.09,24,2025-11-07,2025-11-24,Approved,Current
L005053,C03199,B019,Auto,28100,11.45,36,2025-09-17,2025-09-30,Approved,Current
L005054,C03160,B030,Personal,22700,14.12,36,2025-10-10,2025-10-29,Approved,Default
L005055,C03984,B022,Auto,23500,12.62,36,2025-10-29,2025-11-11,Approved,Current
L005056,C01024,B014,Auto,34000,13.05,48,2025-05-24,2025-06-01,Approved,Current
L005057,C03840,B004,Personal,34700,12.19,36,2023-02-09,2023-02-17,Approved,Current
L005058,C00826,B020,Personal,0,12.99,12,2024-09-04,2024-09-17,Rejected,Current
L005059,C02737,B012,Business,58700,10.2,60,2025-10-03,2025-10-05,Approved,Current
L005060,C03407,B016,Auto,0,14.75,48,2023-02-27,2023-03-02,Rejected,Current
L005061,C02775,B014,Business,0,13.13,12,2025-08-19,2025-09-01,Rejected,Current
L005062,C04633,B008,Personal,11500,14.47,72,2024-09-09,2024-09-26,Approved,Current
L005063,C00492,B025,Personal,8200,12.22,60,2023-12-16,2023-12-22,Approved,Current
L005064,C01860,B027,Personal,9300,13.35,12,2023-10-13,2023-10-16,Approved,Current
L005065,C02340,B010,Home,353100,11.73,72,2023-02-14,2023-02-15,Approved,Current
L005066,C00592,B030,Home,171100,11.64,48,2025-08-31,2025-09-15,Approved,Current
L005067,C02735,B030,Business,98100,12.3,36,2024-02-19,2024-02-27,Approved,Current
L005068,C01493,B011,Auto,18800,12.93,12,2023-02-05,2023-02-17,Approved,Current
L005069,C00948,B023,Education,20300,9.37,60,2025-07-23,2025-07-30,Approved,Current
L005070,C01576,B025,Personal,12800,11.01,84,2023-02-07,2023-02-23,Approved,Current
L005071,C00683,B016,Personal,15500,14.03,24,2023-08-27,2023-09-04,Approved,Current
L005072,C00629,B017,Personal,7200,10.0,36,2025-06-25,2025-07-04,Approved,Current
L005073,C04689,B022,Home,336900,11.97,36,2025-02-22,2025-03-02,Approved,Current
L005074,C04483,B010,Personal,17800,10.25,48,2023-06-16,2023-06-22,Approved,Current
L005075,C04748,B028,Auto,35800,12.08,72,2025-01-01,2025-01-02,Approved,Current
L005076,C02241,B004,Personal,29800,11.12,24,2025-10-12,2025-10-28,Approved,Current
L005077,C03755,B016,Personal,28500,11.26,36,2025-01-28,2025-01-29,Approved,Current
L005078,C00101,B030,Home,134800,11.24,24,2023-11-17,2023-11-30,Approved,Current
L005079,C01094,B002,Home,258000,12.14,36,2025-08-14,2025-08-25,Approved,Current
L005080,C02492,B026,Business,131700,10.1,24,2025-08-25,2025-09-05,Approved,Current
L005081,C03773,B016,Business,113000,9.45,60,2024-10-25,2024-11-13,Approved,Current
L005082,C00433,B018,Personal,32300,9.66,12,2023-04-14,2023-05-03,Approved,Current
L005083,C00537,B006,Business,147500,11.92,60,2025-05-24,2025-06-04,Approved,Current
L005084,C00601,B020,Auto,0,15.17,24,2023-10-09,2023-10-24,Rejected,Current
L005085,C01667,B021,Home,392000,12.32,36,2024-04-24,2024-05-04,Approved,Current
L005086,C02756,B026,Personal,18300,11.28,36,2024-09-08,2024-09-28,Approved,Current
L005087,C00319,B025,Auto,33000,11.49,36,2024-03-20,2024-04-05,Approved,Current
L005088,C04942,B008,Personal,0,14.4,24,2025-07-02,2025-07-05,Rejected,Current
L005089,C01863,B004,Personal,16300,12.7,48,2023-03-08,2023-03-10,Approved,Default
L005090,C03733,B011,Personal,23500,13.53,72,2024-03-23,2024-04-06,Approved,Current
L005091,C01528,B002,Home,0,15.94,48,2023-10-15,2023-10-30,Rejected,Current
L005092,C00071,B002,Auto,9100,10.23,12,2024-09-04,2024-09-12,Approved,Current
L005093,C00444,B019,Business,132000,12.23,36,2024-02-09,2024-02-10,Approved,Current
L005094,C04695,B023,Auto,0,11.43,36,2023-12-28,2024-01-11,Rejected,Current
L005095,C00387,B007,Education,0,11.97,36,2024-10-06,2024-10-20,Rejected,Current
L005096,C01870,B023,Business,0,13.28,36,2024-08-01,2024-08-20,Rejected,Current
L005097,C04649,B003,Personal,28400,12.96,24,2024-12-24,2025-01-01,Approved,Current
L005098,C02012,B009,Home,353100,14.14,84,2024-11-11,2024-11-20,Approved,Current
L005099,C02922,B016,Home,60900,12.35,48,2023-01-02,2023-01-17,Approved,Current
L005100,C03352,B007,Auto,0,11.03,48,2025-12-02,2025-12-14,Rejected,Current
L005101,C00280,B014,Auto,27800,11.58,48,2023-06-25,2023-07-13,Approved,Current
L005102,C00771,B012,Auto,55100,13.62,60,2023-03-31,2023-04-01,Approved,Current
L005103,C00954,B012,Personal,0,13.32,48,2024-12-17,2025-01-01,Rejected,Current
L005104,C04425,B028,Auto,15600,10.95,60,2025-07-31,2025-08-01,Approved,Current
L005105,C01560,B025,Personal,18200,9.04,24,2025-12-15,2025-12-16,Approved,Current
L005106,C02498,B009,Personal,0,12.46,12,2025-01-11,2025-01-13,Rejected,Current
L005107,C03447,B007,Home,153600,15.94,48,2023-02-23,2023-02-27,Approved,Current
L005108,C03368,B005,Auto,83600,12.38,60,2025-02-01,2025-02-18,Approved,Default
L005109,C03548,B008,Personal,0,12.98,60,2025-08-05,2025-08-07,Rejected,Current
L005110,C02441,B010,Home,156800,11.99,36,2024-10-19,2024-10-26,Approved,Current
L005111,C00109,B019,Home,102500,11.35,12,2023-07-28,2023-08-07,Approved,Current
L005112,C04455,B022,Personal,19600,9.9,24,2025-12-05,2025-12-15,Approved,Current
L005113,C00956,B024,Auto,0,10.97,36,2023-04-28,2023-05-11,Rejected,Current
L005114,C03361,B019,Personal,15700,15.45,60,2023-08-05,2023-08-10,Approved,Current
L005115,C03490,B027,Business,190900,10.8,36,2024-09-25,2024-10-02,Approved,Current
L005116,C00318,B009,Home,85800,11.99,48,2025-05-27,2025-06-10,Approved,Current
L005117,C00341,B018,Home,76000,11.0,24,2023-06-02,2023-06-20,Approved,Current
L005118,C04445,B017,Business,175500,10.31,24,2025-03-03,2025-03-22,Approved,Current
L005119,C02075,B013,Business,189100,8.46,60,2025-07-11,2025-07-31,Approved,Current
L005120,C00638,B027,Business,0,14.08,48,2023-02-04,2023-02-14,Rejected,Current
L005121,C04497,B012,Personal,46700,11.88,72,2023-04-17,2023-04-25,Approved,Default
L005122,C04464,B010,Personal,22800,12.17,36,2025-06-07,2025-06-09,Approved,Current
L005123,C02391,B022,Auto,57000,16.02,48,2023-09-27,2023-10-11,Approved,Default
L005124,C03989,B006,Home,119700,13.48,24,2025-06-29,2025-07-01,Approved,Current
L005125,C05000,B013,Education,63500,13.18,36,2025-06-27,2025-07-09,Approved,Current
L005126,C03194,B016,Home,159600,13.16,60,2025-01-09,2025-01-26,Approved,Current
L005127,C03937,B030,Home,0,13.88,72,2024-02-28,2024-03-17,Rejected,Current
L005128,C04282,B004,Home,241200,13.35,24,2023-07-07,2023-07-24,Approved,Current
L005129,C02367,B028,Business,76600,11.53,24,2024-05-15,2024-05-30,Approved,Current
L005130,C03003,B018,Personal,7800,13.5,84,2025-03-12,2025-03-15,Approved,Current
L005131,C04690,B019,Education,30100,10.7,60,2023-09-26,2023-10-15,Approved,Current
L005132,C01566,B018,Home,155300,11.46,36,2023-09-17,2023-09-28,Approved,Current
L005133,C00793,B012,Business,62300,12.37,36,2025-12-07,2025-12-25,Approved,Current
L005134,C03705,B020,Home,366000,12.51,60,2023-04-18,2023-04-21,Approved,Current
L005135,C02401,B010,Business,0,14.23,60,2024-12-27,2025-01-14,Rejected,Current
L005136,C00355,B011,Personal,10900,12.45,60,2024-06-18,2024-06-22,Approved,Current
L005137,C04202,B028,Business,0,12.95,72,2024-08-01,2024-08-10,Rejected,Current
L005138,C03896,B008,Home,148600,13.24,36,2024-11-02,2024-11-08,Approved,Current
L005139,C04514,B015,Home,651300,9.63,36,2024-05-29,2024-06-05,Approved,Current
L005140,C04018,B002,Personal,23600,12.44,36,2025-06-26,2025-06-27,Approved,Current
L005141,C04738,B007,Auto,53300,11.62,12,2023-05-04,2023-05-07,Approved,Current
L005142,C02253,B020,Personal,34500,10.67,48,2024-06-28,2024-07-13,Approved,Current
L005143,C00565,B006,Personal,19300,7.78,36,2025-11-21,2025-11-23,Approved,Current
L005144,C03454,B017,Personal,0,9.97,24,2024-10-18,2024-10-27,Rejected,Current
L005145,C01303,B017,Personal,41500,13.16,72,2024-05-23,2024-05-31,Approved,Current
L005146,C01751,B023,Auto,0,12.12,24,2023-10-04,2023-10-23,Rejected,Current
L005147,C02591,B023,Personal,0,10.64,60,2023-10-20,2023-11-03,Rejected,Current
L005148,C00258,B007,Personal,12100,11.05,60,2023-08-24,2023-09-03,Approved,Current
L005149,C01596,B019,Home,149300,15.44,12,2024-06-28,2024-07-09,Approved,Current
L005150,C01047,B006,Home,350000,14.16,48,2024-10-19,2024-10-27,Approved,Current
L005151,C02233,B010,Home,0,12.45,48,2024-10-04,2024-10-08,Rejected,Current
L005152,C02595,B024,Home,604100,13.61,60,2024-10-06,2024-10-14,Approved,Current
L005153,C04078,B024,Home,125300,12.35,60,2025-10-29,2025-11-08,Approved,Current
L005154,C03585,B028,Home,199800,12.8,12,2025-05-08,2025-05-23,Approved,Default
L005155,C01641,B008,Business,0,13.03,48,2024-08-07,2024-08-20,Rejected,Current
L005156,C01712,B026,Personal,16300,11.2,36,2024-11-20,2024-11-25,Approved,Current
L005157,C00049,B023,Business,0,12.07,24,2023-07-04,2023-07-19,Rejected,Current
L005158,C00168,B004,Personal,17600,12.27,36,2023-03-27,2023-03-30,Approved,Current
L005159,C01854,B021,Auto,66000,8.98,60,2025-11-06,2025-11-09,Approved,Current
L005160,C03855,B022,Home,0,11.15,60,2025-04-12,2025-04-25,Rejected,Current
L005161,C03742,B017,Personal,27100,10.32,48,2025-04-04,2025-04-13,Approved,Current
L005162,C02069,B002,Auto,25100,14.09,60,2024-12-03,2024-12-05,Approved,Current
L005163,C00392,B022,Business,0,15.82,84,2023-07-14,2023-07-29,Rejected,Current
L005164,C02951,B019,Home,0,13.51,72,2023-01-05,2023-01-23,Rejected,Current
L005165,C01450,B019,Home,198100,9.91,24,2024-02-10,2024-02-18,Approved,Current
L005166,C00229,B004,Personal,51800,9.82,36,2025-06-15,2025-06-18,Approved,Default
L005167,C03253,B016,Education,21700,15.26,36,2023-06-24,2023-06-25,Approved,Current
L005168,C00352,B017,Business,86600,13.09,48,2024-08-22,2024-08-29,Approved,Current
L005169,C02273,B021,Home,242200,12.99,24,2024-11-25,2024-12-01,Approved,Current
L005170,C04038,B008,Business,68300,9.55,72,2023-04-20,2023-04-21,Approved,Current
L005171,C00234,B008,Home,141800,13.56,60,2024-09-03,2024-09-12,Approved,Default
L005172,C00266,B007,Auto,33300,12.37,24,2025-04-18,2025-04-29,Approved,Current
L005173,C00858,B007,Home,0,13.34,36,2023-08-16,2023-08-21,Rejected,Current
L005174,C00499,B004,Home,0,12.21,24,2025-01-13,2025-01-16,Rejected,Current
L005175,C00877,B025,Personal,12600,11.59,48,2025-01-16,2025-01-25,Approved,Current
L005176,C02259,B027,Education,0,13.8,72,2024-05-05,2024-05-12,Rejected,Current
L005177,C04195,B006,Business,135500,9.38,60,2024-10-29,2024-11-18,Approved,Current
L005178,C01645,B018,Business,198100,12.79,60,2024-05-28,2024-06-10,Approved,Current
L005179,C02393,B011,Home,369000,12.37,12,2025-05-28,2025-05-29,Approved,Current
L005180,C03325,B015,Personal,11000,13.2,72,2024-10-20,2024-11-09,Approved,Current
L005181,C02952,B021,Auto,21200,12.49,36,2023-11-01,2023-11-04,Approved,Current
L005182,C04620,B016,Business,64600,11.21,72,2024-01-03,2024-01-09,Approved,Current
L005183,C02648,B023,Education,25800,12.2,48,2025-09-14,2025-09-25,Approved,Current
L005184,C04952,B012,Personal,12800,9.86,48,2024-07-25,2024-08-11,Approved,Current
L005185,C02257,B024,Auto,29100,11.24,60,2025-03-20,2025-04-04,Approved,Current
L005186,C01433,B030,Auto,19800,15.58,36,2025-02-13,2025-02-17,Approved,Default
L005187,C00481,B011,Personal,27700,12.12,60,2025-03-20,2025-03-21,Approved,Current
L005188,C02971,B007,Home,109800,10.92,84,2023-07-04,2023-07-05,Approved,Current
L005189,C01666,B010,Personal,0,14.49,36,2025-02-22,2025-02-28,Rejected,Current
L005190,C00329,B003,Auto,42600,11.3,12,2025-09-23,2025-10-02,Approved,Current
L005191,C03255,B005,Business,141300,13.26,48,2023-10-27,2023-11-10,Approved,Current
L005192,C00417,B009,Business,83900,12.81,48,2023-08-22,2023-09-05,Approved,Current
L005193,C02302,B022,Auto,0,10.82,12,2025-03-23,2025-03-30,Rejected,Current
L005194,C00945,B026,Home,0,13.72,60,2023-08-31,2023-09-06,Rejected,Current
L005195,C02053,B028,Auto,0,11.65,36,2024-10-31,2024-11-19,Rejected,Current
L005196,C02351,B004,Business,0,12.45,84,2023-12-16,2023-12-19,Rejected,Current
L005197,C00980,B022,Auto,0,13.13,60,2023-10-18,2023-10-23,Rejected,Current
L005198,C01657,B016,Home,0,13.93,12,2024-07-26,2024-08-01,Rejected,Current
L005199,C02655,B030,Education,60500,9.32,84,2025-06-14,2025-06-22,Approved,Current
L005200,C01452,B027,Business,0,13.43,36,2025-03-19,2025-04-01,Rejected,Current
L005201,C03012,B017,Business,87800,14.69,60,2023-05-18,2023-05-31,Approved,Current
L005202,C02784,B019,Education,19200,13.98,60,2023-04-28,2023-04-29,Approved,Current
L005203,C04004,B020,Home,0,16.51,48,2024-09-28,2024-10-17,Rejected,Current
L005204,C01587,B015,Business,119400,15.22,72,2023-08-10,2023-08-19,Approved,Current
L005205,C00390,B007,Auto,0,13.46,60,2023-06-09,2023-06-13,Rejected,Current
L005206,C03729,B002,Personal,14000,11.71,72,2024-07-10,2024-07-15,Approved,Current
L005207,C00850,B023,Auto,61800,12.83,60,2024-06-11,2024-06-28,Approved,Current
L005208,C00819,B027,Home,0,13.07,60,2024-08-24,2024-08-31,Rejected,Current
L005209,C03636,B030,Personal,4900,14.7,48,2025-03-13,2025-03-31,Approved,Current
L005210,C04108,B008,Education,0,15.83,24,2024-09-08,2024-09-21,Rejected,Current
L005211,C02655,B013,Personal,59000,11.39,24,2023-08-03,2023-08-04,Approved,Current
L005212,C03955,B013,Education,0,14.56,48,2024-03-01,2024-03-15,Rejected,Current
L005213,C04107,B024,Personal,13100,10.59,36,2024-11-20,2024-12-04,Approved,Current
L005214,C00490,B023,Home,81600,14.22,36,2025-01-07,2025-01-20,Approved,Current
L005215,C02320,B008,Home,93000,11.05,84,2025-12-05,2025-12-23,Approved,Current
L005216,C02929,B024,Auto,42300,13.68,72,2025-02-11,2025-02-19,Approved,Current
L005217,C03164,B001,Personal,0,13.94,48,2024-08-17,2024-08-18,Rejected,Current
L005218,C02935,B017,Education,0,16.6,72,2025-11-07,2025-11-22,Rejected,Current
L005219,C01147,B007,Auto,13500,10.66,12,2024-02-16,2024-03-04,Approved,Current
L005220,C02824,B008,Business,0,13.07,24,2023-05-23,2023-06-09,Rejected,Current
L005221,C02506,B025,Personal,0,11.18,72,2024-02-21,2024-02-23,Rejected,Current
L005222,C00812,B021,Home,0,11.64,60,2025-03-24,2025-04-07,Rejected,Current
L005223,C00056,B018,Education,13500,10.3,60,2024-09-19,2024-09-20,Approved,Current
L005224,C00708,B010,Personal,13300,13.41,60,2025-04-19,2025-04-21,Approved,Current
L005225,C01010,B023,Personal,11200,12.45,12,2025-10-21,2025-10-28,Approved,Current
L005226,C04119,B020,Home,0,11.79,60,2024-03-30,2024-03-31,Rejected,Current
L005227,C03849,B026,Education,21100,12.31,36,2023-03-19,2023-03-29,Approved,Current
L005228,C03317,B021,Home,150800,12.13,60,2024-10-08,2024-10-26,Approved,Current
L005229,C04868,B001,Home,245000,9.49,36,2025-04-19,2025-04-22,Approved,Current
L005230,C03490,B030,Auto,79000,12.71,60,2025-08-13,2025-08-31,Approved,Current
L005231,C04327,B030,Education,0,13.5,72,2023-09-05,2023-09-24,Rejected,Current
L005232,C04306,B004,Personal,23100,11.1,36,2025-10-30,2025-11-12,Approved,Current
L005233,C01401,B021,Personal,17100,13.97,48,2023-02-10,2023-02-12,Approved,Current
L005234,C01194,B009,Personal,0,15.49,48,2025-08-19,2025-08-22,Rejected,Current
L005235,C04995,B005,Personal,34200,11.22,60,2025-06-22,2025-06-26,Approved,Current
L005236,C01498,B021,Home,300500,11.47,60,2024-02-18,2024-03-06,Approved,Default
L005237,C01251,B029,Personal,7600,9.45,36,2024-11-06,2024-11-14,Approved,Current
L005238,C00873,B008,Home,359500,11.86,72,2023-03-23,2023-03-31,Approved,Current
L005239,C02411,B020,Home,225300,12.6,60,2023-11-29,2023-12-02,Approved,Current
L005240,C03551,B007,Home,113200,12.52,24,2023-10-23,2023-11-07,Approved,Current
L005241,C01579,B005,Education,19300,10.94,36,2024-03-16,2024-03-27,Approved,Current
L005242,C00475,B014,Personal,24800,12.32,36,2025-02-17,2025-02-26,Approved,Current
L005243,C04291,B021,Home,46500,10.15,24,2024-12-12,2024-12-23,Approved,Current
L005244,C03567,B006,Personal,16800,9.16,60,2024-05-09,2024-05-15,Approved,Current
L005245,C04049,B024,Home,129000,14.32,12,2024-06-12,2024-06-22,Approved,Current
L005246,C04625,B015,Auto,21100,10.93,48,2025-05-15,2025-05-25,Approved,Current
L005247,C00271,B030,Business,73900,10.99,60,2023-07-14,2023-08-01,Approved,Current
L005248,C03552,B007,Home,0,10.27,36,2024-05-12,2024-05-25,Rejected,Current
L005249,C04586,B027,Business,0,12.12,48,2023-06-02,2023-06-19,Rejected,Current
L005250,C04458,B008,Business,29500,13.54,24,2023-12-10,2023-12-14,Approved,Current
L005251,C03884,B003,Personal,19800,12.6,60,2023-04-26,2023-05-14,Approved,Current
L005252,C02620,B009,Personal,0,13.13,72,2025-09-09,2025-09-10,Rejected,Current
L005253,C00995,B021,Auto,95300,12.81,60,2025-07-30,2025-08-17,Approved,Current
L005254,C00769,B029,Education,0,14.27,24,2025-11-30,2025-12-07,Rejected,Current
L005255,C00545,B029,Home,0,15.27,36,2023-04-14,2023-04-19,Rejected,Current
L005256,C00932,B007,Personal,24300,12.31,24,2023-09-05,2023-09-21,Approved,Current
L005257,C00091,B029,Business,52100,10.47,48,2025-09-13,2025-09-18,Approved,Current
L005258,C04334,B030,Personal,30900,11.34,60,2025-08-03,2025-08-13,Approved,Current
L005259,C00851,B013,Auto,0,11.88,84,2023-12-30,2024-01-15,Rejected,Current
L005260,C02969,B030,Personal,0,13.21,48,2024-11-14,2024-11-18,Rejected,Current
L005261,C04873,B027,Personal,0,9.38,60,2025-06-06,2025-06-07,Rejected,Current
L005262,C03078,B001,Home,290300,13.4,24,2025-11-14,2025-11-22,Approved,Current
L005263,C02660,B001,Auto,32800,12.83,24,2025-08-22,2025-08-23,Approved,Current
L005264,C00634,B014,Personal,0,13.13,36,2024-04-01,2024-04-04,Rejected,Current
L005265,C03229,B027,Business,170700,13.32,12,2023-01-11,2023-01-29,Approved,Current
L005266,C01225,B007,Personal,9100,11.26,36,2024-06-01,2024-06-03,Approved,Current
L005267,C01249,B011,Home,0,13.48,84,2023-08-13,2023-08-18,Rejected,Current
L005268,C00983,B030,Home,0,11.05,60,2025-01-29,2025-02-09,Rejected,Current
L005269,C02511,B022,Business,151000,18.2,48,2023-02-15,2023-03-01,Approved,Current
L005270,C03851,B019,Business,0,11.84,48,2024-02-12,2024-03-01,Rejected,Current
L005271,C04759,B005,Personal,0,11.99,24,2023-01-14,2023-01-24,Rejected,Current
L005272,C03994,B021,Personal,0,13.67,24,2024-06-19,2024-06-26,Rejected,Current
L005273,C00990,B023,Business,215300,14.19,36,2023-12-31,2024-01-08,Approved,Default
L005274,C01617,B018,Home,138000,9.31,36,2023-09-11,2023-10-01,Approved,Current
L005275,C00425,B022,Home,0,14.23,24,2025-04-23,2025-05-10,Rejected,Current
L005276,C01431,B027,Personal,8600,13.49,60,2025-07-23,2025-07-30,Approved,Current
L005277,C01636,B012,Education,0,15.64,72,2024-05-03,2024-05-19,Rejected,Current
L005278,C04201,B015,Education,35100,11.69,24,2023-07-20,2023-08-06,Approved,Current
L005279,C00178,B023,Personal,0,13.34,60,2023-04-15,2023-04-19,Rejected,Current
L005280,C03777,B028,Auto,32900,13.18,36,2023-08-16,2023-08-20,Approved,Current
L005281,C00720,B021,Business,0,14.9,60,2024-05-02,2024-05-03,Rejected,Current
L005282,C03129,B017,Home,73700,13.27,24,2024-03-28,2024-03-31,Approved,Default
L005283,C04505,B030,Home,661900,11.95,36,2025-05-29,2025-06-10,Approved,Current
L005284,C03002,B004,Home,353700,10.68,24,2024-07-06,2024-07-23,Approved,Current
L005285,C02790,B002,Personal,15000,16.22,24,2023-03-24,2023-04-09,Approved,Current
L005286,C00654,B002,Business,0,15.15,72,2025-04-12,2025-04-26,Rejected,Current
L005287,C02623,B001,Home,127100,11.44,36,2023-12-08,2023-12-11,Approved,Current
L005288,C03557,B021,Home,220500,11.28,24,2023-05-27,2023-06-15,Approved,Current
L005289,C03393,B017,Personal,58700,12.87,24,2025-09-12,2025-10-01,Approved,Current
L005290,C04404,B020,Business,66600,15.13,60,2023-12-01,2023-12-17,Approved,Current
L005291,C00490,B010,Business,83600,11.87,60,2025-03-03,2025-03-07,Approved,Current
L005292,C01345,B005,Auto,21100,10.49,84,2024-11-09,2024-11-26,Approved,Current
L005293,C00608,B026,Education,20200,11.62,60,2023-08-11,2023-08-30,Approved,Current
L005294,C03592,B017,Personal,14400,13.1,48,2024-08-28,2024-09-09,Approved,Current
L005295,C04120,B015,Business,52000,13.88,36,2023-09-05,2023-09-06,Approved,Current
L005296,C00753,B019,Auto,27700,15.48,12,2024-04-08,2024-04-27,Approved,Current
L005297,C03049,B007,Personal,18500,8.09,72,2024-02-28,2024-03-18,Approved,Current
L005298,C04445,B030,Personal,14400,11.08,60,2025-05-09,2025-05-29,Approved,Current
L005299,C04121,B018,Home,52200,9.0,60,2024-11-12,2024-11-24,Approved,Current
L005300,C03462,B028,Business,87300,13.03,36,2024-02-02,2024-02-14,Approved,Current
L005301,C01015,B021,Business,92600,13.36,36,2023-09-18,2023-10-05,Approved,Current
L005302,C04695,B009,Auto,90900,13.4,60,2024-03-16,2024-03-21,Approved,Current
L005303,C01769,B010,Personal,0,11.4,60,2025-09-17,2025-09-21,Rejected,Current
L005304,C04897,B007,Education,46800,12.02,60,2024-08-12,2024-08-17,Approved,Current
L005305,C00959,B018,Home,146400,12.24,48,2025-09-18,2025-09-24,Approved,Current
L005306,C01592,B024,Auto,65300,11.69,36,2025-08-02,2025-08-05,Approved,Current
L005307,C03262,B002,Business,56500,15.17,60,2025-05-30,2025-06-14,Approved,Current
L005308,C02589,B016,Personal,23800,13.34,36,2023-11-04,2023-11-07,Approved,Current
L005309,C02539,B015,Auto,50800,12.34,60,2024-10-10,2024-10-23,Approved,Current
L005310,C00791,B019,Personal,26400,13.19,24,2023-05-24,2023-05-29,Approved,Current
L005311,C04268,B020,Personal,59200,14.9,48,2023-11-26,2023-12-05,Approved,Current
L005312,C04017,B022,Auto,23200,10.35,36,2025-02-22,2025-03-09,Approved,Current
L005313,C04395,B024,Personal,39200,11.42,60,2025-09-16,2025-09-18,Approved,Current
L005314,C03099,B008,Home,349300,11.94,48,2023-11-03,2023-11-12,Approved,Default
L005315,C00648,B015,Personal,18500,14.36,60,2024-08-13,2024-08-28,Approved,Current
L005316,C04844,B030,Home,508700,12.59,24,2025-04-06,2025-04-09,Approved,Current
L005317,C01476,B008,Personal,0,12.95,48,2024-03-31,2024-04-07,Rejected,Current
L005318,C02061,B007,Business,96200,13.93,60,2023-01-04,2023-01-12,Approved,Current
L005319,C01124,B018,Personal,17900,10.59,72,2024-05-19,2024-06-01,Approved,Current
L005320,C00616,B025,Business,47200,12.19,60,2023-07-05,2023-07-20,Approved,Current
L005321,C01285,B013,Auto,48600,14.46,36,2025-05-19,2025-05-25,Approved,Current
L005322,C02326,B028,Home,0,12.85,36,2025-01-09,2025-01-22,Rejected,Current
L005323,C03138,B011,Business,89700,17.6,36,2025-10-04,2025-10-11,Approved,Current
L005324,C03673,B005,Personal,47500,11.73,48,2025-05-19,2025-06-05,Approved,Current
L005325,C02856,B008,Personal,0,11.81,12,2023-12-28,2024-01-12,Rejected,Current
L005326,C01624,B027,Personal,7000,13.73,72,2023-07-02,2023-07-07,Approved,Current
L005327,C03450,B020,Home,526700,11.64,36,2025-10-02,2025-10-12,Approved,Current
L005328,C02704,B024,Education,48800,9.63,60,2023-05-11,2023-05-23,Approved,Current
L005329,C01141,B002,Personal,0,11.51,48,2023-07-05,2023-07-24,Rejected,Current
L005330,C02831,B004,Business,0,14.4,60,2025-12-02,2025-12-20,Rejected,Current
L005331,C00499,B015,Auto,0,11.35,60,2025-10-24,2025-10-28,Rejected,Current
L005332,C04683,B013,Personal,9000,11.56,36,2025-02-28,2025-03-13,Approved,Current
L005333,C01104,B017,Education,24700,13.08,60,2025-05-27,2025-05-30,Approved,Current
L005334,C03090,B022,Education,0,11.99,60,2025-10-26,2025-11-01,Rejected,Current
L005335,C01753,B026,Education,32300,10.74,60,2025-02-22,2025-02-28,Approved,Current
L005336,C04015,B018,Home,307400,9.09,36,2023-06-13,2023-06-17,Approved,Current
L005337,C00614,B020,Personal,10100,11.44,60,2024-11-20,2024-11-24,Approved,Default
L005338,C03048,B029,Home,0,9.74,36,2024-12-11,2024-12-24,Rejected,Current
L005339,C00644,B028,Auto,35700,9.3,24,2024-08-21,2024-08-31,Approved,Current
L005340,C02869,B009,Home,269500,15.74,24,2025-12-06,2025-12-16,Approved,Default
L005341,C04154,B005,Auto,28000,10.65,48,2025-09-28,2025-10-09,Approved,Current
L005342,C01136,B030,Business,139900,12.42,36,2024-10-26,2024-11-08,Approved,Current
L005343,C04693,B004,Personal,0,12.73,36,2023-02-22,2023-03-04,Rejected,Current
L005344,C03700,B014,Home,0,14.0,36,2025-04-14,2025-04-25,Rejected,Current
L005345,C02363,B025,Education,12600,14.56,36,2024-08-01,2024-08-19,Approved,Current
L005346,C00162,B017,Personal,13700,10.31,48,2023-08-19,2023-08-26,Approved,Current
L005347,C01822,B028,Home,0,9.91,12,2024-01-24,2024-02-02,Rejected,Current
L005348,C04420,B015,Personal,42200,10.14,72,2024-01-28,2024-02-10,Approved,Current
L005349,C02766,B016,Home,176800,10.29,36,2023-11-02,2023-11-12,Approved,Current
L005350,C03403,B003,Home,306700,9.07,60,2024-02-13,2024-03-02,Approved,Current
L005351,C02628,B013,Personal,0,15.05,36,2023-04-22,2023-05-07,Rejected,Current
L005352,C03994,B009,Personal,0,14.94,60,2025-04-15,2025-04-20,Rejected,Current
L005353,C04995,B002,Auto,223800,10.96,48,2025-06-10,2025-06-25,Approved,Current
L005354,C04856,B023,Home,750000,11.29,36,2025-01-27,2025-02-07,Approved,Current
L005355,C04598,B016,Personal,0,15.97,84,2024-05-05,2024-05-11,Rejected,Current
L005356,C00057,B001,Business,57700,12.09,72,2024-04-24,2024-04-25,Approved,Current
L005357,C03238,B028,Auto,70400,12.28,24,2023-11-21,2023-12-05,Approved,Current
L005358,C02345,B008,Personal,6900,9.5,60,2024-04-29,2024-05-14,Approved,Current
L005359,C04903,B004,Business,0,15.45,60,2024-02-25,2024-03-03,Rejected,Current
L005360,C00620,B027,Personal,4400,12.63,12,2025-03-14,2025-03-29,Approved,Current
L005361,C04875,B002,Personal,0,13.69,84,2025-01-31,2025-02-16,Rejected,Current
L005362,C04875,B024,Business,184700,11.92,36,2023-05-10,2023-05-15,Approved,Current
L005363,C02614,B022,Personal,22200,14.53,72,2023-10-11,2023-10-31,Approved,Current
L005364,C04262,B015,Business,42100,11.91,60,2023-07-07,2023-07-26,Approved,Current
L005365,C02836,B024,Business,104300,10.65,48,2024-03-13,2024-04-01,Approved,Current
L005366,C00666,B030,Home,228700,11.16,60,2025-05-21,2025-06-08,Approved,Current
L005367,C00128,B005,Personal,0,15.57,60,2023-02-13,2023-02-19,Rejected,Current
L005368,C03558,B027,Personal,14400,10.43,60,2025-10-25,2025-11-03,Approved,Current
L005369,C04172,B001,Personal,28800,12.55,72,2025-05-18,2025-05-21,Approved,Current
L005370,C04983,B021,Business,178300,13.95,48,2024-01-11,2024-01-28,Approved,Current
L005371,C00635,B021,Home,170000,12.62,48,2023-06-24,2023-07-04,Approved,Current
L005372,C03609,B017,Personal,41500,13.67,72,2023-01-29,2023-02-14,Approved,Current
L005373,C03690,B026,Auto,29400,10.07,60,2024-01-22,2024-01-23,Approved,Current
L005374,C04711,B003,Personal,13700,11.7,12,2024-08-29,2024-09-02,Approved,Current
L005375,C00986,B023,Personal,38000,9.74,60,2023-01-02,2023-01-03,Approved,Current
L005376,C02574,B023,Personal,0,13.9,72,2023-12-01,2023-12-19,Rejected,Current
L005377,C01157,B026,Business,0,14.85,60,2024-04-05,2024-04-25,Rejected,Current
L005378,C04537,B014,Personal,11800,14.22,48,2023-02-25,2023-03-01,Approved,Current
L005379,C03869,B025,Home,488200,15.17,24,2025-01-17,2025-01-28,Approved,Current
L005380,C00244,B021,Personal,0,14.65,84,2024-02-02,2024-02-06,Rejected,Current
L005381,C00768,B024,Auto,0,16.55,60,2024-08-19,2024-09-07,Rejected,Current
L005382,C03218,B011,Home,0,11.7,24,2025-06-10,2025-06-14,Rejected,Current
L005383,C00415,B024,Personal,37200,12.42,72,2024-01-09,2024-01-14,Approved,Current
L005384,C03284,B014,Home,0,15.08,48,2025-10-18,2025-10-31,Rejected,Current
L005385,C04345,B024,Auto,0,14.13,24,2025-12-04,2025-12-08,Rejected,Current
L005386,C03107,B009,Personal,68000,10.31,36,2025-03-25,2025-04-04,Approved,Current
L005387,C02887,B002,Business,70000,12.1,84,2023-05-04,2023-05-22,Approved,Current
L005388,C00862,B006,Home,0,11.18,48,2024-10-19,2024-10-22,Rejected,Current
L005389,C04915,B025,Auto,46300,14.18,36,2023-08-18,2023-09-06,Approved,Current
L005390,C04958,B017,Auto,20400,11.86,48,2024-07-26,2024-07-31,Approved,Current
L005391,C03358,B003,Business,136600,11.69,60,2023-05-01,2023-05-12,Approved,Current
L005392,C03934,B005,Home,139100,12.24,36,2024-05-31,2024-06-02,Approved,Current
L005393,C03765,B016,Personal,7700,14.07,48,2023-11-10,2023-11-28,Approved,Current
L005394,C00210,B023,Business,0,13.43,60,2023-03-18,2023-03-29,Rejected,Current
L005395,C02158,B029,Business,0,14.92,48,2025-04-07,2025-04-19,Rejected,Current
L005396,C02378,B004,Education,35200,14.71,60,2023-04-10,2023-04-26,Approved,Current
L005397,C02190,B004,Personal,0,9.4,84,2023-10-23,2023-10-25,Rejected,Current
L005398,C00676,B029,Auto,35300,12.81,84,2025-09-11,2025-09-27,Approved,Current
L005399,C01356,B023,Home,0,12.57,48,2024-12-07,2024-12-23,Rejected,Current
L005400,C00026,B029,Auto,29200,13.11,36,2024-06-06,2024-06-10,Approved,Current
L005401,C02694,B025,Education,16800,10.73,36,2025-02-16,2025-02-24,Approved,Default
L005402,C01651,B024,Home,0,13.06,60,2024-01-30,2024-02-03,Rejected,Current
L005403,C02959,B028,Auto,29600,9.67,12,2025-10-27,2025-11-07,Approved,Current
L005404,C04458,B028,Home,317400,12.81,12,2025-08-18,2025-08-26,Approved,Current
L005405,C01683,B003,Personal,8800,11.52,60,2024-10-16,2024-10-28,Approved,Current
L005406,C04456,B020,Home,0,11.23,72,2024-07-20,2024-07-24,Rejected,Current
L005407,C01967,B013,Personal,8900,13.05,36,2025-11-09,2025-11-16,Approved,Current
L005408,C03287,B015,Personal,15800,11.96,12,2023-01-03,2023-01-16,Approved,Current
L005409,C00996,B017,Personal,0,15.53,72,2024-02-17,2024-02-28,Rejected,Current
L005410,C00077,B028,Home,111700,14.71,36,2023-01-20,2023-01-30,Approved,Default
L005411,C02143,B027,Home,184600,12.82,48,2024-03-20,2024-03-29,Approved,Current
L005412,C00957,B011,Business,0,12.2,60,2023-08-15,2023-08-21,Rejected,Current
L005413,C03045,B006,Home,414500,11.46,36,2024-11-07,2024-11-24,Approved,Current
L005414,C00218,B024,Home,353900,15.04,60,2025-12-10,2025-12-23,Approved,Current
L005415,C03947,B027,Personal,28000,12.99,84,2024-01-08,2024-01-14,Approved,Current
L005416,C02416,B010,Business,0,14.3,60,2024-11-12,2024-11-29,Rejected,Current
L005417,C03346,B030,Personal,19300,12.44,36,2025-08-26,2025-09-08,Approved,Current
L005418,C01468,B001,Education,57400,9.67,60,2023-12-19,2024-01-03,Approved,Current
L005419,C04783,B006,Home,157400,13.63,12,2025-11-19,2025-12-05,Approved,Current
L005420,C02873,B023,Personal,0,14.71,36,2024-04-22,2024-04-29,Rejected,Current
L005421,C00033,B019,Home,110200,11.74,60,2023-09-01,2023-09-14,Approved,Current
L005422,C02920,B021,Personal,9700,12.2,36,2024-12-27,2025-01-02,Approved,Current
L005423,C03488,B013,Personal,0,15.79,24,2024-02-12,2024-02-20,Rejected,Current
L005424,C00425,B022,Home,0,12.88,36,2025-11-12,2025-11-22,Rejected,Current
L005425,C04883,B007,Auto,13100,13.58,24,2023-02-22,2023-03-04,Approved,Current
L005426,C03079,B013,Personal,20200,12.16,48,2025-12-01,2025-12-02,Approved,Current
L005427,C04835,B004,Auto,51200,12.48,24,2025-05-30,2025-06-11,Approved,Current
L005428,C04863,B006,Business,0,13.22,60,2025-05-02,2025-05-10,Rejected,Current
L005429,C01818,B029,Auto,14900,12.24,60,2024-02-13,2024-02-21,Approved,Default
L005430,C03927,B030,Personal,13900,12.64,36,2024-01-08,2024-01-15,Approved,Current
L005431,C04019,B025,Personal,0,13.48,48,2024-07-08,2024-07-15,Rejected,Current
L005432,C04295,B029,Personal,14900,13.33,72,2025-06-20,2025-07-05,Approved,Current
L005433,C00715,B015,Auto,20600,12.76,72,2025-03-30,2025-04-11,Approved,Current
L005434,C03208,B012,Auto,0,11.01,24,2024-06-08,2024-06-24,Rejected,Current
L005435,C03981,B021,Home,0,13.69,60,2025-10-19,2025-11-04,Rejected,Current
L005436,C04384,B018,Personal,12200,13.47,24,2025-12-15,2025-12-17,Approved,Current
L005437,C02025,B025,Personal,17200,11.46,12,2023-06-24,2023-07-08,Approved,Current
L005438,C03874,B006,Business,123500,10.54,12,2025-08-18,2025-09-03,Approved,Current
L005439,C03730,B027,Home,158400,13.0,48,2023-11-18,2023-12-02,Approved,Current
L005440,C02615,B005,Education,31000,10.33,36,2025-03-08,2025-03-14,Approved,Current
L005441,C00811,B012,Education,36300,12.22,24,2024-05-06,2024-05-24,Approved,Current
L005442,C02456,B017,Business,48300,10.56,48,2023-11-28,2023-12-08,Approved,Current
L005443,C02031,B029,Personal,50800,11.78,48,2025-05-29,2025-06-13,Approved,Current
L005444,C01786,B030,Personal,12000,13.32,60,2025-05-15,2025-06-02,Approved,Current
L005445,C01973,B010,Personal,23900,11.86,60,2025-02-09,2025-02-18,Approved,Current
L005446,C00717,B022,Education,15000,12.83,48,2025-12-02,2025-12-18,Approved,Current
L005447,C00825,B027,Home,196600,8.2,36,2025-04-20,2025-05-06,Approved,Current
L005448,C01728,B008,Auto,34700,9.23,12,2023-07-18,2023-07-20,Approved,Current
L005449,C02233,B016,Education,69700,13.3,60,2024-05-04,2024-05-19,Approved,Current
L005450,C00763,B028,Business,83600,9.5,36,2024-06-27,2024-07-16,Approved,Current
L005451,C00022,B015,Auto,0,11.37,36,2023-02-05,2023-02-16,Rejected,Current
L005452,C02260,B023,Personal,21100,11.89,60,2025-05-05,2025-05-13,Approved,Current
L005453,C04562,B021,Personal,49900,13.34,12,2024-10-12,2024-10-22,Approved,Current
L005454,C03306,B021,Home,69500,11.16,36,2025-03-03,2025-03-09,Approved,Current
L005455,C04268,B014,Education,0,11.08,48,2025-04-26,2025-05-15,Rejected,Current
L005456,C04893,B018,Education,6400,13.12,48,2023-06-22,2023-06-25,Approved,Current
L005457,C01542,B016,Personal,17400,11.84,24,2024-09-05,2024-09-23,Approved,Current
L005458,C04340,B028,Personal,31600,11.76,12,2023-10-17,2023-10-25,Approved,Current
L005459,C00421,B008,Auto,70900,13.05,48,2023-10-15,2023-10-24,Approved,Current
L005460,C03545,B023,Home,277700,11.27,36,2024-10-26,2024-10-31,Approved,Current
L005461,C04437,B001,Personal,15300,15.53,36,2024-03-26,2024-03-31,Approved,Current
L005462,C01984,B007,Home,249700,10.27,36,2023-05-01,2023-05-16,Approved,Current
L005463,C00123,B004,Education,0,13.46,48,2023-04-17,2023-04-19,Rejected,Current
L005464,C04968,B006,Education,0,14.23,12,2023-08-27,2023-09-09,Rejected,Current
L005465,C00434,B015,Auto,54300,11.75,24,2023-01-21,2023-02-02,Approved,Current
L005466,C04166,B011,Auto,25300,11.45,36,2025-05-02,2025-05-05,Approved,Current
L005467,C04747,B010,Personal,0,12.93,48,2025-08-24,2025-08-29,Rejected,Current
L005468,C03483,B007,Auto,52700,13.08,60,2025-07-31,2025-08-18,Approved,Current
L005469,C02885,B014,Personal,0,12.27,36,2023-01-11,2023-01-22,Rejected,Current
L005470,C02639,B022,Personal,0,12.19,60,2025-10-11,2025-10-27,Rejected,Current
L005471,C03878,B027,Personal,28300,13.45,36,2023-12-20,2023-12-29,Approved,Current
L005472,C01616,B006,Home,277900,10.22,60,2023-03-27,2023-04-05,Approved,Current
L005473,C03809,B005,Business,92900,12.88,48,2024-10-17,2024-10-29,Approved,Current
L005474,C00227,B026,Education,55000,11.67,48,2025-05-25,2025-06-05,Approved,Current
L005475,C00536,B020,Auto,0,12.41,48,2025-10-06,2025-10-07,Rejected,Current
L005476,C01123,B015,Auto,32200,13.48,24,2024-11-04,2024-11-10,Approved,Current
L005477,C04366,B018,Personal,19100,16.95,24,2023-10-29,2023-11-11,Approved,Current
L005478,C03535,B001,Home,352300,12.38,36,2025-12-07,2025-12-09,Approved,Current
L005479,C00659,B030,Auto,18800,10.57,24,2025-01-15,2025-02-02,Approved,Current
L005480,C03108,B020,Home,211200,14.0,24,2025-11-11,2025-11-27,Approved,Current
L005481,C02322,B028,Personal,13700,11.12,60,2024-10-08,2024-10-18,Approved,Current
L005482,C01167,B011,Auto,0,12.75,60,2023-06-24,2023-07-11,Rejected,Current
L005483,C04992,B001,Personal,0,14.55,24,2023-01-17,2023-02-02,Rejected,Current
L005484,C01972,B025,Personal,8900,12.91,72,2024-01-31,2024-02-17,Approved,Current
L005485,C00017,B017,Home,370800,11.69,72,2024-12-10,2024-12-25,Approved,Current
L005486,C01904,B027,Personal,22800,13.77,36,2023-07-22,2023-07-25,Approved,Current
L005487,C01613,B026,Auto,0,16.3,48,2023-08-21,2023-08-24,Rejected,Current
L005488,C03707,B021,Auto,26500,13.01,60,2025-02-25,2025-03-06,Approved,Current
L005489,C00436,B018,Personal,40900,14.76,60,2025-10-16,2025-10-21,Approved,Current
L005490,C04072,B006,Education,35200,14.17,36,2024-11-01,2024-11-18,Approved,Current
L005491,C03456,B024,Business,55900,11.66,36,2025-02-08,2025-02-26,Approved,Current
L005492,C02005,B018,Personal,0,12.14,60,2023-04-06,2023-04-22,Rejected,Current
L005493,C04954,B007,Auto,45100,9.32,36,2024-10-01,2024-10-21,Approved,Current
L005494,C02734,B015,Home,278700,12.48,60,2023-10-01,2023-10-10,Approved,Current
L005495,C00263,B015,Business,0,10.3,24,2025-04-02,2025-04-17,Rejected,Current
L005496,C02442,B004,Business,0,10.97,60,2024-08-12,2024-08-21,Rejected,Current
L005497,C00808,B026,Personal,28100,14.74,60,2023-12-15,2023-12-28,Approved,Current
L005498,C02513,B020,Auto,27000,11.33,72,2025-03-12,2025-03-13,Approved,Current
L005499,C00358,B006,Business,0,16.18,48,2023-06-25,2023-07-11,Rejected,Current
L005500,C02402,B027,Home,0,15.31,48,2023-12-29,2024-01-07,Rejected,Current
L005501,C01275,B008,Personal,0,13.25,36,2023-02-14,2023-02-27,Rejected,Current
L005502,C04472,B007,Personal,11700,12.61,24,2025-06-24,2025-07-08,Approved,Current
L005503,C00989,B022,Personal,19400,11.17,24,2024-03-05,2024-03-16,Approved,Current
L005504,C00018,B005,Personal,18300,11.57,60,2024-11-06,2024-11-07,Approved,Current
L005505,C01739,B006,Home,152600,13.35,48,2025-07-16,2025-07-30,Approved,Current
L005506,C02764,B007,Personal,20500,12.88,36,2024-02-20,2024-03-11,Approved,Current
L005507,C02998,B009,Personal,10800,10.72,72,2023-05-17,2023-06-04,Approved,Current
L005508,C00914,B002,Auto,51700,10.45,24,2025-07-20,2025-07-21,Approved,Current
L005509,C00566,B016,Education,27900,11.82,48,2025-02-19,2025-02-20,Approved,Current
L005510,C02913,B002,Education,11600,12.35,60,2023-06-18,2023-07-05,Approved,Current
L005511,C01353,B028,Personal,15900,10.15,24,2024-09-11,2024-09-13,Approved,Current
L005512,C01472,B009,Business,67700,14.19,24,2024-04-06,2024-04-22,Approved,Default
L005513,C03164,B030,Education,0,15.74,12,2024-02-14,2024-02-19,Rejected,Current
L005514,C00612,B006,Education,0,13.08,72,2024-07-09,2024-07-14,Rejected,Current
L005515,C01063,B009,Business,168000,11.65,60,2024-04-17,2024-04-24,Approved,Current
L005516,C00436,B026,Business,0,13.76,12,2024-08-20,2024-08-24,Rejected,Current
L005517,C00648,B008,Personal,26600,14.63,60,2025-03-08,2025-03-09,Approved,Current
L005518,C02410,B027,Personal,0,14.12,36,2024-08-11,2024-08-29,Rejected,Current
L005519,C04018,B008,Home,143900,13.61,24,2023-08-12,2023-08-22,Approved,Current
L005520,C02610,B005,Personal,12000,11.6,84,2025-04-05,2025-04-12,Approved,Current
L005521,C00083,B014,Education,13800,14.73,24,2023-05-02,2023-05-13,Approved,Current
L005522,C01790,B009,Home,307800,11.04,60,2023-09-01,2023-09-02,Approved,Current
L005523,C01051,B011,Education,41900,15.26,72,2023-08-09,2023-08-15,Approved,Current
L005524,C03839,B002,Business,81500,11.0,48,2023-02-04,2023-02-09,Approved,Current
L005525,C04117,B025,Home,60800,9.2,84,2025-01-01,2025-01-14,Approved,Current
L005526,C02742,B009,Personal,23300,13.68,24,2025-05-02,2025-05-19,Approved,Current
L005527,C00798,B003,Personal,10900,9.49,84,2024-02-15,2024-03-04,Approved,Current
L005528,C02527,B025,Auto,34600,13.2,12,2025-09-08,2025-09-15,Approved,Current
L005529,C04752,B027,Business,40700,11.9,48,2023-01-09,2023-01-15,Approved,Current
L005530,C00763,B006,Education,29500,12.7,72,2025-06-24,2025-07-01,Approved,Current
L005531,C00618,B027,Personal,16700,10.18,48,2025-12-02,2025-12-14,Approved,Current
L005532,C03881,B030,Personal,0,14.96,48,2023-04-23,2023-04-29,Rejected,Current
L005533,C04807,B019,Personal,0,14.26,24,2025-07-30,2025-08-15,Rejected,Current
L005534,C04433,B010,Personal,15000,12.06,84,2025-02-04,2025-02-12,Approved,Current
L005535,C03864,B002,Business,82400,14.68,36,2023-08-19,2023-09-03,Approved,Current
L005536,C03687,B021,Personal,24200,11.76,72,2025-09-17,2025-09-26,Approved,Current
L005537,C00768,B018,Home,179900,15.63,84,2025-08-16,2025-08-29,Approved,Current
L005538,C03186,B027,Home,0,14.78,36,2024-05-26,2024-06-07,Rejected,Current
L005539,C01021,B008,Home,98600,12.57,60,2024-11-10,2024-11-24,Approved,Current
L005540,C03494,B024,Auto,0,14.48,24,2025-08-13,2025-08-21,Rejected,Current
L005541,C01078,B023,Home,64700,13.59,60,2024-02-19,2024-03-05,Approved,Current
L005542,C03260,B009,Home,162300,12.78,48,2025-07-29,2025-08-02,Approved,Current
L005543,C03611,B029,Auto,70800,10.18,24,2023-02-16,2023-02-25,Approved,Current
L005544,C01776,B021,Personal,7900,8.18,72,2024-03-06,2024-03-26,Approved,Current
L005545,C02879,B017,Auto,26400,11.4,60,2023-04-03,2023-04-09,Approved,Default
L005546,C01891,B002,Education,0,15.35,24,2023-06-08,2023-06-14,Rejected,Current
L005547,C01627,B029,Auto,32100,7.73,48,2025-06-13,2025-06-15,Approved,Current
L005548,C03619,B009,Home,239100,13.2,36,2023-04-28,2023-05-05,Approved,Current
L005549,C04285,B002,Auto,0,15.01,60,2023-06-06,2023-06-07,Rejected,Current
L005550,C01572,B027,Business,68200,12.46,60,2023-09-14,2023-09-23,Approved,Current
L005551,C04966,B015,Home,56900,13.53,24,2024-04-12,2024-04-17,Approved,Current
L005552,C03676,B028,Auto,16200,10.45,36,2024-11-29,2024-12-08,Approved,Current
L005553,C01592,B003,Home,0,9.5,60,2025-02-04,2025-02-17,Rejected,Current
L005554,C02627,B021,Business,0,13.05,60,2024-02-25,2024-02-26,Rejected,Current
L005555,C01193,B008,Personal,0,13.09,36,2024-01-13,2024-02-02,Rejected,Current
L005556,C04774,B026,Education,0,14.12,48,2024-01-10,2024-01-25,Rejected,Current
L005557,C04248,B028,Auto,0,10.92,48,2024-05-26,2024-06-12,Rejected,Current
L005558,C01129,B007,Home,376200,13.77,24,2024-10-03,2024-10-11,Approved,Current
L005559,C03439,B026,Home,124600,11.82,60,2025-11-10,2025-11-25,Approved,Current
L005560,C01116,B013,Home,0,12.4,36,2025-03-07,2025-03-26,Rejected,Current
L005561,C04809,B012,Personal,0,13.44,48,2024-02-26,2024-03-08,Rejected,Current
L005562,C04901,B019,Personal,16300,11.52,12,2025-02-28,2025-03-08,Approved,Current
L005563,C01909,B013,Home,0,13.29,60,2024-04-28,2024-05-04,Rejected,Current
L005564,C04528,B021,Home,109900,12.79,60,2024-03-01,2024-03-07,Approved,Current
L005565,C03753,B017,Home,279400,11.56,48,2023-05-20,2023-05-28,Approved,Current
L005566,C01329,B025,Personal,9900,13.3,48,2024-04-13,2024-05-02,Approved,Current
L005567,C04124,B028,Auto,19500,11.2,60,2024-06-03,2024-06-23,Approved,Current
L005568,C01312,B015,Personal,0,12.83,24,2025-04-04,2025-04-13,Rejected,Current
L005569,C04451,B014,Personal,30700,12.86,12,2023-07-23,2023-08-12,Approved,Current
L005570,C04039,B023,Personal,15300,14.22,72,2025-01-22,2025-01-28,Approved,Current
L005571,C01863,B019,Home,260000,12.26,60,2024-07-16,2024-07-21,Approved,Current
L005572,C02005,B003,Personal,0,13.39,48,2025-06-21,2025-07-07,Rejected,Current
L005573,C03616,B018,Personal,11800,11.01,24,2024-12-24,2024-12-31,Approved,Current
L005574,C02726,B017,Home,80000,9.31,60,2025-09-22,2025-09-23,Approved,Current
L005575,C02184,B020,Personal,0,13.79,36,2025-10-08,2025-10-18,Rejected,Current
L005576,C00154,B025,Home,372600,12.12,72,2024-02-29,2024-03-19,Approved,Current
L005577,C00816,B005,Home,0,14.65,48,2025-11-18,2025-11-23,Rejected,Current
L005578,C01120,B023,Business,0,13.27,12,2025-07-21,2025-08-10,Rejected,Current
L005579,C03269,B023,Business,82200,9.97,60,2023-03-02,2023-03-21,Approved,Current
L005580,C02156,B011,Education,0,12.53,48,2025-04-19,2025-05-08,Rejected,Current
L005581,C01210,B014,Home,636100,9.64,36,2025-11-09,2025-11-18,Approved,Current
L005582,C00454,B020,Auto,0,11.81,48,2025-07-28,2025-07-31,Rejected,Current
L005583,C01107,B007,Education,11300,11.75,72,2023-02-25,2023-03-06,Approved,Current
L005584,C02797,B023,Home,49300,14.33,36,2024-11-18,2024-12-07,Approved,Current
L005585,C04545,B030,Auto,33100,11.33,24,2025-06-29,2025-07-15,Approved,Current
L005586,C04417,B023,Home,304600,11.03,60,2025-01-30,2025-02-01,Approved,Current
L005587,C04374,B027,Home,243700,9.89,60,2023-07-23,2023-07-31,Approved,Current
L005588,C02660,B021,Personal,12100,12.03,72,2025-12-05,2025-12-19,Approved,Current
L005589,C01038,B021,Business,0,13.1,36,2024-03-16,2024-03-22,Rejected,Current
L005590,C03334,B026,Education,46700,11.52,48,2025-12-04,2025-12-16,Approved,Current
L005591,C00414,B018,Personal,0,15.96,12,2024-07-07,2024-07-08,Rejected,Current
L005592,C02542,B028,Business,65700,10.45,60,2023-01-08,2023-01-26,Approved,Current
L005593,C04143,B005,Personal,28300,12.31,24,2023-01-14,2023-01-21,Approved,Current
L005594,C01940,B002,Personal,75300,13.01,24,2023-08-17,2023-08-29,Approved,Current
L005595,C00656,B029,Auto,0,12.02,48,2025-03-04,2025-03-16,Rejected,Current
L005596,C04045,B018,Personal,0,11.15,60,2023-04-12,2023-04-18,Rejected,Current
L005597,C02480,B009,Home,251700,10.46,36,2024-05-15,2024-06-04,Approved,Current
L005598,C03862,B003,Personal,15400,11.73,36,2025-11-18,2025-11-20,Approved,Current
L005599,C01348,B006,Auto,66800,9.96,36,2024-12-03,2024-12-14,Approved,Current
L005600,C01317,B007,Home,148100,11.03,60,2023-12-20,2024-01-05,Approved,Current
L005601,C03607,B015,Education,27500,10.75,60,2025-09-08,2025-09-09,Approved,Current
L005602,C03839,B029,Auto,14500,9.78,36,2024-03-18,2024-03-24,Approved,Current
L005603,C04059,B004,Personal,15800,10.53,36,2023-10-30,2023-11-09,Approved,Current
L005604,C00316,B030,Home,0,13.99,72,2025-01-29,2025-02-07,Rejected,Current
L005605,C00221,B022,Education,33900,11.89,60,2024-06-07,2024-06-17,Approved,Current
L005606,C02262,B023,Auto,12800,14.23,36,2025-11-13,2025-12-01,Approved,Current
L005607,C00845,B006,Auto,0,13.11,24,2024-05-30,2024-06-17,Rejected,Current
L005608,C01515,B004,Auto,0,13.42,12,2023-01-08,2023-01-17,Rejected,Current
L005609,C01109,B020,Home,0,15.12,36,2024-11-06,2024-11-19,Rejected,Current
L005610,C01731,B019,Auto,68000,10.13,60,2024-07-15,2024-07-25,Approved,Current
L005611,C03186,B005,Business,127500,13.58,36,2023-08-26,2023-09-04,Approved,Current
L005612,C01239,B012,Personal,0,11.77,84,2025-03-06,2025-03-10,Rejected,Current
L005613,C02925,B027,Education,19800,11.38,36,2025-05-10,2025-05-25,Approved,Current
L005614,C01191,B001,Personal,0,14.93,24,2025-01-02,2025-01-10,Rejected,Current
L005615,C04383,B007,Home,0,12.7,24,2023-06-09,2023-06-11,Rejected,Current
L005616,C03567,B009,Personal,42800,11.34,48,2025-06-26,2025-06-30,Approved,Current
L005617,C02432,B003,Auto,29400,13.44,72,2024-08-24,2024-08-30,Approved,Current
L005618,C02895,B030,Home,0,13.99,72,2024-09-09,2024-09-29,Rejected,Current
L005619,C01457,B010,Personal,11900,14.49,24,2023-03-12,2023-03-19,Approved,Current
L005620,C01110,B011,Education,20900,14.74,60,2025-07-10,2025-07-23,Approved,Current
L005621,C01931,B024,Home,248000,10.48,60,2025-05-18,2025-05-23,Approved,Current
L005622,C03117,B021,Home,75600,12.21,24,2023-02-01,2023-02-05,Approved,Current
L005623,C00623,B002,Home,0,11.42,36,2025-04-26,2025-05-02,Rejected,Current
L005624,C02338,B029,Personal,22700,12.76,12,2024-04-07,2024-04-12,Approved,Current
L005625,C01931,B015,Home,71200,9.85,12,2024-12-10,2024-12-15,Approved,Current
L005626,C02745,B028,Home,84800,13.34,48,2023-09-04,2023-09-11,Approved,Default
L005627,C01259,B001,Home,0,12.83,48,2023-05-09,2023-05-14,Rejected,Current
L005628,C04502,B026,Business,209900,10.55,12,2023-11-29,2023-12-03,Approved,Current
L005629,C01969,B029,Personal,34900,11.85,84,2025-09-10,2025-09-19,Approved,Default
L005630,C03296,B015,Auto,0,15.73,48,2025-03-03,2025-03-08,Rejected,Current
L005631,C02024,B013,Personal,39100,14.47,60,2023-02-21,2023-02-23,Approved,Current
L005632,C00877,B026,Home,155200,12.1,60,2025-03-30,2025-04-16,Approved,Current
L005633,C02245,B009,Home,0,13.76,60,2025-11-01,2025-11-20,Rejected,Current
L005634,C02527,B029,Personal,0,13.09,36,2023-02-15,2023-02-22,Rejected,Current
L005635,C03590,B021,Home,293600,12.71,72,2023-05-17,2023-06-03,Approved,Current
L005636,C04404,B020,Home,0,13.4,36,2025-07-24,2025-08-10,Rejected,Current
L005637,C00345,B017,Education,22500,12.14,84,2023-06-11,2023-06-27,Approved,Current
L005638,C03673,B027,Auto,16100,10.91,12,2025-12-12,2025-12-20,Approved,Current
L005639,C03069,B010,Personal,21800,11.17,24,2023-04-19,2023-05-08,Approved,Current
L005640,C01914,B001,Personal,30100,13.0,60,2023-02-14,2023-03-04,Approved,Current
L005641,C02446,B009,Personal,0,12.31,60,2025-05-14,2025-05-27,Rejected,Current
L005642,C00785,B028,Personal,0,10.9,60,2025-08-30,2025-09-13,Rejected,Current
L005643,C01488,B026,Auto,25900,11.99,60,2025-04-06,2025-04-24,Approved,Current
L005644,C04892,B019,Business,188500,13.07,48,2023-11-14,2023-11-27,Approved,Current
L005645,C03849,B006,Personal,20500,13.18,12,2025-02-05,2025-02-15,Approved,Current
L005646,C00450,B020,Home,188500,10.66,60,2024-03-06,2024-03-20,Approved,Current
L005647,C01428,B025,Home,186100,11.99,48,2024-11-29,2024-12-09,Approved,Current
L005648,C02596,B019,Auto,0,12.75,24,2024-01-21,2024-01-27,Rejected,Current
L005649,C02277,B012,Personal,21100,11.52,24,2025-10-14,2025-10-31,Approved,Current
L005650,C00244,B011,Education,20400,14.74,60,2025-08-13,2025-08-30,Approved,Current
L005651,C02113,B030,Auto,0,10.95,12,2025-06-20,2025-07-01,Rejected,Current
L005652,C03309,B014,Education,14400,12.26,72,2024-06-20,2024-07-09,Approved,Current
L005653,C00946,B025,Personal,37200,11.55,60,2023-02-22,2023-03-07,Approved,Current
L005654,C01027,B012,Auto,0,11.01,36,2025-09-06,2025-09-18,Rejected,Current
L005655,C01524,B013,Auto,43300,10.34,72,2024-01-15,2024-01-27,Approved,Current
L005656,C03109,B007,Auto,29200,12.22,72,2023-04-24,2023-04-28,Approved,Current
L005657,C03693,B003,Personal,0,12.11,60,2025-08-25,2025-09-10,Rejected,Current
L005658,C03050,B007,Education,59100,11.98,36,2025-09-20,2025-09-21,Approved,Current
L005659,C03322,B030,Education,0,12.52,60,2025-05-09,2025-05-29,Rejected,Current
L005660,C03307,B016,Personal,17400,12.46,48,2023-09-15,2023-09-29,Approved,Current
L005661,C04239,B030,Home,483100,13.74,48,2023-05-25,2023-06-07,Approved,Current
L005662,C00061,B001,Home,317100,9.61,36,2024-05-17,2024-05-24,Approved,Current
L005663,C04175,B015,Business,0,14.64,12,2025-09-20,2025-09-26,Rejected,Current
L005664,C03399,B012,Auto,0,13.11,12,2025-07-11,2025-07-12,Rejected,Current
L005665,C02415,B011,Personal,19100,8.67,60,2025-05-09,2025-05-28,Approved,Current
L005666,C03779,B001,Personal,38500,12.7,72,2024-09-05,2024-09-06,Approved,Current
L005667,C03607,B003,Personal,25200,10.97,36,2025-02-12,2025-02-27,Approved,Current
L005668,C00390,B022,Personal,42800,10.01,48,2023-09-19,2023-10-01,Approved,Current
L005669,C04617,B011,Personal,13000,11.73,36,2024-06-23,2024-07-08,Approved,Current
L005670,C01676,B006,Auto,0,13.92,48,2024-05-04,2024-05-07,Rejected,Current
L005671,C01778,B022,Auto,30400,13.67,24,2023-08-10,2023-08-20,Approved,Current
L005672,C00253,B013,Home,211200,14.29,60,2025-09-19,2025-09-20,Approved,Default
L005673,C03167,B018,Auto,48800,12.48,48,2025-07-31,2025-08-01,Approved,Current
L005674,C01715,B028,Personal,44200,11.72,36,2025-09-02,2025-09-18,Approved,Current
L005675,C02051,B014,Home,509700,12.7,60,2023-08-03,2023-08-08,Approved,Current
L005676,C00696,B014,Auto,0,15.02,48,2024-02-19,2024-02-24,Rejected,Current
L005677,C02094,B026,Home,0,13.45,36,2024-09-18,2024-09-29,Rejected,Current
L005678,C04749,B029,Home,0,12.16,48,2024-12-26,2025-01-06,Rejected,Current
L005679,C02573,B005,Personal,0,11.81,84,2024-01-20,2024-02-01,Rejected,Current
L005680,C01506,B012,Auto,0,10.94,12,2024-10-14,2024-11-01,Rejected,Current
L005681,C03669,B003,Business,0,12.01,72,2024-11-21,2024-12-05,Rejected,Current
L005682,C04514,B011,Home,111900,10.1,24,2024-05-27,2024-05-28,Approved,Current
L005683,C02744,B001,Personal,0,13.06,36,2024-02-01,2024-02-09,Rejected,Current
L005684,C04655,B016,Business,153100,11.62,84,2025-03-20,2025-03-23,Approved,Current
L005685,C03278,B007,Personal,15700,11.03,60,2023-10-12,2023-10-30,Approved,Current
L005686,C01299,B003,Home,187500,9.38,36,2025-05-11,2025-05-31,Approved,Current
L005687,C04691,B022,Personal,17200,10.96,36,2024-02-04,2024-02-06,Approved,Current
L005688,C03251,B003,Education,0,11.33,36,2024-11-04,2024-11-13,Rejected,Current
L005689,C02915,B017,Auto,0,11.99,36,2024-05-17,2024-06-05,Rejected,Current
L005690,C03869,B018,Auto,24900,11.75,12,2023-02-09,2023-02-21,Approved,Current
L005691,C02265,B015,Auto,0,15.84,12,2025-08-20,2025-08-31,Rejected,Current
L005692,C03793,B029,Home,0,12.98,48,2023-12-15,2023-12-16,Rejected,Current
L005693,C02881,B023,Personal,17000,14.56,48,2023-08-10,2023-08-26,Approved,Current
L005694,C02854,B021,Auto,45000,11.2,60,2025-08-08,2025-08-09,Approved,Current
L005695,C03708,B006,Home,342600,12.67,24,2023-03-05,2023-03-25,Approved,Current
L005696,C02829,B003,Auto,14900,11.13,48,2025-10-24,2025-11-02,Approved,Current
L005697,C00216,B016,Personal,43500,9.98,72,2025-05-28,2025-06-02,Approved,Current
L005698,C04566,B009,Personal,0,12.18,72,2025-10-04,2025-10-09,Rejected,Current
L005699,C00180,B030,Auto,0,13.15,48,2025-11-07,2025-11-15,Rejected,Current
L005700,C02687,B003,Home,148200,12.7,24,2025-10-20,2025-11-03,Approved,Current
L005701,C00377,B020,Personal,0,16.91,24,2025-10-30,2025-11-03,Rejected,Current
L005702,C02729,B017,Personal,7400,13.93,48,2025-02-20,2025-03-04,Approved,Default
L005703,C01828,B015,Auto,0,13.81,60,2025-08-04,2025-08-06,Rejected,Current
L005704,C03227,B010,Personal,0,12.97,84,2023-12-17,2023-12-23,Rejected,Current
L005705,C02328,B018,Home,0,16.15,60,2023-04-09,2023-04-23,Rejected,Current
L005706,C01503,B027,Home,174000,13.51,36,2025-04-08,2025-04-21,Approved,Current
L005707,C04945,B001,Home,186800,14.14,36,2025-06-16,2025-06-19,Approved,Current
L005708,C00753,B030,Business,0,16.79,12,2025-11-23,2025-12-12,Rejected,Current
L005709,C03170,B030,Personal,5700,12.55,12,2023-12-15,2023-12-20,Approved,Current
L005710,C00250,B028,Business,196200,13.82,48,2024-07-30,2024-08-17,Approved,Current
L005711,C02821,B005,Auto,30300,10.95,12,2023-06-25,2023-07-07,Approved,Current
L005712,C04737,B001,Home,140200,14.4,24,2023-02-16,2023-02-27,Approved,Current
L005713,C00890,B004,Education,36200,12.61,84,2025-10-31,2025-11-04,Approved,Default
L005714,C04867,B011,Auto,21500,13.75,60,2023-07-09,2023-07-21,Approved,Current
L005715,C04003,B026,Education,0,13.25,48,2025-06-18,2025-07-07,Rejected,Current
L005716,C03724,B013,Home,168900,8.7,72,2023-03-27,2023-04-03,Approved,Current
L005717,C03087,B010,Home,273500,11.65,24,2024-06-28,2024-07-08,Approved,Current
L005718,C02744,B012,Home,0,11.95,36,2024-08-29,2024-09-17,Rejected,Current
L005719,C04577,B021,Personal,10200,12.33,36,2023-11-26,2023-11-27,Approved,Current
L005720,C01757,B024,Education,34200,10.73,84,2024-02-23,2024-03-10,Approved,Current
L005721,C02623,B020,Auto,27600,13.05,72,2025-10-15,2025-10-19,Approved,Current
L005722,C01777,B018,Auto,11800,12.4,48,2024-06-18,2024-06-30,Approved,Current
L005723,C04581,B023,Education,0,12.93,48,2025-12-08,2025-12-21,Rejected,Current
L005724,C03405,B009,Education,20800,11.64,84,2025-04-23,2025-04-26,Approved,Current
L005725,C02075,B010,Personal,21800,9.7,36,2025-01-02,2025-01-18,Approved,Current
L005726,C03097,B011,Auto,20000,10.52,36,2025-10-22,2025-10-24,Approved,Current
L005727,C01086,B003,Auto,16500,9.03,60,2025-05-17,2025-05-26,Approved,Current
L005728,C03730,B012,Home,354000,13.51,60,2023-06-03,2023-06-09,Approved,Current
L005729,C04329,B030,Education,44500,10.14,48,2023-05-25,2023-06-04,Approved,Current
L005730,C01488,B027,Business,94700,11.6,84,2024-12-26,2025-01-12,Approved,Current
L005731,C00349,B015,Auto,40700,10.76,36,2025-03-17,2025-03-22,Approved,Current
L005732,C00414,B024,Home,288900,11.9,48,2024-06-21,2024-07-03,Approved,Current
L005733,C02454,B030,Auto,31800,15.42,60,2025-07-06,2025-07-14,Approved,Current
L005734,C03453,B001,Home,95200,14.21,36,2024-12-15,2024-12-27,Approved,Current
L005735,C02564,B009,Personal,21200,13.42,72,2023-12-10,2023-12-22,Approved,Current
L005736,C01010,B029,Home,321000,10.85,60,2025-08-11,2025-08-21,Approved,Current
L005737,C04383,B003,Personal,0,13.63,36,2025-11-18,2025-12-01,Rejected,Current
L005738,C00782,B007,Home,191100,11.15,60,2024-04-26,2024-04-27,Approved,Current
L005739,C03080,B024,Auto,43700,14.51,72,2024-02-09,2024-02-11,Approved,Current
L005740,C04453,B004,Personal,15900,11.43,84,2024-12-17,2025-01-06,Approved,Current
L005741,C02629,B002,Business,168700,14.14,36,2025-02-01,2025-02-16,Approved,Current
L005742,C03976,B001,Personal,37800,12.58,72,2024-05-27,2024-06-06,Approved,Current
L005743,C02187,B021,Home,90700,10.31,12,2023-10-11,2023-10-12,Approved,Current
L005744,C03320,B008,Auto,59100,10.34,12,2024-12-26,2025-01-15,Approved,Current
L005745,C01207,B014,Business,0,12.74,60,2023-05-04,2023-05-22,Rejected,Current
L005746,C03797,B012,Business,126800,12.63,48,2023-11-10,2023-11-11,Approved,Current
L005747,C04519,B001,Home,317800,10.86,48,2024-09-01,2024-09-13,Approved,Current
L005748,C04493,B022,Personal,12600,10.85,36,2023-03-07,2023-03-15,Approved,Current
L005749,C00305,B014,Auto,0,11.87,48,2023-09-02,2023-09-11,Rejected,Current
L005750,C03455,B025,Home,164900,11.58,12,2025-08-31,2025-09-20,Approved,Current
L005751,C02274,B028,Home,148300,14.4,48,2023-12-25,2023-12-27,Approved,Current
L005752,C00851,B008,Personal,8700,11.35,36,2023-05-06,2023-05-22,Approved,Current
L005753,C00495,B008,Personal,16400,11.75,24,2025-01-01,2025-01-15,Approved,Current
L005754,C03556,B005,Personal,28500,14.47,48,2023-10-10,2023-10-11,Approved,Current
L005755,C02675,B025,Home,0,14.2,60,2023-01-30,2023-02-13,Rejected,Current
L005756,C03431,B023,Home,204200,8.3,60,2023-11-28,2023-12-18,Approved,Current
L005757,C03150,B023,Auto,34700,11.33,48,2025-02-06,2025-02-23,Approved,Current
L005758,C03348,B028,Home,156700,11.56,36,2024-01-20,2024-01-26,Approved,Current
L005759,C03950,B012,Education,0,13.66,36,2025-10-13,2025-10-21,Rejected,Current
L005760,C00505,B005,Home,0,15.91,48,2024-01-04,2024-01-22,Rejected,Current
L005761,C04703,B009,Home,150700,12.09,36,2025-08-15,2025-08-23,Approved,Current
L005762,C02655,B016,Personal,32300,13.82,36,2025-02-07,2025-02-15,Approved,Current
L005763,C03407,B027,Auto,0,16.43,48,2024-10-06,2024-10-08,Rejected,Current
L005764,C03518,B004,Auto,0,13.31,48,2025-08-01,2025-08-17,Rejected,Current
L005765,C02705,B006,Auto,30900,12.58,36,2023-10-09,2023-10-22,Approved,Current
L005766,C03765,B004,Business,79600,13.25,36,2023-11-01,2023-11-15,Approved,Current
L005767,C01580,B001,Business,84700,15.44,60,2023-09-16,2023-09-23,Approved,Current
L005768,C01762,B013,Business,0,11.35,36,2024-11-19,2024-11-22,Rejected,Current
L005769,C04133,B013,Personal,16600,12.27,48,2024-06-15,2024-06-23,Approved,Current
L005770,C00314,B017,Home,176300,11.05,60,2024-03-03,2024-03-04,Approved,Current
L005771,C04316,B030,Home,544000,12.21,24,2023-05-17,2023-06-03,Approved,Current
L005772,C02688,B013,Auto,15300,13.84,72,2024-12-03,2024-12-11,Approved,Current
L005773,C01719,B025,Home,225100,13.96,36,2024-03-25,2024-03-31,Approved,Current
L005774,C04500,B011,Business,91800,10.25,60,2023-04-15,2023-05-04,Approved,Current
L005775,C03627,B018,Home,161200,10.2,36,2023-10-26,2023-11-06,Approved,Current
L005776,C04575,B015,Personal,10700,16.82,60,2025-04-11,2025-04-19,Approved,Current
L005777,C00824,B013,Personal,12500,11.88,36,2023-04-07,2023-04-15,Approved,Current
L005778,C04316,B023,Personal,0,10.88,60,2025-03-22,2025-04-01,Rejected,Current
L005779,C02415,B012,Personal,23600,11.49,24,2023-01-05,2023-01-15,Approved,Current
L005780,C04780,B004,Personal,28800,11.84,36,2024-05-26,2024-06-08,Approved,Current
L005781,C03821,B024,Personal,0,11.7,48,2025-06-05,2025-06-08,Rejected,Current
L005782,C01970,B001,Auto,16500,14.12,60,2025-07-18,2025-08-04,Approved,Current
L005783,C03104,B001,Home,250100,11.16,24,2023-07-03,2023-07-18,Approved,Current
L005784,C03067,B012,Personal,25500,10.58,36,2023-12-12,2023-12-18,Approved,Current
L005785,C01760,B021,Home,82700,10.76,24,2025-11-19,2025-12-06,Approved,Current
L005786,C03126,B001,Education,45300,12.78,60,2025-04-03,2025-04-04,Approved,Current
L005787,C04053,B014,Home,0,11.93,84,2023-05-04,2023-05-07,Rejected,Current
L005788,C02282,B001,Education,42200,12.59,36,2024-04-14,2024-04-22,Approved,Current
L005789,C04925,B009,Home,115800,12.13,48,2025-07-09,2025-07-17,Approved,Current
L005790,C04839,B030,Education,0,12.15,48,2023-11-20,2023-12-01,Rejected,Current
L005791,C03035,B026,Personal,0,12.45,24,2023-10-11,2023-10-27,Rejected,Current
L005792,C01124,B030,Personal,15600,10.78,60,2025-10-10,2025-10-11,Approved,Current
L005793,C01235,B016,Auto,26800,12.91,48,2025-04-21,2025-05-02,Approved,Current
L005794,C00675,B012,Education,22600,10.03,48,2023-03-14,2023-03-31,Approved,Default
L005795,C02703,B022,Business,241000,14.72,12,2025-06-15,2025-06-28,Approved,Current
L005796,C02306,B016,Auto,12600,12.69,12,2023-08-10,2023-08-12,Approved,Current
L005797,C01269,B009,Personal,11300,11.05,84,2023-11-27,2023-12-02,Approved,Current
L005798,C03222,B003,Home,147000,10.31,72,2023-06-02,2023-06-14,Approved,Current
L005799,C04720,B021,Personal,0,15.0,12,2023-10-24,2023-11-08,Rejected,Current
L005800,C04195,B011,Home,273500,8.89,48,2024-08-03,2024-08-10,Approved,Current
L005801,C03795,B006,Personal,0,15.24,12,2024-12-31,2025-01-06,Rejected,Current
L005802,C04079,B025,Home,334400,13.11,60,2025-10-23,2025-10-28,Approved,Current
L005803,C02060,B024,Business,0,11.22,12,2025-06-22,2025-07-07,Rejected,Current
L005804,C01250,B028,Personal,7000,8.79,48,2024-07-24,2024-07-27,Approved,Current
L005805,C04030,B023,Home,74100,13.74,60,2025-03-14,2025-03-23,Approved,Current
L005806,C02861,B029,Personal,33800,14.49,24,2024-11-25,2024-12-12,Approved,Current
L005807,C03514,B022,Personal,0,13.1,48,2024-08-13,2024-08-27,Rejected,Current
L005808,C03220,B026,Home,262500,14.62,72,2023-06-18,2023-06-25,Approved,Current
L005809,C00179,B026,Personal,11500,13.42,24,2024-07-24,2024-08-08,Approved,Current
L005810,C02200,B024,Education,23400,10.12,60,2023-03-30,2023-04-06,Approved,Current
L005811,C04931,B020,Home,148600,13.66,36,2023-03-11,2023-03-24,Approved,Current
L005812,C04678,B027,Personal,10200,9.98,36,2025-04-02,2025-04-16,Approved,Current
L005813,C04292,B007,Home,0,12.73,48,2025-05-18,2025-05-29,Rejected,Current
L005814,C02530,B001,Personal,58900,13.02,72,2024-09-03,2024-09-21,Approved,Current
L005815,C02256,B019,Personal,13700,9.5,36,2025-09-26,2025-10-09,Approved,Current
L005816,C00936,B026,Personal,0,14.0,84,2023-04-06,2023-04-18,Rejected,Current
L005817,C00957,B006,Personal,11100,10.7,24,2025-02-28,2025-03-02,Approved,Current
L005818,C02474,B028,Auto,13700,13.6,72,2023-12-19,2023-12-29,Approved,Current
L005819,C01086,B003,Business,163500,10.34,12,2025-10-11,2025-10-22,Approved,Current
L005820,C04663,B023,Home,164000,13.94,24,2025-05-17,2025-06-02,Approved,Current
L005821,C03435,B013,Auto,64400,14.34,84,2024-08-16,2024-09-02,Approved,Current
L005822,C02666,B027,Home,415400,9.02,36,2024-02-01,2024-02-15,Approved,Current
L005823,C02993,B027,Personal,15400,8.19,12,2024-05-13,2024-05-26,Approved,Current
L005824,C01102,B027,Home,387200,12.93,72,2024-05-21,2024-06-07,Approved,Current
L005825,C04983,B010,Auto,19800,13.49,72,2025-07-14,2025-07-19,Approved,Current
L005826,C02977,B024,Personal,0,12.15,60,2023-05-27,2023-05-31,Rejected,Current
L005827,C00284,B024,Auto,0,13.51,72,2025-01-31,2025-02-11,Rejected,Current
L005828,C04472,B017,Auto,13700,10.24,36,2024-11-18,2024-12-05,Approved,Current
L005829,C03791,B020,Business,94900,12.47,60,2023-04-06,2023-04-09,Approved,Current
L005830,C02820,B005,Personal,35800,10.98,60,2025-06-08,2025-06-10,Approved,Current
L005831,C00788,B009,Personal,37100,14.55,84,2024-10-06,2024-10-07,Approved,Current
L005832,C04469,B002,Personal,0,13.05,72,2023-08-22,2023-09-09,Rejected,Current
L005833,C00857,B002,Education,48800,13.32,12,2024-11-13,2024-11-29,Approved,Current
L005834,C01699,B022,Business,51200,13.28,36,2023-11-27,2023-12-08,Approved,Current
L005835,C02681,B017,Business,65800,14.96,60,2024-04-27,2024-05-04,Approved,Current
L005836,C02134,B018,Home,210000,9.13,72,2025-10-02,2025-10-07,Approved,Default
L005837,C04195,B002,Home,227700,10.86,36,2024-05-14,2024-06-01,Approved,Current
L005838,C02422,B028,Personal,10100,7.98,12,2025-04-06,2025-04-10,Approved,Current
L005839,C02806,B009,Business,264600,14.6,24,2025-01-18,2025-01-26,Approved,Current
L005840,C03932,B008,Business,33800,12.74,48,2025-01-19,2025-01-25,Approved,Default
L005841,C00625,B010,Home,190600,14.34,12,2023-04-04,2023-04-05,Approved,Current
L005842,C04179,B024,Home,206000,12.83,12,2023-12-16,2023-12-23,Approved,Current
L005843,C01601,B006,Auto,12200,12.22,36,2023-07-22,2023-07-28,Approved,Current
L005844,C00001,B008,Personal,37300,15.31,60,2023-08-02,2023-08-03,Approved,Current
L005845,C04782,B022,Business,63200,14.71,60,2023-04-17,2023-04-24,Approved,Current
L005846,C04346,B003,Home,0,10.56,48,2025-04-30,2025-05-14,Rejected,Current
L005847,C04506,B026,Home,221600,13.7,48,2024-01-09,2024-01-15,Approved,Current
L005848,C01410,B010,Auto,14400,10.24,12,2025-11-24,2025-12-04,Approved,Current
L005849,C03868,B005,Auto,17700,12.87,36,2024-06-30,2024-07-18,Approved,Current
L005850,C04586,B002,Personal,42500,14.78,60,2025-10-21,2025-11-06,Approved,Current
L005851,C02971,B025,Education,27000,11.52,48,2024-07-12,2024-07-24,Approved,Current
L005852,C02588,B023,Education,6400,12.46,36,2025-11-15,2025-11-26,Approved,Current
L005853,C00799,B013,Home,156700,12.38,36,2023-11-12,2023-11-20,Approved,Current
L005854,C00943,B015,Auto,31400,10.9,12,2024-10-19,2024-11-03,Approved,Current
L005855,C03463,B001,Auto,36100,12.42,60,2023-11-15,2023-11-27,Approved,Current
L005856,C01328,B013,Home,0,16.22,72,2024-07-06,2024-07-13,Rejected,Current
L005857,C00695,B021,Education,0,10.48,36,2024-12-22,2025-01-07,Rejected,Current
L005858,C03417,B013,Personal,11400,12.47,60,2025-12-02,2025-12-06,Approved,Current
L005859,C04231,B020,Personal,20300,10.39,12,2025-01-05,2025-01-06,Approved,Current
L005860,C00186,B007,Education,37000,10.53,72,2025-09-15,2025-09-16,Approved,Current
L005861,C00478,B024,Personal,0,13.94,72,2024-11-19,2024-12-04,Rejected,Current
L005862,C04097,B013,Auto,0,16.02,24,2024-02-29,2024-03-14,Rejected,Current
L005863,C02898,B007,Personal,60100,12.54,60,2024-12-24,2025-01-08,Approved,Current
L005864,C03016,B004,Education,15000,11.06,48,2023-12-21,2023-12-23,Approved,Current
L005865,C03816,B014,Business,77000,11.98,60,2024-08-21,2024-09-06,Approved,Current
L005866,C01686,B027,Education,0,13.17,48,2023-11-08,2023-11-13,Rejected,Current
L005867,C00992,B002,Education,0,14.81,12,2024-09-20,2024-10-01,Rejected,Current
L005868,C02750,B015,Personal,4000,10.58,60,2024-07-27,2024-08-07,Approved,Current
L005869,C04366,B005,Home,166400,14.76,24,2024-09-03,2024-09-04,Approved,Current
L005870,C02946,B003,Auto,0,9.29,36,2025-11-26,2025-11-28,Rejected,Current
L005871,C03399,B016,Business,44100,12.95,84,2025-02-26,2025-02-27,Approved,Current
L005872,C00195,B017,Personal,0,12.83,48,2024-06-30,2024-07-03,Rejected,Current
L005873,C02303,B026,Education,0,13.09,60,2023-12-20,2024-01-09,Rejected,Current
L005874,C00079,B006,Personal,0,12.85,24,2023-01-19,2023-01-20,Rejected,Current
L005875,C03947,B003,Business,108500,14.13,60,2025-10-28,2025-11-14,Approved,Current
L005876,C01122,B006,Home,135400,11.9,48,2025-02-22,2025-02-24,Approved,Current
L005877,C03222,B020,Home,147000,10.53,48,2024-04-01,2024-04-15,Approved,Current
L005878,C00786,B022,Home,0,12.95,84,2025-07-14,2025-08-03,Rejected,Current
L005879,C02862,B021,Personal,31300,10.36,72,2025-10-29,2025-10-31,Approved,Current
L005880,C00447,B001,Home,119200,12.63,36,2025-08-14,2025-09-01,Approved,Current
L005881,C04219,B029,Home,0,12.05,72,2024-07-05,2024-07-13,Rejected,Current
L005882,C02724,B016,Home,0,11.06,24,2025-04-26,2025-05-04,Rejected,Current
L005883,C01582,B023,Auto,107200,12.81,12,2023-09-24,2023-10-01,Approved,Current
L005884,C00359,B018,Home,436200,12.14,48,2023-11-25,2023-12-06,Approved,Current
L005885,C02287,B017,Home,578800,10.9,60,2025-11-05,2025-11-25,Approved,Current
L005886,C01766,B005,Education,0,15.9,36,2023-10-08,2023-10-15,Rejected,Current
L005887,C00805,B029,Business,0,12.83,24,2025-10-01,2025-10-08,Rejected,Current
L005888,C02731,B022,Personal,11100,12.87,60,2024-04-22,2024-05-09,Approved,Current
L005889,C04765,B013,Business,289500,11.46,84,2025-09-20,2025-10-05,Approved,Current
L005890,C04063,B028,Education,25900,12.97,60,2023-03-06,2023-03-13,Approved,Current
L005891,C00143,B002,Education,44300,10.43,84,2023-06-09,2023-06-29,Approved,Current
L005892,C02235,B009,Business,0,12.54,60,2023-03-16,2023-04-02,Rejected,Current
L005893,C03560,B022,Auto,23000,10.74,36,2024-07-06,2024-07-25,Approved,Current
L005894,C02170,B010,Personal,28400,13.65,24,2024-05-19,2024-06-02,Approved,Current
L005895,C03422,B018,Auto,10800,10.14,60,2025-05-31,2025-06-20,Approved,Default
L005896,C01124,B027,Auto,49200,13.68,60,2024-07-26,2024-07-31,Approved,Current
L005897,C00284,B018,Personal,24000,12.75,60,2025-08-06,2025-08-18,Approved,Current
L005898,C00384,B019,Personal,13400,10.94,60,2025-09-28,2025-10-10,Approved,Current
L005899,C01579,B013,Home,0,9.76,48,2024-09-05,2024-09-07,Rejected,Current
L005900,C03873,B006,Auto,35300,13.91,72,2023-02-22,2023-02-26,Approved,Current
L005901,C02946,B029,Personal,0,11.4,60,2023-08-16,2023-08-18,Rejected,Current
L005902,C04283,B024,Auto,46800,14.32,12,2023-04-10,2023-04-15,Approved,Current
L005903,C00624,B001,Business,60700,12.63,60,2025-07-10,2025-07-30,Approved,Default
L005904,C00545,B018,Personal,0,14.48,48,2025-04-08,2025-04-10,Rejected,Current
L005905,C00914,B019,Education,25000,12.44,24,2025-11-24,2025-12-07,Approved,Current
L005906,C02138,B016,Home,172200,13.75,48,2023-09-16,2023-09-19,Approved,Current
L005907,C02544,B019,Personal,52500,12.86,48,2023-11-16,2023-12-01,Approved,Current
L005908,C03733,B021,Personal,0,11.94,48,2023-05-19,2023-06-07,Rejected,Current
L005909,C03996,B030,Home,536000,12.65,48,2023-05-10,2023-05-26,Approved,Current
L005910,C01748,B007,Personal,18900,16.61,60,2025-08-18,2025-09-01,Approved,Current
L005911,C02164,B006,Business,71000,11.27,60,2025-09-13,2025-09-17,Approved,Current
L005912,C01044,B012,Auto,0,12.91,60,2025-03-18,2025-04-04,Rejected,Current
L005913,C02180,B027,Business,0,15.18,60,2024-09-09,2024-09-21,Rejected,Current
L005914,C01316,B028,Auto,26500,10.84,60,2025-06-29,2025-07-01,Approved,Current
L005915,C01378,B014,Home,215600,11.73,48,2023-04-09,2023-04-29,Approved,Current
L005916,C03309,B007,Personal,25300,11.62,12,2025-02-12,2025-02-26,Approved,Current
L005917,C00223,B017,Auto,37000,9.39,36,2025-05-15,2025-05-18,Approved,Current
L005918,C04532,B023,Auto,24200,10.11,12,2023-01-21,2023-02-06,Approved,Current
L005919,C04423,B013,Home,386500,14.35,48,2025-05-01,2025-05-09,Approved,Current
L005920,C02154,B020,Education,121900,13.56,84,2024-12-03,2024-12-15,Approved,Current
L005921,C02700,B026,Auto,72800,11.51,60,2023-11-04,2023-11-13,Approved,Current
L005922,C03321,B027,Business,78000,14.13,48,2024-04-02,2024-04-03,Approved,Default
L005923,C00567,B005,Auto,42200,13.38,60,2025-01-26,2025-01-27,Approved,Current
L005924,C02043,B006,Home,0,13.99,60,2024-06-04,2024-06-13,Rejected,Current
L005925,C00630,B013,Auto,77300,10.28,48,2024-09-26,2024-10-11,Approved,Current
L005926,C02736,B010,Personal,0,13.41,72,2025-11-21,2025-12-01,Rejected,Current
L005927,C02518,B003,Auto,18800,13.91,36,2024-12-24,2025-01-10,Approved,Current
L005928,C00725,B021,Home,0,15.66,60,2025-06-28,2025-06-30,Rejected,Current
L005929,C04361,B003,Personal,22500,14.06,12,2023-10-04,2023-10-07,Approved,Current
L005930,C04049,B008,Home,100500,13.4,24,2023-11-24,2023-12-04,Approved,Current
L005931,C02899,B007,Home,272700,13.56,72,2023-04-26,2023-05-15,Approved,Current
L005932,C01465,B018,Personal,49500,10.93,48,2025-05-13,2025-05-22,Approved,Default
L005933,C01308,B014,Business,64900,11.82,60,2024-07-05,2024-07-23,Approved,Current
L005934,C01955,B007,Home,0,14.63,72,2024-01-23,2024-01-26,Rejected,Current
L005935,C04795,B011,Home,188100,10.95,72,2023-11-09,2023-11-18,Approved,Current
L005936,C00154,B024,Home,268900,11.71,24,2024-07-01,2024-07-12,Approved,Current
L005937,C03512,B027,Business,91200,12.44,60,2023-09-10,2023-09-19,Approved,Current
L005938,C04067,B021,Personal,33600,8.27,60,2025-12-11,2025-12-16,Approved,Current
L005939,C00811,B020,Home,213500,14.67,60,2025-07-06,2025-07-26,Approved,Current
L005940,C00151,B029,Home,322700,13.31,24,2024-06-05,2024-06-23,Approved,Current
L005941,C02223,B010,Business,63900,12.69,60,2023-06-01,2023-06-13,Approved,Current
L005942,C01079,B010,Auto,0,13.73,36,2023-02-21,2023-03-10,Rejected,Current
L005943,C00779,B017,Personal,14900,11.76,36,2025-07-23,2025-08-09,Approved,Current
L005944,C04250,B016,Home,88200,12.84,60,2024-08-07,2024-08-23,Approved,Default
L005945,C03969,B010,Auto,40100,11.39,36,2023-09-07,2023-09-21,Approved,Current
L005946,C04597,B006,Personal,0,14.38,48,2024-08-18,2024-08-27,Rejected,Current
L005947,C02554,B001,Business,74100,8.87,36,2025-04-14,2025-04-27,Approved,Current
L005948,C04245,B026,Personal,15400,10.61,60,2024-05-13,2024-05-16,Approved,Current
L005949,C04104,B005,Personal,10100,14.15,84,2023-04-22,2023-04-27,Approved,Current
L005950,C04689,B027,Personal,15200,13.96,60,2025-11-01,2025-11-09,Approved,Current
L005951,C04565,B012,Auto,0,13.62,36,2025-03-20,2025-03-23,Rejected,Current
L005952,C04547,B008,Home,371800,11.66,24,2024-04-14,2024-04-30,Approved,Current
L005953,C03679,B006,Personal,10200,14.05,60,2025-01-08,2025-01-12,Approved,Current
L005954,C04224,B023,Business,115600,8.13,72,2025-07-15,2025-07-24,Approved,Current
L005955,C03706,B016,Personal,0,15.56,36,2024-05-18,2024-05-25,Rejected,Current
L005956,C03359,B010,Home,0,10.88,12,2025-06-12,2025-06-30,Rejected,Current
L005957,C00853,B003,Personal,0,10.64,24,2025-11-26,2025-12-13,Rejected,Current
L005958,C04183,B025,Education,15000,13.8,36,2023-05-17,2023-05-23,Approved,Current
L005959,C03966,B006,Business,0,12.95,48,2024-04-08,2024-04-18,Rejected,Current
L005960,C04630,B029,Auto,33300,10.96,36,2023-11-25,2023-11-30,Approved,Current
L005961,C03324,B002,Personal,15100,10.64,48,2025-03-25,2025-04-09,Approved,Current
L005962,C04920,B004,Home,594200,15.18,84,2025-10-06,2025-10-08,Approved,Current
L005963,C04475,B007,Auto,36200,14.65,12,2023-11-25,2023-12-10,Approved,Current
L005964,C00456,B021,Home,749400,11.99,60,2024-04-19,2024-04-28,Approved,Current
L005965,C04414,B012,Home,84900,12.95,48,2025-03-06,2025-03-12,Approved,Current
L005966,C00230,B010,Business,83400,14.98,60,2023-02-04,2023-02-08,Approved,Current
L005967,C04604,B025,Personal,8500,10.38,84,2023-12-29,2024-01-12,Approved,Current
L005968,C04886,B013,Auto,0,13.52,48,2023-06-15,2023-06-24,Rejected,Current
L005969,C03478,B021,Home,172500,13.36,24,2024-11-11,2024-11-12,Approved,Current
L005970,C03359,B019,Auto,0,10.98,60,2025-04-14,2025-05-03,Rejected,Current
L005971,C00760,B027,Personal,0,13.85,36,2024-11-26,2024-12-06,Rejected,Current
L005972,C01791,B030,Personal,0,12.75,72,2024-01-22,2024-02-09,Rejected,Current
L005973,C04542,B028,Auto,0,14.32,24,2024-07-16,2024-08-04,Rejected,Current
L005974,C01367,B008,Education,0,18.93,36,2024-08-11,2024-08-17,Rejected,Current
L005975,C00325,B029,Education,61900,12.26,84,2024-03-08,2024-03-11,Approved,Current
L005976,C00877,B017,Personal,9800,12.4,72,2023-08-14,2023-09-01,Approved,Current
L005977,C00167,B008,Personal,0,11.06,36,2025-09-16,2025-10-06,Rejected,Current
L005978,C03665,B018,Auto,16600,14.77,60,2025-09-19,2025-09-29,Approved,Current
L005979,C00581,B027,Home,116900,14.91,24,2023-01-16,2023-02-05,Approved,Current
L005980,C04935,B020,Business,63600,11.71,24,2025-04-16,2025-04-20,Approved,Current
L005981,C01800,B008,Home,0,16.67,24,2025-10-28,2025-11-05,Rejected,Current
L005982,C01110,B016,Home,203700,12.83,12,2025-01-03,2025-01-19,Approved,Current
L005983,C03628,B016,Auto,0,15.63,48,2023-06-15,2023-06-17,Rejected,Current
L005984,C02854,B030,Personal,0,11.02,36,2023-11-08,2023-11-27,Rejected,Current
L005985,C01173,B024,Auto,0,11.53,48,2024-06-15,2024-06-30,Rejected,Current
L005986,C00772,B028,Home,104700,9.34,60,2025-12-11,2025-12-19,Approved,Current
L005987,C00928,B010,Business,0,12.53,48,2023-11-17,2023-12-04,Rejected,Current
L005988,C02909,B013,Personal,8400,13.13,36,2024-07-31,2024-08-13,Approved,Current
L005989,C00606,B021,Home,192800,12.48,24,2025-10-08,2025-10-11,Approved,Current
L005990,C03907,B022,Education,0,12.72,60,2023-10-02,2023-10-12,Rejected,Current
L005991,C04101,B005,Auto,0,12.31,36,2025-01-14,2025-01-27,Rejected,Current
L005992,C04095,B012,Education,35400,10.21,36,2024-03-28,2024-04-08,Approved,Current
L005993,C01002,B015,Auto,31700,12.07,60,2025-05-24,2025-05-25,Approved,Current
L005994,C03974,B006,Education,42000,13.02,48,2025-07-19,2025-08-02,Approved,Current
L005995,C00414,B009,Home,226700,14.83,36,2024-11-29,2024-12-01,Approved,Current
L005996,C04811,B003,Personal,0,12.38,60,2024-10-29,2024-11-10,Rejected,Current
L005997,C02015,B024,Business,88300,11.62,60,2023-09-16,2023-09-20,Approved,Current
L005998,C01488,B023,Business,164800,11.22,84,2025-07-11,2025-07-23,Approved,Current
L005999,C00783,B021,Auto,26800,11.06,48,2025-06-01,2025-06-02,Approved,Current
L006000,C00527,B017,Auto,90700,10.46,12,2023-01-04,2023-01-14,Approved,Current
L006001,C00001,B026,Education,25600,11.27,48,2023-03-10,2023-03-14,Approved,Default
L006002,C00271,B010,Personal,0,12.5,12,2025-05-22,2025-05-24,Rejected,Current
L006003,C02532,B002,Auto,33400,11.11,72,2025-03-01,2025-03-14,Approved,Current
L006004,C01072,B007,Personal,27400,10.81,24,2025-09-09,2025-09-17,Approved,Current
L006005,C00694,B004,Personal,44100,12.42,72,2025-06-27,2025-06-29,Approved,Default
L006006,C02888,B029,Home,107000,10.02,84,2023-10-10,2023-10-13,Approved,Current
L006007,C03579,B010,Business,36400,12.21,60,2024-09-22,2024-10-07,Approved,Current
L006008,C01996,B007,Auto,0,14.57,24,2025-10-12,2025-10-19,Rejected,Current
L006009,C03578,B012,Education,36200,11.74,48,2023-02-18,2023-02-28,Approved,Current
L006010,C01710,B015,Personal,8300,10.61,36,2025-11-24,2025-12-14,Approved,Current
L006011,C02100,B024,Home,154300,11.17,60,2025-07-22,2025-08-02,Approved,Current
L006012,C00470,B016,Personal,15400,10.41,36,2023-07-01,2023-07-15,Approved,Current
L006013,C02291,B003,Personal,28300,14.46,48,2023-04-30,2023-05-19,Approved,Current
L006014,C00337,B001,Personal,0,12.17,48,2023-09-25,2023-10-09,Rejected,Current
L006015,C00756,B025,Personal,14200,9.45,12,2025-02-09,2025-02-10,Approved,Current
L006016,C02602,B015,Home,197000,12.88,60,2025-02-08,2025-02-15,Approved,Current
L006017,C01720,B015,Personal,8400,11.15,36,2023-10-05,2023-10-10,Approved,Current
L006018,C02100,B011,Home,526300,11.28,48,2025-03-13,2025-03-20,Approved,Current
L006019,C00413,B002,Education,46800,10.46,24,2024-06-04,2024-06-17,Approved,Current
L006020,C03613,B004,Auto,21800,12.98,36,2025-05-04,2025-05-11,Approved,Current
L006021,C03281,B017,Business,51400,13.1,48,2025-02-23,2025-03-14,Approved,Default
L006022,C04104,B012,Business,53600,14.08,48,2024-10-15,2024-10-28,Approved,Current
L006023,C02994,B016,Home,255500,14.65,24,2023-09-01,2023-09-17,Approved,Current
L006024,C03463,B001,Auto,0,15.17,36,2025-07-16,2025-07-31,Rejected,Current
L006025,C00247,B023,Business,82800,13.69,48,2024-11-28,2024-12-17,Approved,Current
L006026,C03779,B026,Personal,7100,12.08,24,2025-11-25,2025-12-02,Approved,Current
L006027,C00412,B010,Business,0,14.26,48,2025-08-27,2025-09-01,Rejected,Current
L006028,C03368,B013,Home,0,14.61,36,2024-11-04,2024-11-18,Rejected,Current
L006029,C04331,B018,Personal,16300,14.22,72,2024-12-12,2024-12-28,Approved,Current
L006030,C02690,B021,Auto,35600,13.51,36,2023-01-18,2023-01-29,Approved,Current
L006031,C00588,B015,Auto,49600,13.6,60,2025-07-10,2025-07-21,Approved,Current
L006032,C01469,B010,Auto,35100,12.46,48,2025-05-26,2025-06-07,Approved,Current
L006033,C00233,B023,Personal,0,14.32,60,2023-01-22,2023-02-04,Rejected,Current
L006034,C01887,B015,Home,0,15.2,72,2023-08-05,2023-08-13,Rejected,Current
L006035,C00310,B023,Home,227800,13.98,60,2025-05-02,2025-05-08,Approved,Current
L006036,C00944,B004,Education,31100,10.79,24,2024-05-08,2024-05-10,Approved,Current
L006037,C00908,B005,Business,184000,11.6,72,2023-07-20,2023-07-30,Approved,Current
L006038,C02749,B007,Business,0,14.68,24,2025-05-22,2025-05-24,Rejected,Current
L006039,C02526,B013,Personal,0,14.12,36,2023-09-20,2023-10-01,Rejected,Current
L006040,C01601,B015,Home,136200,11.5,48,2024-02-21,2024-02-26,Approved,Current
L006041,C02100,B024,Home,420100,11.89,72,2023-03-07,2023-03-13,Approved,Current
L006042,C00546,B012,Home,0,14.41,60,2025-10-06,2025-10-22,Rejected,Current
L006043,C02349,B019,Personal,23800,13.38,72,2024-03-31,2024-04-20,Approved,Current
L006044,C03824,B001,Auto,31600,14.14,72,2024-08-31,2024-09-10,Approved,Current
L006045,C02689,B026,Home,167200,10.94,60,2025-08-12,2025-08-26,Approved,Current
L006046,C03315,B025,Auto,26700,13.34,48,2023-04-03,2023-04-09,Approved,Current
L006047,C04452,B018,Personal,0,12.31,36,2025-02-07,2025-02-12,Rejected,Current
L006048,C04931,B006,Home,240700,11.09,36,2025-05-12,2025-05-22,Approved,Default
L006049,C04973,B013,Business,61400,10.88,48,2023-06-29,2023-07-11,Approved,Current
L006050,C01842,B024,Home,199300,10.33,12,2025-11-24,2025-12-11,Approved,Current
L006051,C01637,B030,Business,115200,10.85,36,2024-03-03,2024-03-19,Approved,Current
L006052,C01676,B007,Auto,0,16.0,36,2024-06-15,2024-06-25,Rejected,Current
L006053,C04833,B003,Business,125300,14.91,72,2023-08-03,2023-08-20,Approved,Current
L006054,C01791,B021,Personal,21900,12.68,36,2025-12-12,2025-12-14,Approved,Default
L006055,C03145,B012,Personal,0,14.22,36,2024-03-23,2024-03-25,Rejected,Current
L006056,C03521,B005,Home,96200,13.29,60,2024-11-11,2024-11-25,Approved,Current
L006057,C01842,B002,Education,17900,10.65,72,2025-05-28,2025-06-01,Approved,Current
L006058,C00156,B020,Auto,34500,12.22,60,2023-01-26,2023-02-07,Approved,Current
L006059,C00934,B008,Home,177400,10.53,24,2024-10-06,2024-10-08,Approved,Current
L006060,C00576,B002,Personal,38700,9.54,36,2023-07-16,2023-07-30,Approved,Current
L006061,C01334,B022,Home,151200,13.09,60,2023-04-22,2023-05-10,Approved,Current
L006062,C03108,B015,Home,113400,13.45,24,2024-01-17,2024-01-26,Approved,Current
L006063,C04344,B001,Business,136400,13.82,60,2025-11-17,2025-11-25,Approved,Default
L006064,C01452,B002,Home,107900,12.64,36,2024-01-13,2024-01-20,Approved,Current
L006065,C04549,B003,Home,0,13.96,48,2025-11-04,2025-11-17,Rejected,Current
L006066,C00940,B002,Personal,11700,10.43,60,2025-02-19,2025-02-21,Approved,Current
L006067,C03460,B027,Personal,3500,11.33,60,2023-01-23,2023-01-25,Approved,Current
L006068,C01094,B013,Home,252700,10.83,60,2023-12-02,2023-12-18,Approved,Current
L006069,C03942,B021,Home,0,12.99,60,2023-10-08,2023-10-24,Rejected,Current
L006070,C02502,B030,Auto,53000,11.04,24,2023-06-09,2023-06-27,Approved,Current
L006071,C04363,B026,Auto,90300,15.21,84,2023-10-11,2023-10-13,Approved,Current
L006072,C01462,B024,Personal,41200,12.18,60,2023-04-01,2023-04-08,Approved,Current
L006073,C02414,B025,Home,154000,11.05,24,2024-05-07,2024-05-14,Approved,Current
L006074,C03774,B001,Business,174900,9.89,60,2024-04-28,2024-05-15,Approved,Current
L006075,C01211,B019,Home,175300,10.07,48,2023-05-20,2023-06-01,Approved,Current
L006076,C03299,B006,Home,146400,13.89,48,2025-11-09,2025-11-22,Approved,Current
L006077,C00061,B006,Home,0,10.32,60,2025-07-27,2025-08-01,Rejected,Current
L006078,C02216,B007,Home,159700,12.55,24,2024-03-09,2024-03-24,Approved,Current
L006079,C04251,B022,Personal,0,10.48,84,2025-07-12,2025-07-14,Rejected,Current
L006080,C02832,B010,Personal,42900,13.01,48,2023-01-25,2023-01-31,Approved,Current
L006081,C04818,B014,Personal,26900,13.7,48,2025-11-20,2025-11-24,Approved,Current
L006082,C04103,B027,Business,62200,13.93,48,2023-06-17,2023-06-30,Approved,Current
L006083,C04619,B029,Personal,10100,11.03,60,2025-10-31,2025-11-02,Approved,Current
L006084,C00251,B010,Education,38300,14.33,60,2024-02-15,2024-02-20,Approved,Current
L006085,C01600,B002,Business,0,13.27,36,2023-05-20,2023-05-28,Rejected,Current
L006086,C02168,B026,Auto,62900,12.46,48,2024-04-25,2024-05-11,Approved,Current
L006087,C03141,B019,Auto,27600,11.7,36,2024-05-20,2024-05-27,Approved,Current
L006088,C01286,B018,Personal,23300,11.91,60,2025-04-17,2025-04-20,Approved,Current
L006089,C01788,B030,Auto,0,9.8,60,2025-07-28,2025-08-06,Rejected,Current
L006090,C01469,B020,Education,13300,13.3,60,2023-08-01,2023-08-14,Approved,Current
L006091,C04034,B011,Personal,0,12.18,60,2023-12-11,2023-12-13,Rejected,Current
L006092,C01503,B015,Personal,29600,13.36,12,2024-07-12,2024-07-31,Approved,Current
L006093,C01255,B014,Personal,0,14.89,24,2023-02-05,2023-02-16,Rejected,Current
L006094,C04320,B025,Auto,30600,11.55,36,2025-12-03,2025-12-13,Approved,Current
L006095,C04815,B015,Personal,75600,12.2,36,2025-07-07,2025-07-18,Approved,Current
L006096,C02901,B001,Home,534900,12.37,48,2024-02-11,2024-02-28,Approved,Current
L006097,C03438,B012,Auto,32200,14.94,72,2023-03-28,2023-04-14,Approved,Current
L006098,C00028,B009,Personal,16200,9.17,60,2025-11-24,2025-11-27,Approved,Current
L006099,C00901,B018,Business,0,13.05,36,2024-12-21,2025-01-02,Rejected,Current
L006100,C00849,B029,Personal,0,13.37,36,2023-06-15,2023-06-18,Rejected,Current
L006101,C00101,B017,Personal,0,9.61,12,2025-07-03,2025-07-08,Rejected,Current
L006102,C02106,B030,Personal,9000,14.46,12,2025-05-28,2025-06-03,Approved,Current
L006103,C04511,B003,Business,83200,10.32,48,2024-03-22,2024-04-11,Approved,Current
L006104,C03241,B015,Business,138500,9.97,60,2024-06-18,2024-06-28,Approved,Current
L006105,C03318,B017,Personal,0,13.23,72,2025-11-15,2025-11-26,Rejected,Current
L006106,C01489,B023,Personal,0,14.25,48,2023-01-30,2023-02-18,Rejected,Current
L006107,C01454,B028,Business,0,13.18,24,2025-02-25,2025-03-17,Rejected,Current
L006108,C01802,B002,Auto,12700,13.75,36,2024-11-09,2024-11-20,Approved,Current
L006109,C04517,B014,Personal,11100,11.88,48,2023-08-12,2023-08-20,Approved,Current
L006110,C04117,B009,Auto,15900,7.63,60,2023-04-16,2023-04-25,Approved,Current
L006111,C04732,B016,Business,0,12.47,48,2023-03-02,2023-03-05,Rejected,Current
L006112,C03441,B018,Personal,20400,11.66,60,2023-06-25,2023-06-26,Approved,Current
L006113,C04560,B008,Personal,16500,10.86,12,2024-08-30,2024-09-01,Approved,Current
L006114,C01516,B006,Personal,18300,11.85,84,2023-05-21,2023-05-23,Approved,Default
L006115,C03922,B016,Auto,61700,11.85,72,2023-03-27,2023-03-30,Approved,Current
L006116,C03167,B014,Personal,10100,12.75,24,2024-09-26,2024-10-14,Approved,Current
L006117,C00024,B006,Business,32900,10.95,12,2023-12-19,2024-01-05,Approved,Current
L006118,C00396,B020,Business,140400,7.79,60,2023-06-28,2023-07-10,Approved,Current
L006119,C01428,B017,Auto,25800,8.02,60,2024-08-04,2024-08-10,Approved,Current
L006120,C03205,B028,Personal,10300,12.23,48,2025-09-02,2025-09-09,Approved,Current
L006121,C01014,B026,Education,38000,9.28,36,2024-09-30,2024-10-17,Approved,Current
L006122,C04518,B024,Home,62700,14.43,60,2024-02-18,2024-02-27,Approved,Current
L006123,C04227,B007,Home,115400,10.17,60,2023-07-25,2023-08-06,Approved,Current
L006124,C00420,B016,Education,7500,12.79,24,2025-08-07,2025-08-21,Approved,Current
L006125,C03350,B006,Business,109500,14.04,60,2025-02-13,2025-02-24,Approved,Current
L006126,C03966,B021,Home,0,12.02,60,2024-04-23,2024-04-27,Rejected,Current
L006127,C04871,B013,Home,135000,9.67,24,2023-08-13,2023-09-01,Approved,Current
L006128,C01427,B027,Personal,11600,13.08,48,2023-01-15,2023-01-21,Approved,Current
L006129,C04271,B018,Education,74700,13.44,36,2023-02-19,2023-03-10,Approved,Current
L006130,C00464,B016,Business,134200,12.52,48,2025-08-21,2025-09-06,Approved,Current
L006131,C00390,B001,Home,0,12.35,48,2025-10-30,2025-11-15,Rejected,Current
L006132,C00136,B012,Business,103800,12.79,48,2025-01-25,2025-01-29,Approved,Current
L006133,C02457,B014,Business,107600,13.06,36,2023-05-03,2023-05-08,Approved,Current
L006134,C02272,B007,Personal,39800,14.64,48,2024-10-23,2024-11-02,Approved,Current
L006135,C00601,B020,Auto,0,11.64,24,2024-11-01,2024-11-06,Rejected,Current
L006136,C00619,B002,Personal,0,12.78,24,2025-09-22,2025-10-01,Rejected,Current
L006137,C01577,B013,Business,25100,9.73,24,2023-09-10,2023-09-28,Approved,Current
L006138,C03770,B012,Personal,46800,13.03,24,2024-12-20,2024-12-26,Approved,Current
L006139,C02926,B019,Auto,39700,10.91,12,2023-10-02,2023-10-16,Approved,Current
L006140,C00009,B002,Home,174400,8.03,12,2024-05-18,2024-06-07,Approved,Current
L006141,C01204,B009,Personal,29600,13.1,60,2025-04-25,2025-05-11,Approved,Current
L006142,C01722,B015,Personal,9400,13.97,24,2024-07-12,2024-07-15,Approved,Current
L006143,C00594,B004,Auto,23600,13.17,48,2024-09-18,2024-09-19,Approved,Current
L006144,C03761,B015,Personal,0,12.55,36,2024-11-26,2024-12-02,Rejected,Current
L006145,C00606,B014,Auto,32800,12.6,36,2024-01-05,2024-01-06,Approved,Current
L006146,C01470,B017,Home,236500,12.12,72,2024-06-06,2024-06-12,Approved,Current
L006147,C01696,B005,Auto,36700,15.31,48,2024-08-11,2024-08-16,Approved,Current
L006148,C01307,B013,Home,0,12.81,48,2023-12-13,2023-12-25,Rejected,Current
L006149,C01688,B007,Home,89500,8.41,48,2023-02-28,2023-03-06,Approved,Current
L006150,C03984,B001,Personal,36400,9.78,36,2024-12-05,2024-12-13,Approved,Current
L006151,C03727,B028,Home,141800,9.62,60,2023-02-01,2023-02-20,Approved,Current
L006152,C01049,B013,Auto,33000,11.71,12,2023-07-27,2023-08-01,Approved,Current
L006153,C01736,B004,Auto,23000,12.29,36,2023-12-04,2023-12-19,Approved,Current
L006154,C04329,B028,Personal,0,11.95,60,2023-06-28,2023-07-12,Rejected,Current
L006155,C03360,B013,Auto,0,15.7,12,2023-11-06,2023-11-22,Rejected,Current
L006156,C00685,B028,Personal,27000,9.55,12,2024-02-13,2024-02-19,Approved,Current
L006157,C02339,B027,Personal,0,15.25,36,2023-05-18,2023-06-04,Rejected,Current
L006158,C00949,B013,Home,234700,11.49,36,2024-01-26,2024-02-12,Approved,Current
L006159,C03431,B025,Personal,13000,9.85,60,2024-01-17,2024-02-02,Approved,Current
L006160,C02672,B003,Auto,39200,12.3,60,2024-12-05,2024-12-06,Approved,Current
L006161,C00305,B008,Education,32000,10.96,12,2025-09-19,2025-10-07,Approved,Current
L006162,C02398,B024,Personal,18600,13.37,48,2024-10-08,2024-10-12,Approved,Current
L006163,C02001,B009,Auto,42900,15.77,72,2023-02-14,2023-02-17,Approved,Current
L006164,C02527,B007,Education,13900,12.68,36,2024-04-06,2024-04-09,Approved,Current
L006165,C04226,B005,Personal,0,13.03,24,2025-11-27,2025-12-10,Rejected,Current
L006166,C00187,B026,Home,356000,11.73,48,2025-01-16,2025-02-05,Approved,Current
L006167,C01565,B004,Personal,16700,13.88,48,2024-08-09,2024-08-13,Approved,Current
L006168,C01910,B022,Auto,40200,9.54,36,2023-09-21,2023-10-02,Approved,Current
L006169,C02283,B003,Auto,19900,12.31,36,2024-08-27,2024-09-01,Approved,Current
L006170,C00278,B008,Auto,64100,10.69,60,2025-11-01,2025-11-03,Approved,Current
L006171,C01483,B004,Home,224300,15.7,36,2024-08-16,2024-08-22,Approved,Current
L006172,C04883,B011,Auto,0,13.24,84,2023-06-20,2023-06-25,Rejected,Current
L006173,C01878,B010,Personal,21100,12.5,36,2025-06-21,2025-06-22,Approved,Current
L006174,C04461,B002,Education,0,11.59,48,2025-09-02,2025-09-13,Rejected,Current
L006175,C04564,B021,Personal,22100,9.51,12,2024-07-10,2024-07-16,Approved,Current
L006176,C01649,B014,Personal,40800,12.38,48,2024-06-20,2024-07-07,Approved,Current
L006177,C01925,B008,Education,33300,11.83,48,2023-01-04,2023-01-15,Approved,Current
L006178,C02699,B006,Business,105200,10.68,36,2023-08-18,2023-08-25,Approved,Current
L006179,C03800,B025,Business,79800,11.67,48,2025-08-03,2025-08-19,Approved,Current
L006180,C01298,B022,Personal,32700,13.26,24,2025-06-12,2025-07-02,Approved,Current
L006181,C01352,B003,Business,187000,10.0,60,2023-07-14,2023-07-19,Approved,Current
L006182,C02909,B017,Auto,25200,15.07,72,2023-06-05,2023-06-12,Approved,Current
L006183,C02232,B010,Auto,0,13.77,60,2023-04-20,2023-04-23,Rejected,Current
L006184,C02029,B024,Education,31800,15.49,60,2025-10-17,2025-10-19,Approved,Current
L006185,C01218,B015,Personal,0,13.59,48,2023-03-02,2023-03-03,Rejected,Current
L006186,C00272,B028,Home,0,12.32,36,2024-09-28,2024-10-06,Rejected,Current
L006187,C01324,B008,Business,0,12.76,24,2024-08-19,2024-08-26,Rejected,Current
L006188,C02244,B007,Home,0,12.72,60,2024-12-21,2024-12-31,Rejected,Current
L006189,C02953,B028,Personal,34900,12.54,12,2025-12-02,2025-12-16,Approved,Current
L006190,C00331,B030,Personal,9700,12.53,24,2025-09-13,2025-09-22,Approved,Current
L006191,C03558,B007,Auto,17900,11.66,36,2023-10-11,2023-10-22,Approved,Current
L006192,C02668,B013,Personal,0,13.92,24,2025-02-01,2025-02-02,Rejected,Current
L006193,C02547,B030,Personal,33800,11.52,48,2024-08-01,2024-08-20,Approved,Current
L006194,C03472,B028,Home,118200,10.88,60,2024-12-19,2025-01-02,Approved,Current
L006195,C01828,B004,Personal,29000,14.24,72,2025-04-15,2025-05-03,Approved,Current
L006196,C01836,B018,Personal,13900,7.43,36,2024-07-01,2024-07-13,Approved,Current
L006197,C02129,B007,Personal,0,12.49,36,2024-01-18,2024-01-28,Rejected,Current
L006198,C04957,B003,Business,29900,12.73,60,2025-03-08,2025-03-26,Approved,Current
L006199,C03937,B029,Personal,0,11.16,36,2023-12-15,2023-12-18,Rejected,Current
L006200,C02174,B014,Business,224200,12.62,36,2025-03-01,2025-03-05,Approved,Current
L006201,C03710,B001,Business,219300,8.01,60,2024-03-22,2024-03-31,Approved,Current
L006202,C00130,B001,Auto,64000,9.76,36,2025-06-06,2025-06-18,Approved,Current
L006203,C01559,B016,Personal,0,13.31,24,2023-03-13,2023-03-22,Rejected,Current
L006204,C02262,B014,Business,113100,12.43,36,2023-10-26,2023-11-04,Approved,Current
L006205,C03201,B030,Home,0,10.86,24,2024-10-10,2024-10-26,Rejected,Current
L006206,C03725,B026,Personal,0,13.86,60,2025-01-19,2025-01-24,Rejected,Current
L006207,C03534,B008,Home,318900,12.47,12,2023-10-08,2023-10-13,Approved,Current
L006208,C01804,B023,Personal,9700,13.6,48,2025-09-11,2025-09-25,Approved,Current
L006209,C03129,B001,Home,0,12.81,84,2024-04-06,2024-04-26,Rejected,Current
L006210,C04694,B004,Home,271300,13.66,72,2023-10-14,2023-10-28,Approved,Current
L006211,C00615,B028,Home,308300,14.63,12,2024-10-14,2024-10-29,Approved,Current
L006212,C03411,B004,Auto,22900,13.74,60,2025-04-12,2025-04-28,Approved,Current
L006213,C04519,B004,Education,39900,13.18,60,2024-10-31,2024-11-07,Approved,Current
L006214,C02382,B015,Home,0,13.06,36,2023-07-20,2023-07-31,Rejected,Current
L006215,C01865,B016,Home,155900,9.98,24,2024-06-24,2024-06-28,Approved,Current
L006216,C01953,B010,Auto,34800,10.23,72,2023-04-05,2023-04-10,Approved,Current
L006217,C00688,B022,Home,0,10.54,48,2023-05-11,2023-05-25,Rejected,Current
L006218,C03928,B028,Home,158500,12.93,60,2025-08-19,2025-08-28,Approved,Current
L006219,C04243,B004,Business,82900,12.97,48,2023-04-24,2023-05-03,Approved,Current
L006220,C03508,B014,Business,0,13.11,36,2024-04-09,2024-04-20,Rejected,Current
L006221,C02060,B013,Auto,28900,11.89,36,2025-03-08,2025-03-27,Approved,Current
L006222,C02909,B002,Personal,27800,13.7,48,2024-08-21,2024-09-09,Approved,Current
L006223,C03305,B001,Home,0,12.18,36,2024-11-29,2024-12-11,Rejected,Current
L006224,C02210,B016,Home,161500,12.88,36,2023-09-05,2023-09-20,Approved,Current
L006225,C01618,B027,Home,0,12.92,12,2024-09-02,2024-09-04,Rejected,Current
L006226,C04043,B022,Personal,53300,11.12,84,2024-07-16,2024-07-28,Approved,Current
L006227,C01900,B016,Home,197600,11.2,60,2024-07-23,2024-07-26,Approved,Current
L006228,C02035,B029,Home,72400,11.79,24,2023-06-25,2023-07-10,Approved,Current
L006229,C03572,B022,Personal,0,11.69,24,2024-04-30,2024-05-14,Rejected,Current
L006230,C03974,B007,Education,52000,14.33,48,2024-11-07,2024-11-26,Approved,Current
L006231,C02953,B023,Business,0,14.44,12,2023-05-15,2023-05-18,Rejected,Current
L006232,C04648,B008,Business,209100,14.01,36,2025-10-19,2025-11-03,Approved,Current
L006233,C00726,B004,Home,0,13.45,72,2024-07-25,2024-08-05,Rejected,Current
L006234,C03504,B014,Home,104600,11.39,60,2025-03-11,2025-03-20,Approved,Default
L006235,C03528,B011,Auto,20700,13.0,72,2024-11-21,2024-11-28,Approved,Current
L006236,C01178,B025,Auto,24400,12.49,24,2023-05-03,2023-05-10,Approved,Current
L006237,C04086,B017,Auto,0,12.45,36,2025-07-20,2025-07-27,Rejected,Current
L006238,C03410,B001,Personal,19300,10.34,48,2025-03-16,2025-04-02,Approved,Current
L006239,C02341,B017,Auto,0,10.84,60,2023-12-17,2023-12-21,Rejected,Current
L006240,C02484,B002,Education,14600,10.52,36,2024-03-06,2024-03-10,Approved,Current
L006241,C04262,B018,Personal,0,14.3,36,2024-08-11,2024-08-18,Rejected,Current
L006242,C03042,B003,Home,157400,9.08,36,2025-09-05,2025-09-07,Approved,Current
L006243,C03524,B024,Home,347100,12.99,60,2023-03-26,2023-03-31,Approved,Current
L006244,C04880,B021,Auto,23300,10.53,36,2025-02-24,2025-03-06,Approved,Current
L006245,C01560,B013,Personal,28100,12.08,12,2023-12-26,2024-01-13,Approved,Current
L006246,C00401,B017,Business,0,11.99,60,2025-10-20,2025-11-03,Rejected,Current
L006247,C04211,B015,Personal,0,14.23,24,2023-11-07,2023-11-10,Rejected,Current
L006248,C04447,B027,Business,0,10.25,60,2023-11-06,2023-11-09,Rejected,Current
L006249,C03332,B026,Personal,0,14.8,12,2025-10-19,2025-11-07,Rejected,Current
L006250,C02866,B028,Personal,0,14.2,36,2025-02-15,2025-02-28,Rejected,Current
L006251,C04972,B003,Business,54800,11.19,48,2024-11-06,2024-11-13,Approved,Current
L006252,C01250,B005,Business,64400,12.56,84,2024-10-09,2024-10-15,Approved,Current
L006253,C00614,B030,Education,16300,11.63,24,2023-09-09,2023-09-29,Approved,Current
L006254,C04227,B025,Personal,11000,11.33,60,2025-03-27,2025-04-09,Approved,Current
L006255,C01955,B005,Home,87600,13.89,84,2023-08-06,2023-08-11,Approved,Current
L006256,C04277,B029,Personal,5600,11.41,36,2023-06-19,2023-06-25,Approved,Current
L006257,C00349,B006,Personal,5300,10.9,36,2024-11-01,2024-11-13,Approved,Current
L006258,C02519,B016,Personal,0,12.25,84,2023-03-17,2023-03-25,Rejected,Current
L006259,C00161,B002,Personal,17400,11.5,48,2023-12-23,2024-01-10,Approved,Current
L006260,C00114,B030,Business,0,14.74,60,2023-12-23,2024-01-07,Rejected,Current
L006261,C01486,B006,Personal,16300,12.26,60,2025-08-13,2025-08-21,Approved,Current
L006262,C01629,B027,Auto,0,15.59,36,2023-11-14,2023-11-27,Rejected,Current
L006263,C04239,B013,Auto,0,12.42,24,2025-02-22,2025-03-01,Rejected,Current
L006264,C03684,B005,Personal,0,13.24,60,2023-04-15,2023-05-01,Rejected,Current
L006265,C02499,B020,Education,14100,12.46,48,2024-10-08,2024-10-28,Approved,Current
L006266,C01996,B026,Home,150100,13.28,48,2025-04-24,2025-04-29,Approved,Current
L006267,C02110,B025,Education,33100,13.6,48,2023-07-15,2023-08-04,Approved,Current
L006268,C00596,B024,Education,9700,14.03,12,2025-09-17,2025-10-02,Approved,Default
L006269,C00940,B027,Education,0,11.15,12,2024-12-14,2024-12-29,Rejected,Current
L006270,C01300,B030,Business,0,14.0,36,2025-06-26,2025-06-27,Rejected,Current
L006271,C03751,B016,Personal,5700,11.63,36,2025-09-20,2025-09-24,Approved,Current
L006272,C01153,B016,Personal,11100,10.52,60,2024-08-26,2024-09-15,Approved,Current
L006273,C04460,B007,Auto,0,11.91,36,2023-02-16,2023-02-20,Rejected,Current
L006274,C02095,B020,Home,293900,11.81,36,2024-07-16,2024-07-31,Approved,Current
L006275,C03017,B011,Business,219900,11.86,48,2024-05-31,2024-06-03,Approved,Current
L006276,C01398,B003,Auto,22500,10.91,48,2023-10-31,2023-11-06,Approved,Current
L006277,C02870,B015,Personal,65100,11.11,36,2025-09-07,2025-09-21,Approved,Default
L006278,C04756,B017,Personal,17500,11.81,48,2025-03-09,2025-03-11,Approved,Current
L006279,C01161,B003,Personal,15900,15.28,60,2024-02-28,2024-03-15,Approved,Current
L006280,C00796,B029,Auto,43600,13.38,36,2024-01-26,2024-01-29,Approved,Current
L006281,C04131,B002,Personal,21400,12.09,36,2025-05-16,2025-06-05,Approved,Current
L006282,C02918,B014,Auto,36800,9.07,72,2023-10-23,2023-10-29,Approved,Current
L006283,C02540,B005,Auto,95900,13.44,60,2024-04-26,2024-04-29,Approved,Current
L006284,C04354,B024,Personal,20600,13.69,36,2025-04-29,2025-05-14,Approved,Current
L006285,C02435,B004,Auto,0,10.87,48,2024-04-09,2024-04-14,Rejected,Current
L006286,C04366,B012,Auto,20200,13.68,60,2023-05-25,2023-05-26,Approved,Current
L006287,C02001,B007,Home,415800,13.63,12,2025-09-11,2025-09-28,Approved,Current
L006288,C03119,B025,Education,40800,11.56,72,2023-07-27,2023-08-16,Approved,Current
L006289,C02742,B011,Personal,7600,13.48,60,2024-03-21,2024-04-02,Approved,Current
L006290,C00954,B020,Home,76500,11.67,36,2024-02-18,2024-03-09,Approved,Current
L006291,C01726,B021,Business,96300,12.26,72,2025-04-02,2025-04-12,Approved,Current
L006292,C01511,B025,Home,259700,12.32,12,2024-06-28,2024-06-30,Approved,Current
L006293,C01587,B002,Home,127400,11.6,60,2025-12-01,2025-12-09,Approved,Current
L006294,C01742,B002,Auto,12700,12.57,48,2024-12-03,2024-12-22,Approved,Current
L006295,C02459,B010,Auto,17200,8.49,60,2025-01-25,2025-02-10,Approved,Current
L006296,C02893,B018,Personal,44500,13.15,48,2024-01-27,2024-02-15,Approved,Current
L006297,C01975,B017,Home,0,15.25,24,2023-03-02,2023-03-11,Rejected,Current
L006298,C01393,B006,Home,320700,10.75,36,2024-10-31,2024-11-08,Approved,Current
L006299,C03338,B011,Auto,60700,11.8,48,2025-03-28,2025-04-14,Approved,Current
L006300,C02833,B017,Auto,22700,10.09,72,2023-10-21,2023-11-05,Approved,Current
L006301,C00790,B029,Auto,26100,13.91,12,2023-04-05,2023-04-07,Approved,Current
L006302,C00300,B030,Auto,0,16.87,24,2025-01-29,2025-02-02,Rejected,Current
L006303,C03851,B021,Personal,0,13.13,24,2023-09-15,2023-09-21,Rejected,Current
L006304,C01322,B027,Personal,32800,14.3,60,2023-07-27,2023-08-11,Approved,Current
L006305,C04470,B015,Home,517400,8.79,36,2024-01-29,2024-02-11,Approved,Default
L006306,C02110,B010,Personal,0,12.41,24,2024-06-24,2024-06-27,Rejected,Current
L006307,C02386,B004,Auto,50300,10.83,24,2025-01-03,2025-01-23,Approved,Current
L006308,C03447,B013,Auto,92300,12.52,60,2025-09-06,2025-09-22,Approved,Current
L006309,C04570,B001,Personal,16100,10.26,48,2024-05-04,2024-05-18,Approved,Current
L006310,C04208,B015,Business,182700,11.95,72,2024-03-31,2024-04-04,Approved,Current
L006311,C00619,B027,Home,254300,11.64,36,2023-04-08,2023-04-18,Approved,Current
L006312,C04891,B024,Personal,25200,12.76,60,2023-06-22,2023-06-26,Approved,Current
L006313,C00883,B005,Personal,0,14.81,60,2024-09-30,2024-10-12,Rejected,Current
L006314,C01704,B006,Home,0,12.64,84,2024-08-05,2024-08-10,Rejected,Current
L006315,C02796,B007,Home,0,14.16,72,2024-11-28,2024-12-02,Rejected,Current
L006316,C02420,B008,Business,115100,12.29,60,2024-08-18,2024-08-27,Approved,Default
L006317,C04692,B012,Home,0,12.46,36,2025-03-11,2025-03-31,Rejected,Current
L006318,C03829,B015,Education,26500,15.33,84,2025-05-12,2025-05-13,Approved,Current
L006319,C00508,B003,Personal,11100,13.5,36,2024-12-30,2025-01-15,Approved,Current
L006320,C02036,B022,Auto,19800,13.31,60,2024-01-17,2024-01-25,Approved,Current
L006321,C01418,B009,Business,72900,9.93,24,2025-08-04,2025-08-17,Approved,Current
L006322,C02861,B011,Personal,0,13.85,60,2023-06-15,2023-07-03,Rejected,Current
L006323,C03580,B020,Personal,13100,12.66,60,2025-09-02,2025-09-03,Approved,Current
L006324,C02386,B012,Home,273900,10.4,24,2023-01-12,2023-01-19,Approved,Current
L006325,C01287,B008,Education,0,13.44,36,2024-03-24,2024-04-07,Rejected,Current
L006326,C00926,B014,Auto,100200,10.68,60,2023-07-07,2023-07-15,Approved,Current
L006327,C00229,B016,Auto,25700,9.49,60,2023-08-30,2023-09-15,Approved,Current
L006328,C01769,B003,Auto,61900,13.34,60,2024-06-13,2024-06-27,Approved,Current
L006329,C02422,B001,Personal,21700,10.36,24,2024-04-02,2024-04-12,Approved,Current
L006330,C04913,B018,Home,162400,11.54,48,2025-02-12,2025-02-21,Approved,Current
L006331,C03257,B013,Personal,22500,13.5,72,2023-03-07,2023-03-27,Approved,Default
L006332,C04965,B012,Home,339200,10.64,84,2024-09-30,2024-10-07,Approved,Current
L006333,C04543,B005,Business,72200,10.56,24,2024-05-25,2024-05-30,Approved,Default
L006334,C03153,B007,Auto,24000,12.18,72,2025-10-16,2025-10-30,Approved,Current
L006335,C04894,B006,Education,22300,9.58,48,2024-12-03,2024-12-21,Approved,Current
L006336,C01234,B009,Personal,12800,9.16,60,2024-09-18,2024-10-07,Approved,Current
L006337,C03036,B004,Home,357700,8.44,24,2023-08-28,2023-09-05,Approved,Current
L006338,C02597,B023,Business,62400,11.45,60,2024-03-21,2024-03-31,Approved,Current
L006339,C01310,B004,Personal,13000,13.9,12,2023-02-28,2023-03-11,Approved,Current
L006340,C00469,B003,Personal,21400,13.65,60,2024-08-16,2024-08-21,Approved,Current
L006341,C02417,B006,Home,210000,13.57,60,2024-12-26,2025-01-10,Approved,Current
L006342,C03796,B027,Home,0,13.57,60,2023-11-20,2023-11-23,Rejected,Current
L006343,C00854,B011,Education,70700,12.65,12,2023-01-09,2023-01-16,Approved,Current
L006344,C01124,B029,Home,130800,12.27,36,2024-03-31,2024-04-07,Approved,Current
L006345,C01621,B029,Business,86500,12.36,60,2025-02-15,2025-03-07,Approved,Current
L006346,C03032,B005,Business,32900,11.33,60,2024-09-04,2024-09-10,Approved,Current
L006347,C04821,B027,Personal,0,13.03,36,2023-04-28,2023-05-04,Rejected,Current
L006348,C03975,B026,Auto,15500,13.52,24,2024-03-28,2024-04-07,Approved,Current
L006349,C03030,B011,Personal,0,10.12,48,2024-02-11,2024-03-02,Rejected,Current
L006350,C01471,B008,Personal,6100,11.85,60,2024-08-14,2024-08-26,Approved,Current
L006351,C02462,B026,Business,0,12.58,72,2024-05-06,2024-05-10,Rejected,Current
L006352,C00093,B014,Personal,17300,9.49,60,2024-07-04,2024-07-09,Approved,Current
L006353,C01277,B018,Home,161800,12.91,60,2024-05-29,2024-06-14,Approved,Current
L006354,C03722,B020,Home,147300,10.75,36,2024-06-21,2024-07-04,Approved,Current
L006355,C04657,B024,Personal,15100,11.73,60,2025-10-11,2025-10-12,Approved,Default
L006356,C01657,B029,Home,0,13.97,60,2025-12-11,2025-12-12,Rejected,Current
L006357,C03111,B028,Home,181500,14.81,48,2025-09-04,2025-09-20,Approved,Current
L006358,C04642,B001,Home,0,14.56,36,2024-01-12,2024-01-17,Rejected,Current
L006359,C03430,B010,Education,32600,13.97,36,2023-08-02,2023-08-19,Approved,Current
L006360,C04874,B019,Home,165600,12.79,48,2024-07-21,2024-07-28,Approved,Current
L006361,C00188,B007,Personal,14200,13.01,72,2024-04-30,2024-05-04,Approved,Current
L006362,C04704,B013,Personal,27600,12.03,36,2024-07-08,2024-07-10,Approved,Current
L006363,C04771,B016,Auto,44600,9.64,36,2025-11-16,2025-11-18,Approved,Current
L006364,C02346,B018,Auto,31400,12.78,72,2023-02-02,2023-02-06,Approved,Current
L006365,C01104,B023,Education,54000,13.33,12,2025-03-06,2025-03-08,Approved,Current
L006366,C02227,B006,Auto,33500,9.28,48,2023-12-16,2023-12-17,Approved,Current
L006367,C01281,B007,Personal,16500,14.32,48,2025-05-15,2025-06-01,Approved,Current
L006368,C04314,B024,Personal,17300,13.75,60,2024-11-21,2024-11-29,Approved,Default
L006369,C04094,B022,Home,0,12.63,24,2024-12-04,2024-12-22,Rejected,Current
L006370,C02315,B016,Auto,0,12.93,48,2024-06-30,2024-07-09,Rejected,Current
L006371,C01341,B006,Personal,6400,11.64,24,2024-02-24,2024-02-26,Approved,Current
L006372,C00591,B011,Auto,37400,13.73,36,2023-09-19,2023-09-23,Approved,Current
L006373,C00679,B007,Business,0,12.37,12,2024-05-07,2024-05-14,Rejected,Current
L006374,C00616,B018,Auto,18500,11.85,48,2025-01-02,2025-01-13,Approved,Current
L006375,C00850,B003,Auto,0,10.98,24,2023-09-27,2023-10-05,Rejected,Current
L006376,C02008,B026,Business,38400,12.09,24,2023-07-20,2023-07-23,Approved,Current
L006377,C04823,B017,Personal,0,13.76,36,2025-04-03,2025-04-20,Rejected,Current
L006378,C04171,B030,Personal,46000,12.34,12,2025-07-09,2025-07-13,Approved,Current
L006379,C02785,B024,Personal,21900,12.76,60,2023-08-02,2023-08-18,Approved,Current
L006380,C00336,B016,Personal,15200,11.69,36,2025-07-02,2025-07-05,Approved,Current
L006381,C00804,B019,Education,32200,12.84,60,2023-05-22,2023-06-11,Approved,Current
L006382,C04951,B019,Personal,34800,12.61,60,2025-01-13,2025-01-29,Approved,Current
L006383,C00363,B011,Auto,14500,11.02,60,2023-08-20,2023-08-21,Approved,Current
L006384,C02022,B001,Auto,66100,9.63,60,2024-03-18,2024-03-31,Approved,Current
L006385,C02570,B029,Auto,0,11.96,60,2023-11-09,2023-11-26,Rejected,Current
L006386,C03031,B022,Auto,47200,10.8,36,2023-07-20,2023-08-01,Approved,Current
L006387,C02076,B014,Home,132000,12.36,36,2023-01-03,2023-01-19,Approved,Current
L006388,C03387,B030,Home,467000,11.29,48,2023-12-19,2023-12-21,Approved,Current
L006389,C00905,B019,Education,27500,14.53,36,2023-05-17,2023-05-27,Approved,Current
L006390,C04459,B011,Personal,8700,14.05,36,2023-02-18,2023-02-21,Approved,Current
L006391,C02086,B020,Personal,23300,12.53,24,2025-10-17,2025-10-29,Approved,Current
L006392,C02712,B017,Home,0,12.01,60,2025-03-25,2025-03-31,Rejected,Current
L006393,C03705,B028,Home,355600,12.77,60,2025-11-10,2025-11-15,Approved,Current
L006394,C00144,B002,Home,194800,11.03,48,2023-02-19,2023-02-20,Approved,Current
L006395,C03650,B030,Education,43800,12.12,36,2023-06-24,2023-07-10,Approved,Current
L006396,C03269,B017,Business,75300,10.94,60,2024-09-17,2024-09-25,Approved,Current
L006397,C01070,B029,Business,131500,13.56,24,2025-02-13,2025-02-26,Approved,Current
L006398,C02186,B006,Home,225900,12.19,12,2025-03-15,2025-03-29,Approved,Current
L006399,C02538,B016,Personal,0,13.11,60,2024-02-20,2024-03-02,Rejected,Current
L006400,C04437,B029,Business,0,11.66,48,2024-08-01,2024-08-13,Rejected,Current
L006401,C00302,B009,Business,106500,11.42,60,2025-03-05,2025-03-18,Approved,Current
L006402,C02166,B030,Home,202600,14.09,36,2024-07-16,2024-07-24,Approved,Current
L006403,C01761,B027,Business,93500,11.12,24,2024-11-18,2024-11-28,Approved,Current
L006404,C04247,B009,Education,29400,10.35,48,2023-08-31,2023-09-03,Approved,Current
L006405,C02655,B023,Home,359400,10.35,48,2023-06-30,2023-07-06,Approved,Current
L006406,C04868,B010,Personal,21900,11.36,60,2025-12-07,2025-12-26,Approved,Current
L006407,C01449,B010,Home,51300,13.68,24,2025-02-16,2025-03-06,Approved,Current
L006408,C00632,B006,Education,81700,11.95,72,2024-08-28,2024-09-15,Approved,Default
L006409,C00362,B001,Personal,6300,15.38,12,2025-10-04,2025-10-24,Approved,Current
L006410,C04192,B003,Auto,0,13.76,36,2023-03-27,2023-04-14,Rejected,Current
L006411,C04388,B029,Auto,13500,11.07,60,2023-04-05,2023-04-21,Approved,Current
L006412,C02075,B007,Personal,39400,12.76,60,2023-02-15,2023-02-28,Approved,Current
L006413,C04401,B021,Auto,0,10.26,48,2023-02-05,2023-02-16,Rejected,Current
L006414,C02771,B028,Home,0,14.31,12,2023-01-10,2023-01-28,Rejected,Current
L006415,C02918,B009,Business,31900,9.13,72,2025-06-10,2025-06-26,Approved,Current
L006416,C00769,B014,Auto,0,13.76,60,2025-11-16,2025-11-30,Rejected,Current
L006417,C00986,B015,Business,119400,11.24,60,2024-08-13,2024-08-20,Approved,Current
L006418,C00205,B023,Personal,25300,13.4,36,2023-02-01,2023-02-07,Approved,Current
L006419,C00867,B019,Personal,30300,12.49,36,2023-02-15,2023-03-04,Approved,Current
L006420,C02626,B010,Business,104800,10.04,60,2024-07-25,2024-08-09,Approved,Current
L006421,C00662,B016,Home,164800,13.16,60,2023-01-17,2023-01-27,Approved,Current
L006422,C00679,B001,Personal,0,13.64,60,2023-07-04,2023-07-21,Rejected,Current
L006423,C00300,B028,Personal,14100,13.36,60,2025-02-25,2025-02-27,Approved,Current
L006424,C00258,B007,Home,359200,13.39,24,2024-08-16,2024-09-02,Approved,Current
L006425,C02763,B011,Personal,0,12.02,36,2025-12-14,2025-12-27,Rejected,Current
L006426,C00240,B024,Auto,11600,12.05,48,2024-05-03,2024-05-21,Approved,Current
L006427,C03301,B015,Auto,18600,10.91,48,2023-01-04,2023-01-23,Approved,Current
L006428,C03546,B013,Home,0,12.14,48,2025-11-08,2025-11-10,Rejected,Current
L006429,C02266,B019,Education,23700,9.41,60,2025-07-15,2025-07-17,Approved,Current
L006430,C02513,B011,Personal,25100,14.06,24,2023-05-11,2023-05-29,Approved,Current
L006431,C04291,B013,Home,61600,10.0,60,2024-05-12,2024-05-19,Approved,Current
L006432,C04452,B008,Personal,3500,13.11,12,2024-08-01,2024-08-11,Approved,Current
L006433,C04661,B027,Business,0,13.66,36,2023-06-30,2023-07-04,Rejected,Current
L006434,C04404,B022,Education,0,15.49,24,2024-10-09,2024-10-13,Rejected,Current
L006435,C00409,B029,Home,72200,14.01,48,2024-01-11,2024-01-12,Approved,Current
L006436,C00521,B026,Home,247100,12.49,48,2024-10-06,2024-10-08,Approved,Current
L006437,C02533,B027,Personal,34600,14.26,48,2024-04-23,2024-05-03,Approved,Current
L006438,C03885,B010,Business,94800,12.69,36,2024-06-22,2024-07-07,Approved,Current
L006439,C01877,B016,Auto,0,15.28,48,2025-04-29,2025-05-11,Rejected,Current
L006440,C02742,B017,Business,0,12.06,60,2024-04-16,2024-04-19,Rejected,Current
L006441,C03533,B017,Personal,15600,12.52,36,2025-03-04,2025-03-08,Approved,Current
L006442,C00651,B013,Home,0,11.44,72,2024-05-01,2024-05-10,Rejected,Current
L006443,C02845,B013,Auto,0,13.31,12,2025-03-19,2025-04-02,Rejected,Current
L006444,C02159,B015,Business,0,12.17,84,2025-10-16,2025-10-26,Rejected,Current
L006445,C02652,B012,Home,176300,12.46,60,2024-10-15,2024-10-25,Approved,Current
L006446,C02268,B011,Home,107300,12.6,48,2023-02-17,2023-02-22,Approved,Current
L006447,C01029,B001,Education,0,14.44,36,2023-12-13,2023-12-24,Rejected,Current
L006448,C01556,B003,Personal,16500,10.5,60,2025-11-22,2025-12-06,Approved,Current
L006449,C04765,B018,Home,349800,13.36,60,2023-12-29,2024-01-04,Approved,Current
L006450,C00513,B028,Home,0,13.28,36,2025-11-13,2025-11-24,Rejected,Current
L006451,C01236,B012,Personal,0,13.15,12,2023-02-19,2023-03-02,Rejected,Current
L006452,C00119,B026,Home,329000,9.84,48,2024-11-12,2024-11-15,Approved,Current
L006453,C04481,B001,Auto,21700,11.99,36,2023-08-07,2023-08-20,Approved,Current
L006454,C00260,B022,Home,109400,7.88,36,2024-01-16,2024-02-03,Approved,Current
L006455,C01199,B020,Home,0,12.91,60,2024-10-14,2024-11-01,Rejected,Current
L006456,C02150,B002,Business,96100,12.29,24,2025-07-15,2025-07-21,Approved,Current
L006457,C02433,B030,Education,0,11.73,60,2024-03-17,2024-03-30,Rejected,Current
L006458,C00960,B021,Business,0,11.47,12,2024-08-16,2024-08-22,Rejected,Current
L006459,C02949,B018,Business,133600,13.14,72,2023-09-07,2023-09-19,Approved,Current
L006460,C00566,B001,Education,0,12.25,48,2024-08-09,2024-08-16,Rejected,Current
L006461,C04103,B003,Business,0,13.29,72,2025-07-06,2025-07-20,Rejected,Current
L006462,C04964,B026,Education,0,15.19,72,2025-10-05,2025-10-14,Rejected,Current
L006463,C02380,B010,Auto,26600,11.49,72,2025-11-03,2025-11-06,Approved,Current
L006464,C03451,B016,Auto,13000,10.28,24,2024-12-27,2025-01-11,Approved,Current
L006465,C00445,B028,Auto,71300,10.51,60,2025-08-19,2025-08-26,Approved,Current
L006466,C03540,B015,Education,123700,11.33,36,2024-03-09,2024-03-16,Approved,Current
L006467,C02709,B003,Auto,26500,10.36,48,2024-04-21,2024-05-10,Approved,Current
L006468,C02336,B013,Business,66800,14.8,36,2025-01-06,2025-01-08,Approved,Current
L006469,C01036,B030,Personal,8800,9.82,24,2023-08-28,2023-09-17,Approved,Current
L006470,C03045,B024,Education,15300,12.64,36,2024-02-05,2024-02-19,Approved,Current
L006471,C01287,B007,Home,133800,13.42,48,2024-06-12,2024-06-17,Approved,Current
L006472,C01459,B030,Personal,0,10.98,36,2025-10-29,2025-10-30,Rejected,Current
L006473,C02221,B011,Business,550100,9.96,60,2024-01-19,2024-01-31,Approved,Current
L006474,C01631,B030,Home,124300,11.13,60,2025-05-16,2025-05-28,Approved,Current
L006475,C04028,B003,Personal,11000,12.83,36,2025-05-12,2025-05-31,Approved,Current
L006476,C03117,B003,Personal,9500,10.89,12,2023-09-25,2023-09-27,Approved,Current
L006477,C02955,B023,Personal,23100,11.41,84,2025-09-16,2025-09-29,Approved,Current
L006478,C04833,B015,Personal,21800,13.55,72,2025-04-25,2025-05-07,Approved,Current
L006479,C04513,B002,Auto,33800,12.43,36,2023-09-17,2023-09-24,Approved,Current
L006480,C00264,B007,Business,74400,15.86,24,2025-06-22,2025-06-24,Approved,Current
L006481,C04200,B002,Home,390700,11.72,84,2024-08-05,2024-08-13,Approved,Current
L006482,C00221,B018,Auto,48700,13.48,36,2024-06-12,2024-07-01,Approved,Current
L006483,C00334,B003,Business,141200,12.59,36,2025-07-06,2025-07-25,Approved,Current
L006484,C04514,B023,Home,0,8.64,24,2024-06-04,2024-06-22,Rejected,Current
L006485,C01325,B023,Auto,28800,11.99,36,2023-10-03,2023-10-05,Approved,Current
L006486,C02683,B018,Home,124800,15.12,60,2023-05-03,2023-05-05,Approved,Current
L006487,C00961,B018,Auto,42600,12.73,48,2024-04-11,2024-04-24,Approved,Current
L006488,C01481,B019,Personal,22700,13.96,24,2025-08-20,2025-08-26,Approved,Current
L006489,C00436,B029,Education,38300,14.15,84,2023-02-01,2023-02-09,Approved,Default
L006490,C02442,B008,Personal,0,11.27,48,2023-06-23,2023-07-12,Rejected,Current
L006491,C00043,B018,Home,223000,12.51,36,2025-04-11,2025-04-17,Approved,Current
L006492,C00966,B012,Personal,15200,9.69,60,2023-06-10,2023-06-29,Approved,Current
L006493,C04107,B012,Auto,19700,10.55,48,2025-03-25,2025-04-03,Approved,Current
L006494,C00216,B004,Home,276200,12.62,72,2023-11-21,2023-12-06,Approved,Current
L006495,C03236,B022,Home,203900,10.11,60,2024-09-29,2024-10-16,Approved,Current
L006496,C04321,B011,Personal,65700,13.4,60,2023-10-12,2023-10-20,Approved,Current
L006497,C02706,B013,Personal,23500,11.27,36,2023-07-06,2023-07-15,Approved,Current
L006498,C00773,B015,Business,0,11.56,84,2023-03-26,2023-03-31,Rejected,Current
L006499,C01823,B021,Personal,17000,12.79,60,2025-01-07,2025-01-13,Approved,Current
L006500,C04112,B010,Business,49900,9.41,48,2024-11-19,2024-11-30,Approved,Current
L006501,C03156,B029,Home,0,16.49,24,2023-08-27,2023-09-03,Rejected,Current
L006502,C03281,B003,Personal,21400,14.76,48,2025-12-06,2025-12-26,Approved,Current
L006503,C00058,B010,Personal,21600,13.56,60,2024-12-04,2024-12-19,Approved,Current
L006504,C04947,B019,Business,0,13.36,36,2023-06-23,2023-07-06,Rejected,Current
L006505,C03690,B008,Auto,49100,12.52,12,2025-08-12,2025-08-27,Approved,Current
L006506,C04744,B004,Personal,10800,11.44,60,2024-11-02,2024-11-16,Approved,Current
L006507,C01844,B015,Auto,23600,14.29,60,2025-05-15,2025-05-21,Approved,Default
L006508,C00461,B019,Business,0,13.01,60,2024-12-25,2024-12-29,Rejected,Current
L006509,C03661,B004,Home,0,13.0,36,2023-04-01,2023-04-19,Rejected,Current
L006510,C00969,B025,Auto,0,17.17,24,2024-11-07,2024-11-25,Rejected,Current
L006511,C03816,B019,Personal,17500,11.66,48,2023-06-29,2023-07-03,Approved,Current
L006512,C02740,B028,Personal,31400,15.32,36,2024-03-02,2024-03-03,Approved,Current
L006513,C00290,B005,Home,302700,9.97,60,2023-04-19,2023-04-22,Approved,Current
L006514,C03286,B026,Business,0,13.52,48,2024-06-29,2024-07-04,Rejected,Current
L006515,C01121,B009,Home,241700,10.53,24,2024-12-01,2024-12-21,Approved,Current
L006516,C00733,B012,Home,142400,15.14,24,2023-11-23,2023-11-29,Approved,Current
L006517,C03577,B023,Home,342700,11.76,72,2024-11-15,2024-11-19,Approved,Current
L006518,C03783,B018,Home,0,11.05,60,2024-11-11,2024-11-16,Rejected,Current
L006519,C04672,B006,Home,234800,12.46,36,2024-07-31,2024-08-12,Approved,Current
L006520,C04938,B030,Auto,0,13.6,60,2023-09-28,2023-10-05,Rejected,Current
L006521,C02792,B025,Personal,17100,15.0,60,2024-09-29,2024-10-12,Approved,Current
L006522,C02039,B028,Business,63900,9.29,24,2024-05-18,2024-05-26,Approved,Current
L006523,C03519,B006,Personal,0,12.65,60,2023-09-29,2023-10-12,Rejected,Current
L006524,C03856,B019,Auto,21100,10.92,72,2023-09-16,2023-09-28,Approved,Current
L006525,C04059,B005,Home,245500,13.18,24,2025-07-11,2025-07-21,Approved,Current
L006526,C04436,B005,Business,159800,11.48,36,2023-08-26,2023-09-05,Approved,Current
L006527,C03518,B027,Business,121500,11.85,24,2024-02-11,2024-02-19,Approved,Current
L006528,C02157,B022,Personal,0,11.1,48,2023-10-31,2023-11-14,Rejected,Current
L006529,C02878,B005,Auto,48600,11.61,36,2023-10-30,2023-11-03,Approved,Current
L006530,C01068,B017,Personal,29100,10.69,36,2025-07-15,2025-08-04,Approved,Current
L006531,C04438,B020,Personal,11700,8.88,36,2023-06-13,2023-06-15,Approved,Current
L006532,C03051,B014,Education,0,11.75,12,2025-07-08,2025-07-17,Rejected,Current
L006533,C03921,B016,Personal,0,15.07,12,2023-12-20,2023-12-26,Rejected,Current
L006534,C01128,B022,Personal,29900,12.79,48,2024-12-02,2024-12-21,Approved,Current
L006535,C04068,B013,Personal,7500,9.88,48,2025-02-26,2025-03-01,Approved,Current
L006536,C00991,B009,Home,0,10.22,12,2025-08-23,2025-09-05,Rejected,Current
L006537,C03487,B028,Education,52100,11.39,60,2024-12-09,2024-12-20,Approved,Current
L006538,C04728,B014,Personal,0,13.34,12,2025-05-10,2025-05-24,Rejected,Current
L006539,C01426,B013,Home,427100,12.85,48,2025-04-17,2025-05-04,Approved,Current
L006540,C01458,B015,Home,385300,10.95,36,2025-08-03,2025-08-21,Approved,Current
L006541,C03455,B001,Home,167300,13.64,72,2024-04-25,2024-04-30,Approved,Current
L006542,C01052,B016,Auto,26100,14.15,48,2024-02-26,2024-02-29,Approved,Current
L006543,C02588,B023,Auto,26400,13.27,60,2025-05-10,2025-05-17,Approved,Current
L006544,C03258,B030,Home,199200,13.68,84,2023-04-18,2023-04-24,Approved,Current
L006545,C02243,B018,Business,49800,9.89,24,2025-09-18,2025-09-21,Approved,Current
L006546,C04868,B018,Personal,8500,11.91,12,2023-01-29,2023-02-18,Approved,Current
L006547,C00872,B011,Personal,5200,15.7,60,2023-04-25,2023-05-08,Approved,Current
L006548,C00128,B004,Education,0,16.06,60,2024-06-30,2024-07-11,Rejected,Current
L006549,C00106,B014,Auto,98200,9.15,60,2025-03-25,2025-03-27,Approved,Current
L006550,C01407,B012,Business,31800,13.0,36,2024-11-02,2024-11-10,Approved,Current
L006551,C03795,B007,Auto,0,16.74,24,2024-09-30,2024-10-12,Rejected,Current
L006552,C03421,B027,Home,164400,15.0,60,2023-03-12,2023-03-24,Approved,Current
L006553,C02362,B025,Auto,29400,11.15,48,2024-01-29,2024-02-13,Approved,Current
L006554,C03595,B029,Personal,35900,12.85,48,2024-09-01,2024-09-09,Approved,Current
L006555,C01001,B007,Business,0,13.58,60,2024-08-31,2024-09-12,Rejected,Current
L006556,C03432,B015,Home,63400,8.99,84,2024-06-21,2024-07-01,Approved,Current
L006557,C04480,B019,Education,20900,11.35,60,2023-06-25,2023-06-28,Approved,Current
L006558,C04113,B009,Auto,22200,13.72,72,2023-01-13,2023-01-19,Approved,Current
L006559,C01394,B020,Personal,0,13.95,36,2024-10-31,2024-11-15,Rejected,Current
L006560,C01872,B016,Home,211700,13.88,72,2023-08-12,2023-08-26,Approved,Current
L006561,C01090,B012,Personal,9400,11.53,60,2024-04-28,2024-05-01,Approved,Default
L006562,C04982,B029,Auto,0,12.36,36,2023-07-13,2023-07-31,Rejected,Current
L006563,C04167,B030,Home,0,11.81,48,2023-05-05,2023-05-22,Rejected,Current
L006564,C03133,B022,Home,102500,15.64,36,2024-06-02,2024-06-16,Approved,Default
L006565,C04540,B004,Education,45700,14.3,24,2023-11-08,2023-11-22,Approved,Current
L006566,C03017,B003,Education,0,13.35,48,2024-07-20,2024-08-05,Rejected,Current
L006567,C02531,B017,Education,28800,12.85,84,2024-12-30,2025-01-18,Approved,Current
L006568,C03316,B018,Personal,24900,12.11,72,2024-06-01,2024-06-12,Approved,Default
L006569,C03893,B016,Auto,37500,9.06,12,2023-09-21,2023-09-26,Approved,Current
L006570,C02565,B003,Education,30300,13.57,84,2025-04-20,2025-04-21,Approved,Current
L006571,C01394,B012,Auto,0,12.68,48,2024-08-09,2024-08-29,Rejected,Current
L006572,C03093,B024,Personal,0,10.21,24,2023-08-04,2023-08-22,Rejected,Current
L006573,C02746,B026,Business,103600,14.35,72,2023-11-22,2023-12-06,Approved,Current
L006574,C00721,B011,Business,56000,11.14,72,2024-07-05,2024-07-10,Approved,Current
L006575,C04327,B023,Auto,49500,10.55,60,2024-11-26,2024-12-01,Approved,Current
L006576,C03598,B024,Personal,16800,13.03,60,2024-08-14,2024-08-19,Approved,Current
L006577,C04960,B001,Personal,25700,10.98,36,2023-12-10,2023-12-20,Approved,Current
L006578,C03766,B004,Auto,18600,11.74,36,2024-05-22,2024-06-01,Approved,Current
L006579,C03150,B029,Home,98800,10.54,84,2023-11-10,2023-11-19,Approved,Current
L006580,C03881,B014,Auto,0,14.55,36,2023-12-13,2023-12-27,Rejected,Current
L006581,C04659,B006,Personal,0,14.29,48,2025-08-27,2025-08-28,Rejected,Current
L006582,C04865,B009,Personal,0,15.57,60,2025-04-01,2025-04-07,Rejected,Current
L006583,C00290,B002,Home,85100,9.64,60,2023-01-09,2023-01-16,Approved,Current
L006584,C04019,B014,Personal,0,14.37,36,2025-03-29,2025-04-10,Rejected,Current
L006585,C00395,B008,Auto,65500,13.22,36,2024-10-11,2024-10-26,Approved,Default
L006586,C00376,B021,Home,78200,13.9,36,2024-07-14,2024-07-30,Approved,Current
L006587,C04878,B029,Auto,0,16.38,36,2024-10-31,2024-11-03,Rejected,Current
L006588,C02140,B001,Business,106200,9.11,60,2023-09-22,2023-10-08,Approved,Current
L006589,C01975,B019,Personal,11500,13.52,12,2024-01-13,2024-01-21,Approved,Current
L006590,C02459,B005,Education,34000,12.48,60,2025-06-12,2025-06-26,Approved,Current
L006591,C04502,B003,Business,174800,8.92,36,2025-03-04,2025-03-07,Approved,Current
L006592,C02680,B024,Auto,20300,13.06,24,2023-06-11,2023-06-23,Approved,Current
L006593,C03610,B029,Education,19200,8.71,24,2023-01-27,2023-02-10,Approved,Default
L006594,C02201,B005,Personal,20600,10.96,36,2025-11-07,2025-11-26,Approved,Current
L006595,C04397,B006,Home,238700,12.51,60,2025-11-30,2025-12-04,Approved,Current
L006596,C00413,B027,Personal,16100,13.88,48,2025-05-21,2025-06-02,Approved,Current
L006597,C01379,B017,Home,230800,13.76,36,2023-01-18,2023-01-21,Approved,Current
L006598,C01094,B008,Home,295800,13.66,24,2023-07-08,2023-07-24,Approved,Current
L006599,C04687,B006,Auto,35200,14.0,60,2023-07-19,2023-07-22,Approved,Current
L006600,C00711,B022,Personal,0,7.91,48,2024-04-30,2024-05-03,Rejected,Current
L006601,C03451,B016,Personal,17800,10.45,24,2025-12-12,2025-12-19,Approved,Current
L006602,C03487,B018,Home,486000,11.01,36,2023-03-21,2023-03-31,Approved,Current
L006603,C04893,B020,Personal,21600,14.74,48,2025-03-04,2025-03-20,Approved,Current
L006604,C03500,B004,Business,187900,10.17,36,2023-09-04,2023-09-17,Approved,Current
L006605,C03228,B015,Auto,24100,10.06,36,2023-02-25,2023-03-16,Approved,Current
L006606,C01612,B023,Home,0,12.11,36,2023-07-08,2023-07-14,Rejected,Current
L006607,C00731,B019,Personal,27900,12.22,60,2023-09-21,2023-09-30,Approved,Current
L006608,C00610,B014,Personal,41000,12.14,84,2025-01-06,2025-01-20,Approved,Current
L006609,C02341,B021,Auto,0,11.83,12,2025-08-23,2025-09-09,Rejected,Current
L006610,C01468,B014,Education,15100,12.12,60,2024-12-04,2024-12-11,Approved,Current
L006611,C01559,B003,Home,348600,13.29,12,2025-04-19,2025-04-27,Approved,Current
L006612,C02520,B007,Business,0,15.04,36,2024-08-04,2024-08-09,Rejected,Current
L006613,C00230,B017,Business,0,13.19,48,2024-06-01,2024-06-21,Rejected,Current
L006614,C04453,B004,Personal,11000,13.22,60,2024-06-17,2024-06-29,Approved,Default
L006615,C00541,B026,Education,27600,10.36,48,2024-04-17,2024-04-19,Approved,Current
L006616,C02875,B013,Home,204200,7.54,72,2024-08-29,2024-09-14,Approved,Current
L006617,C00936,B018,Education,0,14.49,60,2024-12-01,2024-12-04,Rejected,Current
L006618,C03093,B003,Home,96300,10.25,24,2024-08-03,2024-08-18,Approved,Current
L006619,C03647,B006,Personal,40500,13.01,60,2024-07-22,2024-08-08,Approved,Current
L006620,C02693,B003,Education,17400,12.06,36,2024-10-26,2024-11-11,Approved,Current
L006621,C04623,B014,Personal,0,16.16,60,2023-06-02,2023-06-05,Rejected,Current
L006622,C03070,B027,Business,100900,13.44,36,2025-06-04,2025-06-19,Approved,Current
L006623,C04719,B022,Personal,8000,9.89,24,2024-11-03,2024-11-04,Approved,Current
L006624,C02899,B008,Auto,0,10.23,60,2023-12-29,2024-01-10,Rejected,Current
L006625,C03408,B027,Home,0,14.47,60,2025-10-28,2025-11-07,Rejected,Current
L006626,C04520,B028,Education,44100,11.29,48,2023-05-21,2023-05-27,Approved,Current
L006627,C01899,B002,Personal,20000,12.15,36,2023-11-13,2023-11-21,Approved,Current
L006628,C00004,B027,Home,59600,12.72,36,2024-01-27,2024-02-16,Approved,Current
L006629,C04565,B022,Auto,68700,13.07,72,2023-08-28,2023-09-03,Approved,Default
L006630,C04760,B002,Education,43400,11.29,48,2024-05-20,2024-06-08,Approved,Current
L006631,C03626,B014,Home,205500,11.84,36,2024-09-20,2024-09-24,Approved,Current
L006632,C02935,B027,Home,202500,13.58,60,2025-05-22,2025-06-07,Approved,Current
L006633,C04634,B007,Home,267900,13.92,12,2023-01-27,2023-02-01,Approved,Current
L006634,C02408,B012,Personal,64700,12.43,60,2025-06-17,2025-07-03,Approved,Current
L006635,C02568,B008,Business,154200,10.78,24,2025-03-11,2025-03-29,Approved,Current
L006636,C01097,B009,Personal,21200,13.83,36,2023-06-05,2023-06-18,Approved,Current
L006637,C01986,B022,Auto,0,16.0,60,2023-08-01,2023-08-14,Rejected,Current
L006638,C03150,B018,Home,202500,10.2,36,2023-06-29,2023-07-17,Approved,Current
L006639,C01358,B007,Personal,27500,9.98,60,2025-03-07,2025-03-15,Approved,Current
L006640,C00079,B028,Home,173600,11.2,48,2023-04-03,2023-04-10,Approved,Current
L006641,C01575,B006,Business,71300,15.41,36,2025-04-08,2025-04-23,Approved,Current
L006642,C01606,B030,Home,250900,14.39,72,2024-10-23,2024-10-25,Approved,Current
L006643,C04252,B002,Personal,10500,10.61,60,2023-02-14,2023-02-18,Approved,Current
L006644,C04976,B006,Personal,29000,13.06,48,2024-08-15,2024-08-31,Approved,Current
L006645,C02987,B027,Business,0,10.6,48,2024-12-27,2025-01-08,Rejected,Current
L006646,C00028,B015,Home,57600,11.12,36,2024-06-25,2024-07-11,Approved,Current
L006647,C01911,B029,Education,21800,11.04,24,2023-05-22,2023-06-08,Approved,Current
L006648,C04706,B021,Auto,31000,10.5,36,2024-12-29,2025-01-18,Approved,Current
L006649,C01353,B025,Home,250700,10.68,36,2025-10-05,2025-10-15,Approved,Current
L006650,C03735,B017,Auto,40700,16.07,36,2025-05-27,2025-06-11,Approved,Current
L006651,C00419,B004,Home,0,13.21,48,2024-09-19,2024-10-08,Rejected,Current
L006652,C04118,B005,Education,29900,13.79,12,2023-02-22,2023-03-08,Approved,Current
L006653,C00261,B023,Home,137900,12.56,24,2023-05-23,2023-05-24,Approved,Current
L006654,C02108,B013,Personal,0,10.6,60,2023-02-02,2023-02-06,Rejected,Current
L006655,C02985,B029,Auto,18500,13.94,24,2024-12-04,2024-12-06,Approved,Current
L006656,C04292,B026,Auto,31100,12.3,36,2024-07-21,2024-07-29,Approved,Current
L006657,C00905,B013,Business,0,14.21,60,2023-01-09,2023-01-11,Rejected,Current
L006658,C02227,B027,Education,77700,11.24,84,2023-05-12,2023-05-23,Approved,Current
L006659,C03854,B013,Home,106800,12.98,24,2024-08-05,2024-08-15,Approved,Current
L006660,C04421,B026,Home,0,13.58,60,2023-09-04,2023-09-15,Rejected,Current
L006661,C00568,B024,Home,155700,12.68,48,2024-02-24,2024-03-04,Approved,Current
L006662,C00779,B019,Education,30300,10.97,24,2023-09-21,2023-09-25,Approved,Current
L006663,C00926,B030,Education,46300,10.26,24,2024-08-24,2024-08-28,Approved,Current
L006664,C03239,B007,Education,26100,13.56,60,2025-12-04,2025-12-05,Approved,Current
L006665,C03480,B023,Personal,0,10.12,72,2023-09-27,2023-10-01,Rejected,Current
L006666,C01616,B030,Home,0,12.91,12,2024-04-12,2024-04-13,Rejected,Current
L006667,C01850,B005,Personal,0,14.75,36,2024-08-06,2024-08-10,Rejected,Current
L006668,C01944,B020,Home,205300,11.6,36,2024-01-11,2024-01-15,Approved,Current
L006669,C02371,B030,Personal,7900,11.6,84,2024-07-17,2024-07-18,Approved,Current
L006670,C00042,B011,Personal,10200,11.13,60,2024-11-23,2024-12-07,Approved,Current
L006671,C03191,B010,Home,278700,9.21,36,2025-08-02,2025-08-18,Approved,Current
L006672,C04670,B026,Home,127300,11.53,36,2024-11-29,2024-12-08,Approved,Current
L006673,C01821,B009,Personal,6400,13.51,36,2025-04-14,2025-04-21,Approved,Default
L006674,C00441,B022,Personal,12100,16.41,12,2023-03-21,2023-04-04,Approved,Current
L006675,C00104,B001,Auto,0,13.39,84,2023-05-17,2023-05-22,Rejected,Current
L006676,C00569,B021,Personal,0,12.19,84,2024-09-06,2024-09-20,Rejected,Current
L006677,C00457,B015,Auto,43300,9.14,12,2023-01-02,2023-01-15,Approved,Current
L006678,C00311,B021,Home,79000,9.64,36,2023-03-16,2023-03-18,Approved,Current
L006679,C01908,B022,Business,68800,13.77,12,2025-09-10,2025-09-30,Approved,Current
L006680,C01708,B026,Personal,19400,9.76,36,2025-07-27,2025-08-08,Approved,Current
L006681,C03456,B013,Personal,14900,11.42,72,2025-10-04,2025-10-11,Approved,Current
L006682,C01692,B005,Auto,0,13.68,72,2023-09-09,2023-09-11,Rejected,Current
L006683,C04503,B014,Education,0,13.1,60,2025-04-06,2025-04-24,Rejected,Current
L006684,C02893,B022,Personal,9200,11.93,84,2024-04-14,2024-04-24,Approved,Current
L006685,C00581,B023,Personal,12700,10.13,60,2025-07-18,2025-07-24,Approved,Current
L006686,C02016,B004,Education,40200,11.01,36,2024-01-18,2024-01-25,Approved,Current
L006687,C04056,B009,Personal,14200,10.2,60,2025-06-14,2025-06-26,Approved,Current
L006688,C02645,B008,Personal,0,14.77,48,2023-06-13,2023-06-29,Rejected,Current
L006689,C01861,B008,Education,51800,11.83,48,2025-11-22,2025-12-11,Approved,Current
L006690,C03685,B009,Business,0,10.55,60,2025-01-16,2025-02-05,Rejected,Current
L006691,C03876,B003,Home,0,18.43,48,2023-01-18,2023-02-05,Rejected,Current
L006692,C03292,B027,Education,35800,14.38,36,2023-08-05,2023-08-19,Approved,Current
L006693,C03232,B009,Auto,56900,11.62,72,2023-01-05,2023-01-20,Approved,Current
L006694,C00187,B029,Personal,13100,12.71,12,2024-01-07,2024-01-15,Approved,Current
L006695,C02944,B002,Auto,13400,8.28,60,2025-07-20,2025-08-04,Approved,Current
L006696,C04028,B029,Home,145200,13.06,60,2023-09-27,2023-10-09,Approved,Current
L006697,C01623,B015,Auto,35500,12.74,12,2025-09-09,2025-09-27,Approved,Current
L006698,C02512,B010,Education,38800,9.83,36,2025-03-26,2025-04-05,Approved,Current
L006699,C02378,B013,Personal,0,15.55,36,2025-03-30,2025-04-19,Rejected,Current
L006700,C01891,B001,Auto,10400,15.69,72,2023-04-19,2023-05-03,Approved,Current
L006701,C04586,B008,Home,91700,14.72,60,2024-10-10,2024-10-29,Approved,Current
L006702,C00280,B014,Personal,21900,13.24,36,2025-09-07,2025-09-23,Approved,Current
L006703,C00855,B016,Auto,95600,12.75,72,2025-05-25,2025-06-14,Approved,Default
L006704,C00398,B024,Auto,31600,11.52,36,2025-10-13,2025-10-19,Approved,Current
L006705,C04524,B026,Business,195600,12.72,60,2024-12-26,2025-01-08,Approved,Current
L006706,C03504,B023,Business,53100,12.52,48,2023-03-10,2023-03-21,Approved,Current
L006707,C04471,B001,Auto,22400,11.87,24,2025-02-17,2025-02-18,Approved,Current
L006708,C03872,B008,Home,51100,11.26,60,2023-10-11,2023-10-20,Approved,Current
L006709,C03796,B028,Home,226700,13.66,36,2024-03-12,2024-03-31,Approved,Current
L006710,C00632,B025,Home,0,14.11,36,2024-09-09,2024-09-14,Rejected,Current
L006711,C03037,B001,Personal,25000,11.99,36,2025-03-18,2025-03-25,Approved,Current
L006712,C04793,B030,Auto,24300,7.15,60,2024-07-08,2024-07-10,Approved,Current
L006713,C00928,B001,Auto,0,12.55,24,2025-08-24,2025-09-13,Rejected,Current
L006714,C02028,B001,Auto,85800,13.4,36,2023-11-23,2023-12-08,Approved,Current
L006715,C01666,B027,Education,7900,14.53,36,2024-09-15,2024-09-21,Approved,Current
L006716,C00078,B004,Personal,24900,10.3,24,2025-04-26,2025-04-27,Approved,Current
L006717,C04584,B005,Home,122900,10.68,24,2023-08-25,2023-08-30,Approved,Current
L006718,C03242,B024,Auto,45700,11.58,48,2024-12-07,2024-12-09,Approved,Current
L006719,C01062,B012,Auto,15300,12.67,84,2025-03-23,2025-04-06,Approved,Current
L006720,C03362,B024,Personal,0,16.15,60,2023-08-06,2023-08-23,Rejected,Current
L006721,C04267,B006,Home,326100,10.38,24,2025-05-11,2025-05-23,Approved,Current
L006722,C04738,B007,Personal,0,12.31,48,2023-02-16,2023-02-22,Rejected,Current
L006723,C01700,B001,Business,0,12.97,60,2025-01-11,2025-01-18,Rejected,Current
L006724,C00292,B029,Business,103900,12.45,24,2023-10-12,2023-10-28,Approved,Current
L006725,C00581,B024,Personal,0,11.67,24,2023-01-25,2023-02-07,Rejected,Current
L006726,C04518,B013,Personal,17900,13.17,72,2024-09-13,2024-09-15,Approved,Current
L006727,C04201,B028,Personal,27700,14.7,36,2024-03-06,2024-03-23,Approved,Current
L006728,C00880,B015,Personal,0,15.24,48,2024-01-07,2024-01-12,Rejected,Current
L006729,C01483,B022,Personal,0,14.45,36,2023-11-28,2023-11-30,Rejected,Current
L006730,C02296,B012,Personal,8500,10.9,12,2024-11-27,2024-12-17,Approved,Current
L006731,C03445,B017,Home,0,12.56,48,2025-06-28,2025-06-29,Rejected,Current
L006732,C01130,B026,Home,348300,11.53,48,2025-06-16,2025-06-17,Approved,Current
L006733,C00315,B013,Auto,0,11.15,60,2024-07-23,2024-07-31,Rejected,Current
L006734,C00609,B021,Home,203500,14.71,72,2024-12-27,2025-01-07,Approved,Current
L006735,C03926,B009,Business,90000,11.64,24,2024-02-23,2024-03-06,Approved,Current
L006736,C02993,B013,Education,59400,9.3,24,2024-04-13,2024-04-17,Approved,Current
L006737,C02587,B017,Home,175000,8.27,84,2025-02-05,2025-02-12,Approved,Current
L006738,C02120,B026,Personal,33800,13.24,36,2024-01-06,2024-01-19,Approved,Default
L006739,C00378,B019,Personal,0,12.5,84,2023-07-09,2023-07-16,Rejected,Current
L006740,C00134,B028,Personal,0,14.35,36,2025-05-11,2025-05-15,Rejected,Current
L006741,C03246,B006,Home,100800,12.34,36,2024-08-18,2024-08-30,Approved,Current
L006742,C01817,B018,Auto,16100,13.85,60,2025-09-09,2025-09-27,Approved,Current
L006743,C04489,B010,Home,316800,13.07,24,2023-03-25,2023-04-07,Approved,Default
L006744,C03136,B010,Personal,0,13.83,36,2025-03-24,2025-04-12,Rejected,Current
L006745,C04511,B021,Business,0,13.62,36,2024-01-23,2024-01-26,Rejected,Current
L006746,C01137,B015,Personal,16400,12.12,12,2024-07-27,2024-08-10,Approved,Current
L006747,C01752,B009,Personal,31600,11.78,36,2024-01-18,2024-02-03,Approved,Current
L006748,C04962,B005,Auto,38500,11.18,36,2024-10-11,2024-10-13,Approved,Current
L006749,C00290,B016,Personal,4800,10.24,12,2023-05-13,2023-06-02,Approved,Current
L006750,C01507,B019,Auto,55300,12.17,12,2025-05-13,2025-05-14,Approved,Current
L006751,C01339,B005,Education,13400,13.12,48,2024-10-19,2024-11-02,Approved,Current
L006752,C02892,B006,Business,94400,9.52,36,2025-02-05,2025-02-09,Approved,Current
L006753,C04974,B009,Personal,14100,12.49,36,2023-07-28,2023-08-02,Approved,Current
L006754,C01985,B006,Home,130100,12.29,24,2023-12-21,2023-12-28,Approved,Current
L006755,C00752,B015,Home,189800,8.52,24,2024-05-04,2024-05-15,Approved,Current
L006756,C03590,B018,Education,45800,14.25,24,2024-09-03,2024-09-15,Approved,Current
L006757,C00749,B005,Education,28500,12.36,12,2024-10-24,2024-11-01,Approved,Current
L006758,C00365,B028,Personal,39100,13.22,60,2023-11-21,2023-11-28,Approved,Current
L006759,C00267,B009,Education,65100,9.7,72,2025-09-19,2025-09-22,Approved,Current
L006760,C04502,B010,Personal,41600,9.58,48,2023-08-27,2023-08-29,Approved,Default
L006761,C03822,B011,Home,179400,11.03,60,2025-11-24,2025-12-12,Approved,Current
L006762,C04235,B016,Home,0,16.16,24,2023-11-11,2023-11-21,Rejected,Current
L006763,C01189,B013,Personal,17700,12.71,48,2024-09-30,2024-10-19,Approved,Current
L006764,C03178,B027,Business,176400,11.0,24,2023-12-23,2024-01-07,Approved,Default
L006765,C03221,B017,Home,332400,13.46,84,2024-12-15,2025-01-01,Approved,Default
L006766,C02831,B008,Business,0,16.05,12,2025-12-08,2025-12-27,Rejected,Current
L006767,C04967,B021,Education,33100,12.75,48,2024-04-18,2024-04-21,Approved,Current
L006768,C00703,B023,Business,25800,9.27,24,2023-10-24,2023-11-06,Approved,Current
L006769,C01699,B028,Home,183100,9.6,12,2024-07-14,2024-07-16,Approved,Current
L006770,C00201,B011,Auto,0,16.44,60,2024-04-08,2024-04-23,Rejected,Current
L006771,C04714,B004,Home,0,14.33,24,2024-08-18,2024-09-04,Rejected,Current
L006772,C03799,B004,Business,151600,10.03,12,2023-06-23,2023-06-24,Approved,Current
L006773,C02014,B016,Personal,12600,13.26,72,2025-02-02,2025-02-16,Approved,Current
L006774,C04953,B024,Auto,31800,11.69,24,2025-07-27,2025-07-28,Approved,Current
L006775,C03542,B028,Business,56900,12.66,60,2023-08-02,2023-08-13,Approved,Current
L006776,C02010,B029,Business,98900,8.52,84,2024-12-03,2024-12-06,Approved,Current
L006777,C03506,B025,Education,47500,11.64,60,2024-12-07,2024-12-20,Approved,Current
L006778,C03101,B013,Personal,11100,11.35,24,2023-06-04,2023-06-13,Approved,Current
L006779,C04160,B026,Home,263000,11.14,24,2023-01-07,2023-01-22,Approved,Current
L006780,C03738,B017,Home,190800,14.33,24,2025-10-01,2025-10-10,Approved,Current
L006781,C01712,B006,Home,189900,10.76,60,2024-01-21,2024-01-28,Approved,Current
L006782,C04347,B013,Home,152600,10.29,24,2023-08-30,2023-09-06,Approved,Current
L006783,C01730,B018,Personal,27500,15.64,12,2024-06-06,2024-06-08,Approved,Current
L006784,C03351,B013,Business,137400,13.2,48,2025-04-13,2025-04-15,Approved,Current
L006785,C04135,B030,Education,26000,16.9,48,2025-09-01,2025-09-02,Approved,Current
L006786,C00069,B010,Personal,20100,12.38,48,2025-05-27,2025-06-14,Approved,Current
L006787,C04373,B028,Personal,0,13.22,48,2023-10-14,2023-10-30,Rejected,Current
L006788,C03192,B029,Personal,24200,11.72,48,2024-07-11,2024-07-21,Approved,Current
L006789,C01110,B003,Home,156300,12.85,36,2023-11-22,2023-12-08,Approved,Current
L006790,C03019,B025,Business,180400,10.07,84,2023-08-17,2023-08-30,Approved,Current
L006791,C02654,B023,Personal,0,12.01,60,2025-10-02,2025-10-04,Rejected,Current
L006792,C00341,B003,Auto,0,9.26,36,2025-03-31,2025-04-02,Rejected,Current
L006793,C00421,B010,Personal,0,12.21,12,2025-05-10,2025-05-20,Rejected,Current
L006794,C02276,B011,Education,41200,11.6,72,2024-07-11,2024-07-23,Approved,Current
L006795,C01919,B012,Business,179000,11.86,60,2025-03-15,2025-03-20,Approved,Current
L006796,C00473,B021,Education,48700,14.44,24,2023-06-04,2023-06-12,Approved,Default
L006797,C02136,B022,Personal,15700,9.03,60,2024-05-23,2024-06-09,Approved,Current
L006798,C03422,B006,Home,87400,9.49,48,2025-11-01,2025-11-10,Approved,Current
L006799,C04963,B014,Personal,42000,11.71,24,2023-07-07,2023-07-22,Approved,Current
L006800,C03029,B025,Auto,0,12.97,60,2023-01-17,2023-01-30,Rejected,Current
L006801,C02088,B001,Personal,0,13.83,36,2024-10-01,2024-10-15,Rejected,Current
L006802,C03359,B016,Business,0,13.39,72,2025-10-29,2025-11-06,Rejected,Current
L006803,C00256,B028,Auto,15900,13.46,12,2023-01-29,2023-02-15,Approved,Current
L006804,C03870,B002,Auto,0,14.66,72,2025-06-14,2025-06-25,Rejected,Current
L006805,C01444,B011,Business,62800,9.78,24,2024-02-13,2024-02-21,Approved,Current
L006806,C00539,B007,Home,0,15.12,12,2025-06-23,2025-07-07,Rejected,Current
L006807,C03388,B027,Personal,19700,12.14,48,2023-05-21,2023-05-22,Approved,Current
L006808,C01824,B004,Auto,0,10.69,60,2025-03-25,2025-04-06,Rejected,Current
L006809,C00858,B006,Education,47200,11.4,24,2023-05-11,2023-05-31,Approved,Current
L006810,C00132,B025,Auto,58000,13.58,72,2024-01-13,2024-01-23,Approved,Current
L006811,C02916,B009,Auto,21700,11.62,60,2025-08-27,2025-09-08,Approved,Current
L006812,C04837,B004,Education,14900,12.71,36,2024-05-23,2024-06-11,Approved,Current
L006813,C02587,B007,Home,153200,9.76,48,2024-01-29,2024-02-13,Approved,Current
L006814,C03375,B003,Education,0,11.75,60,2025-09-14,2025-09-17,Rejected,Current
L006815,C02032,B019,Personal,16100,9.36,60,2023-09-16,2023-09-25,Approved,Current
L006816,C01926,B020,Home,25100,10.2,60,2025-07-04,2025-07-12,Approved,Current
L006817,C02002,B021,Personal,0,15.27,36,2024-03-08,2024-03-18,Rejected,Current
L006818,C04378,B029,Home,162100,12.04,60,2025-09-20,2025-09-28,Approved,Current
L006819,C02328,B025,Personal,0,16.69,60,2024-03-23,2024-04-08,Rejected,Current
L006820,C03572,B012,Personal,10900,12.09,48,2025-02-28,2025-03-11,Approved,Current
L006821,C03372,B002,Personal,26900,8.78,84,2024-10-22,2024-10-30,Approved,Current
L006822,C03982,B017,Home,0,14.82,48,2023-12-02,2023-12-20,Rejected,Current
L006823,C00666,B011,Personal,20700,10.85,72,2024-05-04,2024-05-11,Approved,Current
L006824,C01647,B001,Business,109800,11.52,60,2024-02-23,2024-02-26,Approved,Current
L006825,C04567,B015,Personal,23300,11.78,12,2024-09-03,2024-09-11,Approved,Current
L006826,C04508,B001,Home,0,13.82,36,2025-11-02,2025-11-07,Rejected,Current
L006827,C04609,B025,Personal,7700,9.78,60,2023-01-08,2023-01-13,Approved,Current
L006828,C01164,B007,Personal,0,10.92,48,2025-06-01,2025-06-20,Rejected,Current
L006829,C02926,B002,Business,0,14.16,84,2023-06-08,2023-06-25,Rejected,Current
L006830,C04515,B012,Business,0,13.62,48,2025-02-11,2025-02-25,Rejected,Current
L006831,C03999,B006,Business,204200,11.58,72,2024-11-14,2024-12-02,Approved,Current
L006832,C00825,B006,Home,203100,10.04,36,2025-03-29,2025-03-31,Approved,Current
L006833,C00733,B004,Personal,0,16.0,72,2025-10-03,2025-10-21,Rejected,Current
L006834,C04487,B001,Personal,0,12.6,48,2023-06-02,2023-06-09,Rejected,Current
L006835,C01588,B015,Auto,0,13.56,36,2025-07-29,2025-08-15,Rejected,Current
L006836,C03665,B013,Business,93900,14.5,36,2024-06-08,2024-06-26,Approved,Current
L006837,C04757,B021,Education,17100,15.86,84,2025-07-19,2025-08-04,Approved,Default
L006838,C00027,B013,Personal,78800,11.6,84,2024-06-27,2024-07-04,Approved,Current
L006839,C02671,B008,Home,157500,10.28,12,2024-02-10,2024-02-28,Approved,Current
L006840,C00884,B017,Personal,21600,14.39,36,2023-02-18,2023-03-02,Approved,Default
L006841,C00127,B017,Business,121000,10.78,72,2025-02-17,2025-03-05,Approved,Current
L006842,C01480,B012,Personal,13400,11.78,12,2023-03-09,2023-03-23,Approved,Current
L006843,C02329,B002,Home,146400,13.59,84,2023-06-17,2023-06-24,Approved,Current
L006844,C00319,B007,Education,0,12.81,36,2025-07-18,2025-07-26,Rejected,Current
L006845,C02489,B008,Business,0,12.92,24,2023-04-14,2023-04-28,Rejected,Current
L006846,C00341,B011,Personal,22600,13.0,36,2024-12-26,2025-01-15,Approved,Current
L006847,C04790,B014,Personal,29500,9.44,60,2023-04-11,2023-04-25,Approved,Current
L006848,C04215,B015,Business,84400,14.1,84,2023-04-24,2023-04-27,Approved,Current
L006849,C04874,B023,Auto,30400,12.07,24,2023-11-14,2023-11-22,Approved,Current
L006850,C04096,B004,Auto,0,13.72,60,2024-11-08,2024-11-27,Rejected,Current
L006851,C04481,B001,Personal,16700,12.83,72,2024-06-25,2024-07-07,Approved,Current
L006852,C01606,B025,Business,0,13.74,72,2025-11-21,2025-12-02,Rejected,Current
L006853,C04182,B013,Business,217200,13.78,36,2023-12-05,2023-12-16,Approved,Current
L006854,C02409,B009,Business,55600,11.0,72,2024-05-20,2024-05-23,Approved,Current
L006855,C03054,B022,Home,0,13.45,24,2024-09-04,2024-09-13,Rejected,Current
L006856,C02840,B001,Personal,8700,12.0,60,2025-05-26,2025-06-06,Approved,Current
L006857,C01109,B024,Personal,0,13.1,48,2023-09-22,2023-10-11,Rejected,Current
L006858,C04455,B021,Education,22000,11.56,60,2025-07-21,2025-07-31,Approved,Current
L006859,C03205,B007,Personal,0,10.74,36,2023-09-30,2023-10-16,Rejected,Current
L006860,C03213,B011,Personal,0,11.42,60,2024-05-12,2024-05-16,Rejected,Current
L006861,C04543,B025,Personal,53600,10.39,60,2024-05-13,2024-05-14,Approved,Current
L006862,C01926,B005,Business,96300,10.92,24,2025-10-03,2025-10-07,Approved,Current
L006863,C01079,B006,Business,154200,11.11,36,2024-01-04,2024-01-12,Approved,Default
L006864,C04401,B015,Business,0,12.7,36,2024-01-12,2024-01-28,Rejected,Current
L006865,C01977,B021,Auto,0,12.94,84,2025-02-10,2025-02-16,Rejected,Current
L006866,C02819,B002,Education,0,12.49,84,2024-02-29,2024-03-01,Rejected,Current
L006867,C04630,B001,Personal,12200,11.11,36,2025-02-17,2025-03-05,Approved,Current
L006868,C02083,B007,Business,0,13.59,60,2024-05-02,2024-05-03,Rejected,Current
L006869,C03561,B019,Home,138200,9.99,60,2025-01-07,2025-01-27,Approved,Current
L006870,C02730,B008,Home,246100,14.33,72,2023-01-25,2023-02-10,Approved,Current
L006871,C01164,B003,Personal,0,12.02,24,2024-04-13,2024-04-17,Rejected,Current
L006872,C01015,B012,Personal,17300,12.05,60,2024-02-29,2024-03-02,Approved,Current
L006873,C04737,B014,Home,180100,14.45,36,2025-08-10,2025-08-24,Approved,Default
L006874,C03445,B024,Personal,68900,12.8,60,2024-07-31,2024-08-06,Approved,Current
L006875,C00759,B001,Home,221200,13.04,72,2024-10-09,2024-10-29,Approved,Current
L006876,C03095,B013,Personal,5300,12.16,24,2023-05-06,2023-05-18,Approved,Current
L006877,C04380,B005,Personal,27500,10.93,60,2024-08-30,2024-09-04,Approved,Current
L006878,C00113,B015,Business,0,13.08,48,2025-04-18,2025-05-02,Rejected,Current
L006879,C02421,B002,Education,0,14.1,24,2024-07-03,2024-07-08,Rejected,Current
L006880,C04293,B005,Education,38900,11.06,36,2024-07-12,2024-07-30,Approved,Current
L006881,C04989,B013,Auto,0,13.97,48,2023-03-20,2023-04-05,Rejected,Current
L006882,C00822,B030,Business,155000,10.29,72,2024-06-23,2024-07-09,Approved,Current
L006883,C03640,B016,Business,100300,11.24,60,2024-04-23,2024-05-03,Approved,Current
L006884,C02446,B004,Auto,0,13.65,12,2023-10-05,2023-10-16,Rejected,Current
L006885,C02200,B006,Home,433400,9.87,24,2023-04-23,2023-04-28,Approved,Current
L006886,C04287,B021,Personal,16800,13.73,72,2025-03-02,2025-03-06,Approved,Current
L006887,C01820,B018,Personal,0,12.53,60,2023-03-02,2023-03-22,Rejected,Current
L006888,C00277,B002,Business,167700,10.06,12,2024-05-28,2024-06-04,Approved,Current
L006889,C01267,B012,Auto,34900,9.34,48,2024-03-14,2024-03-20,Approved,Current
L006890,C00276,B022,Home,543100,13.21,24,2025-10-24,2025-11-08,Approved,Current
L006891,C02912,B019,Personal,32000,12.72,72,2025-01-13,2025-01-28,Approved,Current
L006892,C01331,B012,Personal,0,12.0,24,2023-02-27,2023-03-16,Rejected,Current
L006893,C01894,B006,Auto,0,14.87,12,2024-09-30,2024-10-10,Rejected,Current
L006894,C02344,B015,Home,0,11.33,60,2023-06-04,2023-06-22,Rejected,Current
L006895,C03306,B017,Home,531900,11.29,60,2023-04-20,2023-05-01,Approved,Current
L006896,C02389,B004,Home,260300,12.2,36,2023-12-25,2024-01-12,Approved,Current
L006897,C00593,B011,Auto,0,10.96,36,2025-02-02,2025-02-04,Rejected,Current
L006898,C04979,B024,Education,0,11.84,36,2025-05-04,2025-05-07,Rejected,Current
L006899,C01388,B004,Education,0,14.02,60,2024-03-08,2024-03-14,Rejected,Current
L006900,C03996,B025,Personal,0,14.19,36,2024-06-12,2024-06-15,Rejected,Current
L006901,C01535,B019,Home,0,11.8,24,2024-02-03,2024-02-10,Rejected,Current
L006902,C04110,B009,Home,150300,12.74,36,2024-10-28,2024-10-31,Approved,Current
L006903,C01064,B011,Home,0,12.32,84,2023-04-27,2023-05-12,Rejected,Current
L006904,C03106,B014,Auto,36800,14.96,48,2023-08-17,2023-08-30,Approved,Current
L006905,C03905,B003,Personal,0,12.91,48,2025-07-12,2025-07-18,Rejected,Current
L006906,C03306,B007,Business,0,9.82,60,2025-09-25,2025-09-27,Rejected,Current
L006907,C01904,B022,Home,370900,13.16,48,2023-10-18,2023-10-20,Approved,Current
L006908,C03362,B024,Education,0,16.43,60,2024-04-03,2024-04-22,Rejected,Current
L006909,C00855,B011,Personal,0,13.48,72,2023-02-24,2023-03-04,Rejected,Current
L006910,C03505,B001,Personal,0,13.35,36,2025-11-08,2025-11-17,Rejected,Current
L006911,C02896,B009,Auto,15700,13.07,24,2025-01-23,2025-01-25,Approved,Current
L006912,C04051,B023,Auto,0,11.24,24,2023-01-10,2023-01-17,Rejected,Current
L006913,C03813,B009,Auto,43200,11.12,60,2024-03-15,2024-04-01,Approved,Current
L006914,C01916,B027,Education,12000,14.0,60,2025-10-27,2025-11-11,Approved,Current
L006915,C02999,B017,Home,324500,9.2,48,2023-03-31,2023-04-04,Approved,Current
L006916,C01342,B026,Home,159600,13.52,72,2023-06-17,2023-06-30,Approved,Current
L006917,C02688,B022,Education,0,11.79,60,2024-02-07,2024-02-10,Rejected,Current
L006918,C01862,B014,Home,54100,10.94,12,2023-07-17,2023-07-29,Approved,Current
L006919,C02456,B015,Home,209400,10.96,48,2025-09-19,2025-09-22,Approved,Current
L006920,C03793,B010,Auto,18000,12.99,36,2025-06-05,2025-06-24,Approved,Current
L006921,C02864,B016,Auto,26400,9.28,60,2023-05-20,2023-05-29,Approved,Current
L006922,C03152,B012,Home,78100,13.6,24,2025-01-01,2025-01-17,Approved,Current
L006923,C03879,B020,Personal,0,14.41,60,2024-12-02,2024-12-20,Rejected,Current
L006924,C03063,B029,Home,0,11.19,72,2023-11-25,2023-12-11,Rejected,Current
L006925,C01309,B027,Personal,15500,10.53,12,2023-03-05,2023-03-17,Approved,Current
L006926,C01702,B010,Education,0,13.29,36,2024-10-20,2024-10-27,Rejected,Current
L006927,C04414,B029,Personal,6400,14.74,60,2023-07-31,2023-08-19,Approved,Current
L006928,C04506,B006,Personal,17500,11.4,60,2025-04-20,2025-05-02,Approved,Current
L006929,C03214,B019,Auto,30300,13.61,48,2023-11-10,2023-11-21,Approved,Current
L006930,C02019,B023,Auto,24900,12.45,24,2024-04-03,2024-04-15,Approved,Current
L006931,C00247,B009,Auto,0,12.24,36,2023-02-23,2023-03-14,Rejected,Current
L006932,C02225,B019,Home,339200,12.77,72,2023-10-25,2023-11-11,Approved,Current
L006933,C02859,B025,Business,293000,12.08,60,2024-11-29,2024-12-14,Approved,Current
L006934,C01368,B019,Home,72100,12.95,84,2025-06-28,2025-07-08,Approved,Current
L006935,C04360,B007,Home,0,10.81,36,2024-12-11,2024-12-15,Rejected,Current
L006936,C04264,B009,Business,54700,13.66,48,2023-12-01,2023-12-19,Approved,Current
L006937,C00703,B017,Personal,0,12.85,36,2023-12-24,2024-01-06,Rejected,Current
L006938,C01924,B027,Business,189500,13.1,48,2024-03-03,2024-03-08,Approved,Current
L006939,C01551,B018,Home,247300,11.87,60,2023-10-26,2023-11-15,Approved,Current
L006940,C01334,B008,Education,0,12.83,36,2023-09-05,2023-09-25,Rejected,Current
L006941,C01799,B023,Personal,18200,13.51,24,2024-11-01,2024-11-05,Approved,Current
L006942,C03456,B023,Education,0,11.92,60,2025-06-18,2025-07-04,Rejected,Current
L006943,C03366,B023,Auto,0,13.18,60,2023-11-29,2023-12-19,Rejected,Current
L006944,C00664,B013,Auto,0,11.72,60,2025-03-17,2025-03-26,Rejected,Current
L006945,C02628,B009,Home,0,11.93,60,2023-04-04,2023-04-11,Rejected,Current
L006946,C02085,B008,Education,0,15.69,36,2023-01-19,2023-02-06,Rejected,Current
L006947,C02936,B013,Home,186300,11.49,24,2023-03-06,2023-03-16,Approved,Current
L006948,C04643,B013,Home,167000,13.24,60,2025-03-18,2025-04-02,Approved,Current
L006949,C04742,B023,Business,163900,14.23,72,2023-12-18,2023-12-27,Approved,Current
L006950,C04974,B017,Personal,0,10.62,24,2023-03-17,2023-04-04,Rejected,Current
L006951,C04769,B020,Personal,24400,11.4,48,2024-12-24,2025-01-04,Approved,Current
L006952,C04468,B005,Business,72300,11.63,36,2025-08-28,2025-09-09,Approved,Current
L006953,C04832,B025,Personal,30200,13.48,48,2025-01-26,2025-01-28,Approved,Current
L006954,C02150,B016,Business,187300,10.08,12,2023-04-23,2023-05-02,Approved,Current
L006955,C03427,B011,Auto,13100,11.31,36,2024-06-25,2024-07-12,Approved,Current
L006956,C00480,B028,Home,90700,9.66,48,2024-05-26,2024-05-29,Approved,Current
L006957,C02958,B018,Personal,0,12.68,24,2024-08-27,2024-09-10,Rejected,Current
L006958,C03731,B027,Business,0,15.58,36,2024-08-20,2024-08-23,Rejected,Current
L006959,C01351,B009,Business,167300,12.13,24,2023-04-19,2023-04-25,Approved,Current
L006960,C04013,B003,Home,0,14.2,36,2023-11-01,2023-11-12,Rejected,Current
L006961,C00700,B010,Home,270800,17.59,84,2023-06-06,2023-06-09,Approved,Current
L006962,C02648,B003,Personal,0,9.53,60,2025-09-07,2025-09-22,Rejected,Current
L006963,C01722,B030,Business,114500,12.18,36,2023-10-10,2023-10-18,Approved,Current
L006964,C03160,B005,Auto,38600,12.73,48,2025-10-28,2025-10-30,Approved,Current
L006965,C00334,B021,Personal,0,14.1,36,2025-11-29,2025-12-10,Rejected,Current
L006966,C00664,B019,Business,164800,13.63,60,2023-05-14,2023-05-28,Approved,Current
L006967,C00779,B013,Business,33500,12.14,12,2024-10-16,2024-10-19,Approved,Current
L006968,C01224,B004,Personal,20200,11.18,36,2025-02-27,2025-03-09,Approved,Current
L006969,C03455,B025,Business,46600,13.04,84,2025-07-21,2025-08-08,Approved,Current
L006970,C03500,B005,Business,0,12.93,24,2024-12-10,2024-12-28,Rejected,Current
L006971,C02498,B017,Education,0,11.04,12,2023-11-06,2023-11-18,Rejected,Current
L006972,C00941,B002,Personal,9800,10.86,48,2023-03-28,2023-04-16,Approved,Current
L006973,C02634,B029,Home,0,12.97,36,2024-06-29,2024-07-18,Rejected,Current
L006974,C01017,B011,Education,0,13.41,48,2024-07-23,2024-08-01,Rejected,Current
L006975,C04601,B023,Personal,0,14.24,84,2024-12-11,2024-12-12,Rejected,Current
L006976,C04534,B030,Home,323900,12.53,24,2023-08-31,2023-09-12,Approved,Current
L006977,C03722,B003,Home,263700,11.6,48,2024-02-01,2024-02-03,Approved,Current
L006978,C00006,B010,Auto,20900,15.46,60,2023-06-27,2023-06-29,Approved,Current
L006979,C02267,B026,Home,317200,12.73,24,2024-06-16,2024-06-21,Approved,Current
L006980,C03988,B030,Education,9600,14.47,60,2023-02-14,2023-02-15,Approved,Current
L006981,C03793,B001,Personal,23300,13.58,36,2024-07-07,2024-07-19,Approved,Current
L006982,C00513,B007,Auto,16100,11.93,60,2024-01-18,2024-01-23,Approved,Current
L006983,C04965,B013,Home,138700,13.01,48,2024-12-08,2024-12-22,Approved,Current
L006984,C03261,B006,Personal,14000,13.2,48,2025-03-17,2025-03-25,Approved,Current
L006985,C00975,B011,Personal,36400,11.4,48,2025-12-07,2025-12-18,Approved,Current
L006986,C02817,B029,Education,0,14.79,24,2023-05-29,2023-06-16,Rejected,Current
L006987,C00977,B015,Auto,30600,11.7,48,2023-01-18,2023-01-28,Approved,Current
L006988,C02734,B023,Auto,25100,12.99,60,2024-04-25,2024-05-04,Approved,Current
L006989,C00621,B019,Business,0,10.4,72,2023-06-12,2023-06-27,Rejected,Current
L006990,C04651,B008,Personal,10200,11.47,60,2025-11-21,2025-12-01,Approved,Current
L006991,C04646,B028,Auto,37900,14.83,60,2023-05-02,2023-05-06,Approved,Current
L006992,C03842,B017,Personal,17700,13.72,48,2024-03-14,2024-03-25,Approved,Current
L006993,C00594,B024,Auto,0,14.51,36,2024-09-06,2024-09-23,Rejected,Current
L006994,C01420,B002,Personal,15800,12.3,60,2024-11-28,2024-12-16,Approved,Current
L006995,C01943,B006,Business,84700,11.66,60,2025-01-04,2025-01-21,Approved,Current
L006996,C00623,B030,Auto,48800,13.64,12,2023-12-16,2023-12-17,Approved,Current
L006997,C03849,B012,Home,150800,9.83,48,2023-05-06,2023-05-18,Approved,Current
L006998,C04530,B022,Home,0,12.04,72,2023-12-26,2024-01-10,Rejected,Current
L006999,C03920,B001,Personal,28700,12.58,84,2025-11-15,2025-12-02,Approved,Current
L007000,C00318,B019,Education,0,10.54,48,2024-12-06,2024-12-26,Rejected,Current
L007001,C02583,B024,Personal,18700,14.76,60,2025-09-03,2025-09-06,Approved,Current
L007002,C01525,B022,Home,131100,7.94,12,2024-12-28,2025-01-04,Approved,Current
L007003,C00893,B007,Personal,10500,9.17,36,2025-05-11,2025-05-12,Approved,Current
L007004,C00628,B029,Education,0,13.99,60,2023-02-06,2023-02-26,Rejected,Current
L007005,C04254,B002,Auto,0,11.57,60,2024-01-25,2024-02-05,Rejected,Current
L007006,C03022,B029,Personal,2800,8.98,60,2024-03-13,2024-03-18,Approved,Current
L007007,C01455,B021,Auto,65400,12.25,60,2023-08-03,2023-08-06,Approved,Current
L007008,C02772,B004,Education,0,12.03,48,2023-06-24,2023-07-14,Rejected,Current
L007009,C00553,B018,Auto,19400,11.16,72,2023-04-24,2023-05-03,Approved,Current
L007010,C03591,B014,Home,443100,9.56,36,2024-05-17,2024-05-25,Approved,Current
L007011,C04958,B021,Personal,0,12.8,72,2023-06-03,2023-06-05,Rejected,Current
L007012,C02506,B017,Personal,0,13.98,12,2023-10-08,2023-10-27,Rejected,Current
L007013,C02086,B019,Personal,22600,10.37,60,2024-02-24,2024-03-11,Approved,Current
L007014,C00676,B028,Auto,34500,11.09,36,2025-09-28,2025-10-14,Approved,Current
L007015,C01594,B006,Business,218400,12.54,60,2023-11-13,2023-11-17,Approved,Current
L007016,C04398,B004,Business,44200,12.6,12,2023-11-26,2023-12-06,Approved,Default
L007017,C02683,B016,Business,83800,12.97,24,2023-03-27,2023-04-13,Approved,Current
L007018,C03779,B010,Personal,29800,14.43,12,2024-07-29,2024-08-13,Approved,Current
L007019,C03265,B011,Business,148600,11.2,48,2024-02-21,2024-03-10,Approved,Current
L007020,C01938,B012,Auto,31300,14.19,36,2023-07-23,2023-07-25,Approved,Current
L007021,C04994,B004,Home,0,15.77,36,2024-07-04,2024-07-12,Rejected,Current
L007022,C00616,B016,Auto,0,10.8,48,2023-02-17,2023-02-27,Rejected,Current
L007023,C04228,B015,Personal,19200,11.92,36,2024-10-09,2024-10-10,Approved,Current
L007024,C01632,B009,Personal,26400,10.02,72,2024-01-27,2024-02-14,Approved,Current
L007025,C00945,B004,Home,178900,13.92,48,2024-04-28,2024-05-14,Approved,Current
L007026,C04981,B004,Personal,0,9.86,36,2025-06-14,2025-06-24,Rejected,Current
L007027,C03477,B019,Home,120000,11.91,48,2024-12-22,2024-12-27,Approved,Current
L007028,C00471,B002,Home,0,12.7,72,2024-09-11,2024-09-20,Rejected,Current
L007029,C01956,B024,Education,21600,10.23,36,2023-12-07,2023-12-17,Approved,Current
L007030,C02397,B011,Education,0,10.26,48,2024-01-05,2024-01-10,Rejected,Current
L007031,C03907,B003,Education,80000,13.44,36,2023-06-13,2023-06-20,Approved,Current
L007032,C02091,B028,Business,45400,11.55,36,2025-05-18,2025-05-24,Approved,Current
L007033,C02824,B028,Education,0,11.08,48,2025-03-08,2025-03-22,Rejected,Current
L007034,C02530,B011,Auto,0,11.58,60,2024-08-24,2024-09-11,Rejected,Current
L007035,C04174,B006,Education,75100,9.84,36,2025-11-18,2025-12-01,Approved,Current
L007036,C01060,B002,Auto,19400,10.48,36,2025-04-09,2025-04-19,Approved,Current
L007037,C00647,B015,Business,62800,14.32,60,2024-06-06,2024-06-20,Approved,Default
L007038,C01354,B029,Personal,17500,14.52,60,2023-03-14,2023-03-22,Approved,Default
L007039,C02700,B008,Auto,24400,12.63,12,2023-08-06,2023-08-20,Approved,Current
L007040,C00764,B009,Education,0,12.97,60,2023-04-28,2023-05-02,Rejected,Current
L007041,C04072,B005,Home,564500,13.92,72,2023-09-13,2023-09-22,Approved,Current
L007042,C02327,B009,Personal,0,12.93,24,2023-03-13,2023-03-19,Rejected,Current
L007043,C00459,B001,Home,120200,12.92,72,2023-08-01,2023-08-03,Approved,Current
L007044,C00692,B024,Auto,25800,11.79,24,2023-03-13,2023-03-16,Approved,Default
L007045,C02573,B018,Business,118700,12.74,84,2025-04-02,2025-04-13,Approved,Current
L007046,C02540,B010,Home,222700,12.22,48,2025-09-04,2025-09-21,Approved,Default
L007047,C04170,B008,Personal,13100,13.76,60,2024-03-03,2024-03-04,Approved,Current
L007048,C00819,B017,Education,11400,13.03,12,2025-01-29,2025-02-01,Approved,Current
L007049,C04251,B014,Business,0,13.34,24,2024-03-07,2024-03-21,Rejected,Current
L007050,C00519,B001,Personal,0,14.03,84,2025-07-20,2025-07-31,Rejected,Current
L007051,C04471,B011,Business,66600,10.94,84,2023-07-29,2023-08-14,Approved,Current
L007052,C03992,B009,Home,374000,15.21,36,2025-06-11,2025-06-25,Approved,Default
L007053,C00343,B010,Home,253800,9.66,36,2023-09-07,2023-09-26,Approved,Current
L007054,C04644,B003,Business,0,15.01,12,2025-11-08,2025-11-17,Rejected,Current
L007055,C02794,B017,Business,0,14.82,84,2024-06-18,2024-06-20,Rejected,Current
L007056,C03175,B011,Home,479900,13.95,72,2024-07-16,2024-07-26,Approved,Current
L007057,C04532,B024,Personal,9500,11.62,24,2024-02-25,2024-02-28,Approved,Current
L007058,C00444,B004,Personal,0,13.79,36,2025-01-31,2025-02-15,Rejected,Current
L007059,C04575,B001,Education,21800,16.81,84,2023-03-21,2023-04-02,Approved,Current
L007060,C03705,B025,Business,112000,13.72,24,2024-10-05,2024-10-24,Approved,Current
L007061,C01901,B018,Home,266100,12.2,72,2024-03-13,2024-03-22,Approved,Current
L007062,C01518,B027,Home,0,13.07,36,2023-08-22,2023-09-05,Rejected,Current
L007063,C04133,B015,Home,127000,10.64,12,2023-11-06,2023-11-21,Approved,Current
L007064,C01557,B011,Business,121500,12.94,24,2023-01-06,2023-01-17,Approved,Current
L007065,C00098,B017,Home,128300,11.16,60,2024-01-26,2024-02-06,Approved,Current
L007066,C02862,B017,Home,148300,9.27,24,2025-03-12,2025-03-15,Approved,Current
L007067,C01045,B018,Auto,0,12.65,12,2023-03-09,2023-03-20,Rejected,Current
L007068,C00468,B014,Personal,10500,10.7,60,2024-06-08,2024-06-09,Approved,Current
L007069,C00354,B025,Personal,21000,12.73,60,2024-12-13,2024-12-17,Approved,Current
L007070,C00072,B008,Home,259100,10.96,72,2025-03-15,2025-04-04,Approved,Current
L007071,C01376,B004,Auto,32700,9.73,48,2024-02-26,2024-03-07,Approved,Current
L007072,C01076,B018,Business,208100,15.75,12,2024-12-18,2025-01-05,Approved,Current
L007073,C01246,B011,Home,0,12.78,12,2023-08-17,2023-08-18,Rejected,Current
L007074,C01024,B009,Personal,17600,12.12,60,2025-07-15,2025-07-18,Approved,Current
L007075,C01821,B008,Home,0,14.98,72,2024-12-23,2024-12-26,Rejected,Current
L007076,C00990,B012,Personal,47300,12.2,60,2025-04-07,2025-04-26,Approved,Current
L007077,C04556,B011,Personal,12500,12.37,36,2025-10-11,2025-10-29,Approved,Current
L007078,C02549,B005,Auto,27600,10.98,60,2023-09-26,2023-10-09,Approved,Current
L007079,C04813,B010,Education,0,10.69,12,2025-07-05,2025-07-08,Rejected,Current
L007080,C04463,B015,Business,118200,9.71,60,2023-06-21,2023-07-09,Approved,Current
L007081,C03722,B026,Business,328400,13.09,36,2025-03-06,2025-03-25,Approved,Current
L007082,C03108,B026,Auto,36600,12.3,72,2025-09-21,2025-09-29,Approved,Current
L007083,C04703,B011,Business,79600,11.83,36,2025-08-16,2025-08-30,Approved,Current
L007084,C02576,B002,Business,105400,10.21,36,2025-06-06,2025-06-07,Approved,Current
L007085,C03047,B010,Auto,0,11.96,36,2023-09-07,2023-09-08,Rejected,Current
L007086,C00749,B003,Home,166800,13.37,60,2023-03-08,2023-03-16,Approved,Current
L007087,C01700,B008,Personal,46000,14.36,24,2025-02-24,2025-03-08,Approved,Current
L007088,C00602,B012,Home,266300,12.23,12,2025-11-24,2025-12-02,Approved,Current
L007089,C04716,B029,Education,55100,12.34,60,2024-01-16,2024-01-27,Approved,Current
L007090,C00255,B015,Auto,55900,10.48,72,2024-09-30,2024-10-14,Approved,Current
L007091,C02978,B029,Personal,12200,12.46,60,2024-12-23,2025-01-10,Approved,Current
L007092,C02725,B015,Auto,91600,10.95,36,2023-08-28,2023-09-09,Approved,Current
L007093,C00836,B024,Home,69700,9.24,36,2023-02-09,2023-02-17,Approved,Current
L007094,C01851,B007,Education,33600,12.63,36,2025-01-03,2025-01-04,Approved,Current
L007095,C04765,B030,Personal,0,13.11,60,2025-04-03,2025-04-13,Rejected,Current
L007096,C03103,B025,Auto,12500,11.82,36,2023-06-04,2023-06-09,Approved,Current
L007097,C03650,B023,Auto,53500,14.24,48,2024-12-18,2025-01-01,Approved,Current
L007098,C02534,B015,Education,19100,12.1,60,2025-04-04,2025-04-12,Approved,Current
L007099,C02307,B013,Auto,0,11.05,48,2025-11-01,2025-11-13,Rejected,Current
L007100,C04349,B010,Business,28700,10.37,48,2023-01-12,2023-01-16,Approved,Current
L007101,C00494,B019,Personal,0,14.06,84,2023-04-18,2023-05-06,Rejected,Current
L007102,C03306,B017,Personal,9200,10.43,36,2023-02-08,2023-02-23,Approved,Current
L007103,C01131,B015,Home,154400,14.44,60,2025-01-03,2025-01-09,Approved,Current
L007104,C04432,B003,Auto,75000,12.59,60,2023-02-17,2023-02-28,Approved,Current
L007105,C03785,B018,Home,495600,12.27,24,2023-12-13,2023-12-26,Approved,Current
L007106,C02101,B022,Personal,0,12.12,84,2025-04-14,2025-05-04,Rejected,Current
L007107,C04016,B005,Auto,13300,8.12,60,2025-02-06,2025-02-08,Approved,Current
L007108,C04041,B010,Auto,16500,12.45,12,2025-05-14,2025-05-23,Approved,Current
L007109,C01777,B027,Home,202000,14.17,60,2025-03-15,2025-03-24,Approved,Current
L007110,C01868,B009,Personal,11600,10.59,24,2025-07-24,2025-07-26,Approved,Current
L007111,C02735,B013,Education,40200,9.75,36,2025-10-05,2025-10-08,Approved,Current
L007112,C03332,B024,Auto,80400,15.47,36,2025-02-22,2025-03-04,Approved,Current
L007113,C03441,B021,Personal,10500,12.2,36,2025-08-01,2025-08-19,Approved,Current
L007114,C00210,B002,Auto,19600,15.34,60,2023-01-18,2023-02-05,Approved,Current
L007115,C03114,B029,Home,0,16.03,60,2025-03-20,2025-03-21,Rejected,Current
L007116,C02730,B010,Home,160900,12.55,48,2025-10-22,2025-11-06,Approved,Current
L007117,C04990,B028,Home,190400,10.17,48,2025-12-12,2025-12-25,Approved,Current
L007118,C04070,B022,Business,96100,12.77,36,2025-09-09,2025-09-24,Approved,Current
L007119,C04433,B010,Education,0,12.64,12,2025-08-17,2025-08-21,Rejected,Current
L007120,C04771,B014,Personal,22300,11.67,36,2025-05-06,2025-05-25,Approved,Current
L007121,C04201,B021,Personal,17400,14.97,12,2025-02-10,2025-02-13,Approved,Current
L007122,C03762,B020,Personal,18400,11.47,72,2024-10-05,2024-10-18,Approved,Current
L007123,C04799,B024,Auto,33500,13.13,60,2023-09-17,2023-09-24,Approved,Current
L007124,C01148,B030,Personal,17400,12.61,84,2023-02-24,2023-03-08,Approved,Current
L007125,C03782,B024,Business,0,10.93,24,2024-05-24,2024-05-26,Rejected,Current
L007126,C01291,B008,Home,0,10.82,60,2024-04-01,2024-04-17,Rejected,Current
L007127,C03115,B005,Auto,34600,12.99,24,2025-07-18,2025-07-26,Approved,Current
L007128,C03879,B022,Home,140600,16.46,60,2023-08-05,2023-08-17,Approved,Default
L007129,C02701,B019,Education,37400,10.9,48,2023-09-02,2023-09-04,Approved,Current
L007130,C00674,B022,Personal,0,11.37,60,2025-02-16,2025-03-04,Rejected,Current
L007131,C02976,B019,Auto,32300,15.06,60,2025-11-21,2025-12-06,Approved,Current
L007132,C02372,B024,Auto,55000,12.31,48,2023-09-18,2023-09-27,Approved,Current
L007133,C00757,B028,Auto,14800,14.79,48,2023-06-06,2023-06-21,Approved,Current
L007134,C04297,B009,Home,0,11.68,12,2024-01-30,2024-02-02,Rejected,Current
L007135,C04338,B011,Personal,0,13.5,36,2025-12-12,2025-12-23,Rejected,Current
L007136,C02902,B005,Auto,71100,12.71,36,2023-11-08,2023-11-27,Approved,Current
L007137,C01488,B009,Business,106100,11.67,60,2023-02-09,2023-02-24,Approved,Current
L007138,C00968,B008,Personal,13500,11.71,36,2023-09-04,2023-09-05,Approved,Current
L007139,C03013,B027,Home,82300,11.05,36,2025-09-07,2025-09-14,Approved,Current
L007140,C02353,B024,Personal,12900,13.5,60,2024-08-10,2024-08-14,Approved,Current
L007141,C04410,B011,Auto,29200,12.89,60,2025-08-21,2025-08-22,Approved,Current
L007142,C02844,B018,Business,0,12.68,36,2024-08-26,2024-09-15,Rejected,Current
L007143,C00883,B008,Auto,0,13.07,24,2025-01-02,2025-01-13,Rejected,Current
L007144,C00498,B021,Home,192600,12.78,48,2024-09-17,2024-10-06,Approved,Current
L007145,C03429,B013,Personal,0,12.74,48,2025-02-22,2025-03-06,Rejected,Current
L007146,C01906,B011,Business,115200,12.7,72,2024-10-01,2024-10-09,Approved,Current
L007147,C01541,B006,Home,154500,10.62,48,2025-01-29,2025-02-11,Approved,Current
L007148,C01999,B025,Personal,0,15.6,72,2023-09-30,2023-10-05,Rejected,Current
L007149,C01333,B016,Auto,0,13.99,48,2023-11-27,2023-11-28,Rejected,Current
L007150,C03367,B018,Personal,25400,11.62,60,2024-04-14,2024-05-02,Approved,Current
L007151,C01573,B010,Business,57500,12.4,48,2024-03-03,2024-03-05,Approved,Default
L007152,C03665,B030,Personal,0,11.54,36,2023-10-27,2023-11-05,Rejected,Current
L007153,C03455,B017,Home,225100,12.08,12,2025-01-09,2025-01-22,Approved,Current
L007154,C03817,B002,Personal,10000,11.71,60,2025-03-19,2025-04-01,Approved,Current
L007155,C01361,B018,Auto,34100,11.2,72,2024-05-08,2024-05-23,Approved,Current
L007156,C00564,B024,Home,0,13.77,60,2023-08-22,2023-09-11,Rejected,Current
L007157,C00734,B011,Business,125400,9.44,36,2025-05-21,2025-05-30,Approved,Current
L007158,C00753,B023,Home,393800,12.73,60,2025-02-09,2025-02-24,Approved,Current
L007159,C02357,B002,Personal,13300,11.64,60,2023-04-01,2023-04-08,Approved,Current
L007160,C04244,B002,Personal,0,13.46,60,2025-01-21,2025-02-01,Rejected,Current
L007161,C02975,B025,Education,31300,9.41,12,2024-05-19,2024-05-24,Approved,Current
L007162,C03987,B018,Home,0,12.16,48,2025-11-02,2025-11-11,Rejected,Current
L007163,C02716,B009,Auto,32100,14.62,48,2023-06-28,2023-07-12,Approved,Current
L007164,C01786,B022,Education,0,14.68,60,2023-07-01,2023-07-20,Rejected,Current
L007165,C04788,B016,Personal,16400,15.86,60,2024-10-19,2024-11-03,Approved,Default
L007166,C02634,B027,Auto,65700,13.18,36,2025-03-18,2025-04-03,Approved,Current
L007167,C02093,B017,Personal,16900,13.81,24,2023-04-07,2023-04-27,Approved,Current
L007168,C01806,B010,Personal,8300,13.11,72,2023-07-28,2023-08-12,Approved,Current
L007169,C03364,B022,Personal,16600,10.91,60,2025-09-27,2025-10-12,Approved,Current
L007170,C04360,B017,Business,41900,8.25,48,2023-02-13,2023-02-17,Approved,Current
L007171,C03056,B027,Home,155300,8.92,36,2025-01-15,2025-02-03,Approved,Current
L007172,C01249,B006,Personal,14800,14.33,84,2023-05-16,2023-06-04,Approved,Current
L007173,C00216,B001,Personal,48900,10.4,24,2024-11-06,2024-11-11,Approved,Current
L007174,C03946,B013,Personal,0,11.44,72,2025-07-26,2025-07-28,Rejected,Current
L007175,C04327,B006,Business,99600,12.9,36,2024-06-25,2024-06-26,Approved,Current
L007176,C01726,B026,Home,0,12.12,24,2023-08-08,2023-08-17,Rejected,Current
L007177,C02702,B019,Education,22500,15.78,36,2025-08-27,2025-09-04,Approved,Current
L007178,C01201,B006,Business,43300,16.77,60,2025-10-03,2025-10-15,Approved,Current
L007179,C03635,B019,Business,127000,10.06,48,2024-07-12,2024-07-15,Approved,Current
L007180,C01541,B012,Personal,22000,9.92,48,2025-01-29,2025-02-06,Approved,Current
L007181,C04803,B029,Personal,0,11.88,60,2023-01-29,2023-02-16,Rejected,Current
L007182,C00513,B026,Auto,19600,13.14,60,2025-01-31,2025-02-09,Approved,Current
L007183,C03712,B022,Home,310200,13.19,60,2023-05-01,2023-05-05,Approved,Current
L007184,C03937,B011,Home,73300,12.98,24,2023-01-15,2023-01-31,Approved,Current
L007185,C02353,B022,Personal,0,11.39,36,2023-08-08,2023-08-26,Rejected,Current
L007186,C03833,B007,Education,0,10.76,36,2023-11-03,2023-11-13,Rejected,Current
L007187,C04447,B022,Personal,24500,14.07,24,2025-04-03,2025-04-20,Approved,Current
L007188,C00803,B006,Personal,31000,11.48,36,2024-04-16,2024-04-24,Approved,Current
L007189,C04547,B030,Auto,19800,12.68,60,2024-11-17,2024-11-19,Approved,Current
L007190,C00902,B015,Personal,9600,11.24,12,2023-12-15,2023-12-25,Approved,Current
L007191,C04159,B006,Personal,40300,13.31,12,2023-01-02,2023-01-14,Approved,Current
L007192,C01789,B009,Personal,17400,12.74,60,2025-05-27,2025-06-03,Approved,Current
L007193,C04601,B023,Personal,21600,12.0,36,2025-11-21,2025-11-28,Approved,Current
L007194,C02313,B024,Personal,29700,12.94,60,2025-05-28,2025-06-10,Approved,Default
L007195,C01700,B018,Personal,10600,15.81,72,2023-10-02,2023-10-21,Approved,Current
L007196,C03151,B003,Home,303800,14.89,36,2024-10-07,2024-10-17,Approved,Default
L007197,C01209,B002,Home,263100,13.89,12,2023-12-20,2024-01-09,Approved,Current
L007198,C02994,B013,Home,0,13.6,48,2024-03-17,2024-03-23,Rejected,Current
L007199,C02543,B029,Auto,71100,11.89,84,2025-02-07,2025-02-20,Approved,Current
L007200,C01595,B011,Personal,18600,10.42,48,2025-02-12,2025-03-02,Approved,Current
L007201,C03442,B005,Personal,27200,14.12,36,2024-09-02,2024-09-18,Approved,Current
L007202,C01839,B024,Business,97400,12.6,48,2023-07-13,2023-07-20,Approved,Current
L007203,C04860,B030,Auto,34700,13.42,24,2024-02-29,2024-03-08,Approved,Current
L007204,C03673,B030,Personal,9700,10.7,60,2024-01-19,2024-01-27,Approved,Current
L007205,C02903,B005,Education,24700,11.64,60,2025-04-04,2025-04-20,Approved,Current
L007206,C02340,B012,Auto,11900,14.6,60,2024-09-28,2024-10-06,Approved,Current
L007207,C04522,B002,Personal,16700,12.01,36,2024-06-26,2024-07-11,Approved,Current
L007208,C02343,B018,Education,57900,13.55,60,2023-01-13,2023-01-21,Approved,Current
L007209,C04929,B010,Home,283800,14.22,72,2023-03-12,2023-03-18,Approved,Current
L007210,C00500,B018,Education,29800,10.76,84,2025-12-10,2025-12-11,Approved,Current
L007211,C03628,B030,Personal,0,13.18,60,2024-07-30,2024-08-15,Rejected,Current
L007212,C00845,B004,Personal,13400,13.46,36,2024-07-10,2024-07-23,Approved,Current
L007213,C03664,B026,Auto,19300,13.87,36,2024-09-16,2024-09-20,Approved,Current
L007214,C01061,B021,Personal,28200,10.0,48,2024-07-18,2024-08-05,Approved,Current
L007215,C02682,B022,Personal,7700,12.27,48,2024-03-16,2024-03-23,Approved,Current
L007216,C01421,B029,Business,0,13.55,60,2023-05-24,2023-05-25,Rejected,Current
L007217,C00750,B007,Personal,0,13.86,24,2025-02-18,2025-02-23,Rejected,Current
L007218,C01948,B024,Education,31400,11.2,48,2023-09-29,2023-10-07,Approved,Current
L007219,C01046,B021,Home,189600,12.82,36,2025-12-11,2025-12-15,Approved,Current
L007220,C03412,B003,Business,106500,11.82,60,2024-08-17,2024-08-24,Approved,Current
L007221,C04591,B005,Home,558900,12.79,36,2024-08-10,2024-08-26,Approved,Current
L007222,C03475,B001,Home,190800,10.34,48,2024-01-01,2024-01-06,Approved,Current
L007223,C01227,B007,Home,217400,13.37,36,2024-10-25,2024-11-11,Approved,Current
L007224,C02974,B012,Auto,0,13.0,36,2024-07-23,2024-08-03,Rejected,Current
L007225,C01370,B024,Home,0,16.51,48,2024-03-28,2024-04-15,Rejected,Current
L007226,C01039,B022,Personal,46500,11.18,48,2025-02-07,2025-02-12,Approved,Current
L007227,C01788,B016,Personal,0,9.31,36,2024-03-30,2024-04-02,Rejected,Current
L007228,C01653,B022,Personal,0,15.16,48,2024-05-10,2024-05-30,Rejected,Current
L007229,C04716,B025,Home,0,10.99,24,2024-08-22,2024-08-25,Rejected,Current
L007230,C04723,B007,Auto,44100,14.02,72,2023-07-08,2023-07-20,Approved,Current
L007231,C04368,B008,Personal,47800,14.57,72,2024-04-28,2024-05-13,Approved,Current
L007232,C00420,B015,Personal,0,12.29,36,2025-12-11,2025-12-20,Rejected,Current
L007233,C02898,B006,Education,48000,11.43,12,2024-09-10,2024-09-24,Approved,Current
L007234,C04585,B005,Auto,109500,10.29,72,2024-07-11,2024-07-19,Approved,Current
L007235,C03303,B023,Education,0,14.73,36,2023-05-25,2023-06-12,Rejected,Current
L007236,C00796,B016,Education,22400,11.85,24,2024-05-03,2024-05-13,Approved,Current
L007237,C02810,B020,Personal,0,12.2,72,2024-08-19,2024-09-05,Rejected,Current
L007238,C00467,B012,Education,33700,11.97,72,2025-11-19,2025-12-04,Approved,Current
L007239,C04536,B010,Personal,12500,12.88,12,2023-12-28,2023-12-30,Approved,Current
L007240,C01355,B012,Education,0,12.29,36,2025-05-10,2025-05-13,Rejected,Current
L007241,C00273,B021,Home,142600,9.85,60,2024-11-09,2024-11-18,Approved,Current
L007242,C02750,B022,Home,198100,10.07,36,2023-09-06,2023-09-25,Approved,Current
L007243,C03490,B025,Auto,15000,12.18,60,2024-12-11,2024-12-28,Approved,Current
L007244,C03869,B012,Business,36000,14.08,12,2025-11-26,2025-11-28,Approved,Default
L007245,C03652,B002,Auto,27300,13.93,60,2025-08-24,2025-08-30,Approved,Current
L007246,C00956,B030,Home,220400,11.65,48,2023-01-15,2023-01-26,Approved,Current
L007247,C03410,B007,Personal,9700,8.76,48,2024-03-20,2024-03-31,Approved,Current
L007248,C01920,B005,Business,126900,12.64,60,2025-02-16,2025-02-25,Approved,Current
L007249,C02933,B026,Personal,18400,11.28,48,2025-02-26,2025-03-14,Approved,Current
L007250,C00188,B018,Auto,0,13.83,24,2024-09-25,2024-10-15,Rejected,Current
L007251,C00208,B028,Home,311200,10.75,48,2023-08-25,2023-09-14,Approved,Current
L007252,C00074,B018,Home,387300,10.97,48,2024-12-10,2024-12-24,Approved,Current
L007253,C04769,B028,Auto,44600,12.79,48,2024-09-23,2024-10-13,Approved,Current
L007254,C02620,B016,Business,80800,13.61,24,2023-10-31,2023-11-11,Approved,Current
L007255,C01050,B002,Education,31100,9.17,24,2023-08-14,2023-08-24,Approved,Default
L007256,C04970,B008,Personal,0,13.46,60,2023-10-30,2023-11-01,Rejected,Current
L007257,C01882,B019,Education,48100,13.49,60,2023-07-11,2023-07-18,Approved,Current
L007258,C00515,B006,Education,0,11.71,12,2024-03-10,2024-03-11,Rejected,Current
L007259,C03329,B023,Business,87500,13.45,60,2024-12-06,2024-12-11,Approved,Current
L007260,C00280,B022,Business,0,11.06,24,2023-07-23,2023-08-07,Rejected,Current
L007261,C02987,B013,Auto,16700,13.57,60,2025-04-23,2025-05-04,Approved,Current
L007262,C04856,B028,Personal,0,12.7,24,2024-06-22,2024-07-12,Rejected,Current
L007263,C00556,B007,Auto,41600,14.75,84,2024-09-18,2024-10-06,Approved,Current
L007264,C03380,B020,Auto,0,11.54,72,2023-02-09,2023-02-18,Rejected,Current
L007265,C00291,B024,Education,0,12.78,24,2023-06-09,2023-06-10,Rejected,Current
L007266,C04881,B029,Auto,64400,11.19,12,2025-05-19,2025-06-08,Approved,Current
L007267,C02874,B028,Business,74300,13.35,12,2023-12-02,2023-12-08,Approved,Current
L007268,C03019,B005,Auto,20400,12.19,60,2024-07-02,2024-07-22,Approved,Current
L007269,C01623,B017,Personal,0,15.63,12,2023-05-23,2023-06-02,Rejected,Current
L007270,C04838,B027,Personal,25900,11.67,60,2024-05-14,2024-05-18,Approved,Current
L007271,C03552,B004,Business,74300,9.56,60,2023-09-22,2023-10-10,Approved,Current
L007272,C04179,B030,Personal,12900,13.13,36,2025-01-06,2025-01-18,Approved,Current
L007273,C03276,B001,Personal,23200,12.05,60,2025-04-11,2025-04-20,Approved,Current
L007274,C02012,B030,Auto,17200,12.44,60,2025-11-30,2025-12-17,Approved,Current
L007275,C02690,B030,Business,70700,15.17,60,2023-02-05,2023-02-22,Approved,Current
L007276,C00083,B006,Auto,0,14.67,24,2025-07-20,2025-08-03,Rejected,Current
L007277,C03996,B006,Business,142600,13.63,48,2024-07-30,2024-08-08,Approved,Current
L007278,C00648,B003,Personal,0,14.28,12,2023-02-02,2023-02-21,Rejected,Current
L007279,C04247,B010,Personal,0,10.48,48,2025-06-20,2025-07-03,Rejected,Current
L007280,C03693,B022,Auto,60800,13.57,48,2025-05-08,2025-05-11,Approved,Current
L007281,C01758,B011,Business,71900,12.59,72,2024-03-28,2024-04-15,Approved,Current
L007282,C04956,B023,Home,750000,9.33,12,2023-03-15,2023-03-24,Approved,Current
L007283,C03340,B014,Personal,39300,13.67,48,2025-05-24,2025-06-09,Approved,Current
L007284,C03658,B004,Auto,37200,15.25,60,2025-11-15,2025-12-03,Approved,Current
L007285,C04211,B007,Business,0,13.43,48,2024-11-20,2024-11-27,Rejected,Current
L007286,C03153,B026,Personal,13300,12.99,36,2025-12-13,2025-12-31,Approved,Current
L007287,C00726,B010,Personal,0,13.26,60,2023-07-25,2023-08-08,Rejected,Current
L007288,C01108,B001,Home,207700,10.98,84,2025-11-18,2025-11-28,Approved,Current
L007289,C04983,B029,Personal,8200,14.78,12,2023-09-25,2023-10-05,Approved,Current
L007290,C02826,B009,Home,72100,11.48,24,2023-02-01,2023-02-07,Approved,Current
L007291,C04906,B010,Personal,19100,12.47,48,2023-05-13,2023-05-16,Approved,Current
L007292,C02202,B003,Personal,19400,11.15,48,2023-10-10,2023-10-27,Approved,Current
L007293,C01841,B028,Home,0,12.64,60,2023-06-16,2023-06-18,Rejected,Current
L007294,C04349,B022,Personal,7800,9.44,12,2023-01-16,2023-01-23,Approved,Current
L007295,C02496,B009,Personal,6100,13.29,24,2024-09-05,2024-09-17,Approved,Current
L007296,C03945,B018,Business,62600,13.86,72,2024-09-28,2024-09-29,Approved,Current
L007297,C00825,B003,Personal,14700,8.68,12,2023-07-29,2023-08-18,Approved,Current
L007298,C04603,B007,Auto,46800,10.73,36,2024-08-17,2024-08-22,Approved,Current
L007299,C01735,B016,Business,88400,14.3,48,2023-07-28,2023-08-10,Approved,Current
L007300,C00351,B010,Personal,32300,10.61,36,2024-06-09,2024-06-28,Approved,Current
L007301,C04914,B007,Personal,25100,13.46,36,2023-10-24,2023-10-30,Approved,Current
L007302,C02174,B007,Auto,42400,14.02,36,2024-08-08,2024-08-13,Approved,Current
L007303,C03286,B025,Home,0,13.2,36,2024-04-17,2024-04-22,Rejected,Current
L007304,C00835,B005,Home,0,13.04,36,2023-06-21,2023-07-09,Rejected,Current
L007305,C01988,B026,Business,70700,14.46,24,2025-04-20,2025-04-30,Approved,Current
L007306,C03822,B030,Personal,67400,10.14,72,2024-06-19,2024-07-08,Approved,Current
L007307,C03672,B011,Auto,11200,13.27,60,2023-10-04,2023-10-06,Approved,Current
L007308,C04992,B007,Education,23800,12.13,12,2024-05-19,2024-05-30,Approved,Current
L007309,C03003,B007,Personal,23400,11.38,60,2024-04-26,2024-04-27,Approved,Current
L007310,C02510,B026,Personal,6400,12.5,60,2025-07-23,2025-07-29,Approved,Current
L007311,C02673,B025,Auto,0,11.6,72,2025-08-11,2025-08-25,Rejected,Current
L007312,C03443,B023,Education,83900,11.92,60,2023-09-23,2023-09-26,Approved,Default
L007313,C04159,B004,Personal,19800,13.93,72,2023-11-14,2023-11-21,Approved,Current
L007314,C04847,B022,Home,134900,13.62,60,2025-02-02,2025-02-17,Approved,Default
L007315,C04122,B012,Personal,20200,10.74,12,2024-08-22,2024-09-10,Approved,Current
L007316,C04097,B022,Home,0,14.77,60,2024-07-15,2024-07-22,Rejected,Current
L007317,C01938,B002,Personal,46200,10.08,48,2025-11-30,2025-12-03,Approved,Current
L007318,C00298,B028,Home,0,14.75,60,2025-12-06,2025-12-17,Rejected,Current
L007319,C02302,B030,Auto,24000,9.38,72,2024-05-03,2024-05-08,Approved,Current
L007320,C03939,B020,Education,12300,10.06,12,2024-11-12,2024-11-26,Approved,Current
L007321,C01595,B008,Business,80800,14.14,24,2025-07-06,2025-07-09,Approved,Current
L007322,C03366,B030,Business,86300,13.45,48,2023-09-24,2023-09-28,Approved,Current
L007323,C03216,B012,Personal,34700,10.04,36,2023-01-11,2023-01-16,Approved,Current
L007324,C04305,B001,Personal,10300,10.87,36,2023-01-14,2023-01-18,Approved,Default
L007325,C03298,B015,Auto,0,14.11,36,2024-04-25,2024-04-29,Rejected,Current
L007326,C01482,B008,Home,194000,10.99,60,2025-01-01,2025-01-03,Approved,Current
L007327,C04380,B007,Home,0,10.34,24,2023-12-09,2023-12-14,Rejected,Current
L007328,C03675,B023,Personal,0,14.89,48,2025-01-30,2025-02-02,Rejected,Current
L007329,C03183,B006,Home,0,11.1,48,2025-09-29,2025-10-13,Rejected,Current
L007330,C04446,B005,Personal,45400,11.48,48,2023-10-07,2023-10-11,Approved,Current
L007331,C03152,B014,Home,249800,15.04,12,2025-11-16,2025-12-02,Approved,Current
L007332,C03788,B022,Personal,19500,12.88,60,2023-10-18,2023-10-22,Approved,Current
L007333,C01774,B001,Business,8900,10.57,12,2025-10-09,2025-10-15,Approved,Current
L007334,C01352,B001,Personal,6300,12.21,48,2025-08-21,2025-09-09,Approved,Current
L007335,C01318,B029,Education,41800,14.51,36,2023-01-22,2023-02-08,Approved,Current
L007336,C04280,B011,Business,146100,10.15,36,2024-06-06,2024-06-10,Approved,Current
L007337,C02031,B019,Business,63200,13.57,60,2024-09-27,2024-10-09,Approved,Current
L007338,C00212,B005,Education,0,9.9,84,2024-03-30,2024-04-06,Rejected,Current
L007339,C01275,B014,Personal,17600,16.83,48,2025-05-22,2025-06-07,Approved,Current
L007340,C04263,B015,Auto,35100,12.09,60,2024-04-29,2024-05-13,Approved,Current
L007341,C03615,B009,Business,77400,12.57,36,2024-09-01,2024-09-14,Approved,Current
L007342,C03735,B005,Personal,0,16.39,48,2023-03-17,2023-03-28,Rejected,Current
L007343,C01186,B003,Auto,58800,12.42,24,2023-05-12,2023-05-23,Approved,Current
L007344,C00875,B029,Home,0,8.08,72,2023-07-13,2023-07-14,Rejected,Current
L007345,C04503,B021,Home,95900,11.95,48,2023-12-20,2023-12-28,Approved,Current
L007346,C03464,B014,Education,18100,12.17,36,2025-01-25,2025-02-07,Approved,Current
L007347,C02486,B011,Home,190000,17.08,48,2023-12-31,2024-01-04,Approved,Current
L007348,C04501,B028,Personal,21900,9.02,72,2024-12-23,2025-01-11,Approved,Current
L007349,C04371,B013,Education,0,15.9,60,2023-06-17,2023-07-07,Rejected,Current
L007350,C03399,B002,Personal,0,13.65,24,2023-06-28,2023-07-04,Rejected,Current
L007351,C04888,B016,Business,116000,12.21,60,2024-01-28,2024-01-31,Approved,Current
L007352,C00136,B006,Education,31800,11.85,36,2024-10-14,2024-10-23,Approved,Current
L007353,C00333,B011,Business,0,13.8,36,2023-09-14,2023-10-03,Rejected,Current
L007354,C01027,B027,Auto,32100,11.13,60,2023-11-28,2023-12-05,Approved,Current
L007355,C03234,B014,Auto,0,14.94,48,2023-05-18,2023-05-29,Rejected,Current
L007356,C01536,B010,Auto,0,12.94,12,2025-11-11,2025-11-26,Rejected,Current
L007357,C02125,B007,Home,168200,12.93,36,2023-09-29,2023-10-14,Approved,Current
L007358,C02233,B027,Personal,16400,14.21,72,2024-10-30,2024-11-16,Approved,Current
L007359,C03958,B001,Personal,37200,11.28,48,2025-04-04,2025-04-19,Approved,Current
L007360,C02618,B023,Auto,30500,9.6,72,2025-10-26,2025-11-07,Approved,Current
L007361,C00953,B027,Auto,26400,12.56,36,2023-04-01,2023-04-20,Approved,Current
L007362,C03370,B008,Auto,21300,11.14,60,2023-10-18,2023-10-21,Approved,Current
L007363,C03354,B002,Auto,40400,12.17,60,2023-11-11,2023-11-13,Approved,Current
L007364,C01987,B003,Business,71700,12.47,24,2024-01-19,2024-01-20,Approved,Current
L007365,C04568,B012,Auto,38400,10.89,12,2024-06-09,2024-06-13,Approved,Default
L007366,C03464,B003,Personal,0,12.41,60,2025-07-27,2025-08-03,Rejected,Current
L007367,C00165,B017,Home,0,12.58,48,2025-06-05,2025-06-17,Rejected,Current
L007368,C01992,B030,Personal,8400,12.61,12,2024-10-23,2024-11-09,Approved,Current
L007369,C02706,B025,Home,105000,11.78,36,2023-07-07,2023-07-10,Approved,Current
L007370,C01740,B008,Personal,0,14.88,48,2024-05-04,2024-05-21,Rejected,Current
L007371,C04260,B019,Business,54700,12.17,36,2023-03-26,2023-04-12,Approved,Current
L007372,C00104,B021,Personal,23100,11.39,24,2023-04-30,2023-05-10,Approved,Current
L007373,C04692,B004,Personal,58100,14.31,60,2023-11-21,2023-12-06,Approved,Current
L007374,C04216,B011,Business,71700,9.02,72,2025-01-21,2025-01-30,Approved,Current
L007375,C01128,B012,Personal,14600,10.66,48,2024-04-18,2024-05-05,Approved,Current
L007376,C00364,B025,Auto,23200,11.38,24,2024-12-03,2024-12-07,Approved,Current
L007377,C01570,B005,Education,0,11.86,48,2025-07-19,2025-07-28,Rejected,Current
L007378,C00369,B027,Auto,40500,13.77,36,2025-10-14,2025-10-20,Approved,Current
L007379,C03950,B028,Auto,31700,11.76,48,2025-05-05,2025-05-20,Approved,Current
L007380,C03758,B002,Business,0,10.58,12,2023-01-26,2023-02-07,Rejected,Current
L007381,C03398,B030,Personal,10600,10.8,72,2024-09-28,2024-10-06,Approved,Current
L007382,C04231,B011,Auto,35200,9.88,12,2023-10-02,2023-10-11,Approved,Current
L007383,C02093,B018,Home,209200,12.05,48,2025-07-24,2025-08-02,Approved,Current
L007384,C01516,B015,Personal,0,9.98,60,2025-04-10,2025-04-28,Rejected,Current
L007385,C00595,B017,Personal,25900,8.97,60,2025-03-17,2025-03-19,Approved,Current
L007386,C01446,B021,Auto,0,11.93,36,2024-09-10,2024-09-30,Rejected,Current
L007387,C03623,B005,Business,0,12.28,48,2025-06-26,2025-07-06,Rejected,Current
L007388,C00766,B019,Business,108900,12.64,48,2025-07-28,2025-08-01,Approved,Current
L007389,C03217,B005,Home,0,16.47,24,2025-04-27,2025-05-03,Rejected,Current
L007390,C01341,B008,Home,132600,14.19,36,2024-03-07,2024-03-19,Approved,Current
L007391,C01587,B019,Auto,46900,14.15,24,2024-11-03,2024-11-16,Approved,Current
L007392,C03651,B012,Business,50800,12.87,12,2024-04-07,2024-04-24,Approved,Current
L007393,C04632,B004,Personal,0,15.59,12,2023-09-13,2023-10-03,Rejected,Current
L007394,C00634,B028,Personal,0,12.7,48,2025-10-26,2025-11-15,Rejected,Current
L007395,C04757,B014,Home,0,13.5,60,2025-05-22,2025-05-28,Rejected,Current
L007396,C00459,B016,Home,161000,14.01,84,2024-10-18,2024-11-02,Approved,Current
L007397,C02473,B003,Auto,49400,13.21,48,2024-05-18,2024-05-26,Approved,Current
L007398,C01681,B006,Home,147500,14.63,36,2025-02-08,2025-02-12,Approved,Current
L007399,C04851,B023,Personal,14700,14.73,36,2024-08-14,2024-08-18,Approved,Default
L007400,C01894,B023,Personal,40000,11.37,60,2023-04-21,2023-04-24,Approved,Current
L007401,C02116,B002,Education,21600,11.29,12,2025-02-01,2025-02-17,Approved,Current
L007402,C00509,B023,Personal,19400,10.37,36,2025-05-26,2025-06-03,Approved,Current
L007403,C00736,B001,Personal,11800,13.9,60,2023-02-17,2023-02-23,Approved,Current
L007404,C02752,B010,Auto,36900,12.9,48,2024-12-21,2025-01-10,Approved,Current
L007405,C02172,B026,Auto,44000,10.18,48,2023-03-11,2023-03-24,Approved,Current
L007406,C02844,B013,Auto,80700,13.64,84,2023-12-27,2024-01-12,Approved,Current
L007407,C00292,B002,Home,110500,13.38,36,2025-05-07,2025-05-25,Approved,Current
L007408,C04517,B027,Education,12600,13.33,48,2023-01-01,2023-01-10,Approved,Current
L007409,C01919,B029,Personal,15500,10.32,84,2025-03-24,2025-03-26,Approved,Current
L007410,C00812,B030,Home,131800,12.76,60,2025-09-26,2025-10-02,Approved,Current
L007411,C02098,B029,Auto,31700,12.16,48,2025-03-25,2025-04-08,Approved,Current
L007412,C02010,B018,Personal,24000,10.66,36,2025-02-22,2025-03-11,Approved,Current
L007413,C04279,B024,Home,643000,10.48,84,2025-12-05,2025-12-20,Approved,Current
L007414,C04343,B003,Business,74100,15.08,36,2023-03-21,2023-04-10,Approved,Default
L007415,C00650,B005,Home,0,10.37,24,2024-02-27,2024-03-03,Rejected,Current
L007416,C02598,B004,Business,83300,10.6,72,2024-04-21,2024-04-23,Approved,Current
L007417,C00561,B005,Auto,38800,15.68,36,2023-12-29,2024-01-10,Approved,Current
L007418,C00770,B007,Business,55700,8.49,48,2023-11-29,2023-12-04,Approved,Current
L007419,C04652,B015,Business,0,13.17,60,2024-08-06,2024-08-07,Rejected,Current
L007420,C00504,B014,Auto,34500,11.36,36,2024-04-24,2024-04-26,Approved,Current
L007421,C00628,B009,Auto,36900,13.66,48,2025-10-01,2025-10-02,Approved,Current
L007422,C03385,B014,Auto,49500,11.05,24,2024-11-11,2024-11-22,Approved,Current
L007423,C03863,B018,Auto,30600,10.51,72,2023-09-24,2023-09-26,Approved,Current
L007424,C03360,B008,Auto,43200,14.76,48,2025-09-29,2025-10-10,Approved,Current
L007425,C04257,B012,Personal,6700,12.12,72,2024-07-12,2024-07-14,Approved,Current
L007426,C02175,B010,Business,56000,10.61,36,2025-06-13,2025-06-20,Approved,Current
L007427,C03528,B022,Home,0,14.2,60,2023-03-19,2023-03-26,Rejected,Current
L007428,C02538,B024,Home,0,13.78,36,2025-05-21,2025-05-28,Rejected,Current
L007429,C02287,B024,Personal,18100,9.76,36,2025-03-28,2025-03-30,Approved,Current
L007430,C02224,B009,Auto,26500,13.57,36,2025-05-14,2025-05-30,Approved,Current
L007431,C02258,B022,Education,21800,11.77,48,2023-12-27,2023-12-30,Approved,Current
L007432,C03581,B023,Business,154500,11.29,48,2023-03-02,2023-03-04,Approved,Current
L007433,C01996,B002,Auto,0,11.57,36,2023-01-07,2023-01-12,Rejected,Current
L007434,C00634,B016,Auto,17600,11.71,12,2025-04-26,2025-04-29,Approved,Current
L007435,C00501,B012,Home,132800,11.84,60,2024-06-04,2024-06-10,Approved,Current
L007436,C01564,B017,Personal,0,15.86,48,2023-08-01,2023-08-06,Rejected,Current
L007437,C04076,B004,Home,206500,11.98,36,2023-08-19,2023-09-06,Approved,Current
L007438,C01175,B017,Home,0,11.83,12,2025-04-06,2025-04-14,Rejected,Current
L007439,C01599,B025,Education,44600,10.3,24,2024-10-29,2024-11-11,Approved,Default
L007440,C02159,B029,Home,149400,13.68,48,2023-12-30,2024-01-01,Approved,Current
L007441,C03714,B030,Auto,70500,14.24,48,2023-01-15,2023-01-28,Approved,Current
L007442,C01985,B004,Education,64500,11.15,36,2023-03-29,2023-04-15,Approved,Current
L007443,C00520,B001,Home,69300,11.18,48,2025-01-20,2025-01-26,Approved,Current
L007444,C01918,B001,Personal,18300,13.47,60,2023-08-15,2023-08-17,Approved,Current
L007445,C01329,B027,Home,0,12.68,60,2024-02-25,2024-03-16,Rejected,Current
L007446,C00933,B014,Home,160300,10.27,72,2023-01-02,2023-01-14,Approved,Current
L007447,C01542,B004,Auto,20400,14.51,60,2024-03-06,2024-03-22,Approved,Current
L007448,C00408,B003,Personal,10700,10.27,24,2024-09-27,2024-10-01,Approved,Current
L007449,C01532,B001,Auto,0,15.22,24,2025-07-12,2025-07-28,Rejected,Current
L007450,C00624,B019,Business,50000,14.06,36,2024-08-02,2024-08-15,Approved,Current
L007451,C02767,B024,Home,194700,11.16,36,2023-05-27,2023-06-10,Approved,Current
L007452,C04648,B018,Personal,0,13.64,60,2025-03-09,2025-03-18,Rejected,Current
L007453,C02828,B022,Auto,0,14.42,60,2025-11-18,2025-11-30,Rejected,Current
L007454,C04416,B012,Home,188100,12.97,48,2025-04-17,2025-05-01,Approved,Current
L007455,C00667,B004,Home,278700,9.08,60,2025-01-15,2025-01-26,Approved,Current
L007456,C00628,B002,Auto,35600,11.49,72,2025-12-13,2025-12-23,Approved,Default
L007457,C03109,B014,Home,160900,9.68,48,2025-02-09,2025-02-16,Approved,Current
L007458,C03277,B002,Education,29100,14.85,36,2023-03-17,2023-03-23,Approved,Current
L007459,C01785,B027,Home,423900,15.32,48,2023-10-19,2023-11-05,Approved,Current
L007460,C01134,B024,Home,0,12.55,24,2025-08-29,2025-09-11,Rejected,Current
L007461,C01510,B010,Business,23400,8.94,24,2024-09-20,2024-10-05,Approved,Current
L007462,C03390,B001,Personal,11700,14.87,36,2023-02-10,2023-02-14,Approved,Current
L007463,C01859,B026,Personal,9300,13.91,72,2024-03-21,2024-03-24,Approved,Current
L007464,C01616,B027,Education,47700,13.28,72,2023-04-17,2023-04-28,Approved,Current
L007465,C03854,B013,Personal,0,13.57,60,2024-01-28,2024-02-17,Rejected,Current
L007466,C04706,B024,Personal,28400,8.09,60,2023-02-10,2023-03-02,Approved,Current
L007467,C04575,B028,Home,0,15.77,72,2025-07-11,2025-07-13,Rejected,Current
L007468,C04684,B002,Personal,18100,9.94,72,2025-10-24,2025-11-04,Approved,Current
L007469,C03866,B030,Auto,35000,10.59,60,2023-01-10,2023-01-14,Approved,Current
L007470,C04689,B005,Home,0,13.87,36,2024-07-14,2024-07-31,Rejected,Current
L007471,C02412,B002,Auto,0,12.26,24,2025-07-03,2025-07-20,Rejected,Current
L007472,C00309,B001,Personal,0,9.25,12,2023-02-17,2023-03-06,Rejected,Current
L007473,C04363,B028,Education,0,11.82,60,2024-05-03,2024-05-16,Rejected,Current
L007474,C01833,B020,Personal,0,13.94,36,2024-03-25,2024-04-07,Rejected,Current
L007475,C04782,B013,Auto,0,14.64,12,2025-02-25,2025-03-16,Rejected,Current
L007476,C02308,B018,Education,22700,13.67,36,2024-12-12,2024-12-15,Approved,Current
L007477,C02001,B008,Home,0,17.42,48,2024-12-30,2025-01-09,Rejected,Current
L007478,C00667,B001,Personal,10700,11.08,60,2024-09-29,2024-10-15,Approved,Current
L007479,C01685,B009,Personal,12100,14.88,36,2023-08-16,2023-09-05,Approved,Current
L007480,C03077,B006,Education,24100,10.43,60,2023-09-24,2023-09-25,Approved,Current
L007481,C00446,B019,Business,50500,12.01,12,2024-03-20,2024-04-09,Approved,Current
L007482,C04384,B008,Education,0,12.28,84,2024-04-22,2024-04-27,Rejected,Current
L007483,C01082,B008,Auto,59800,11.24,84,2024-08-07,2024-08-08,Approved,Current
L007484,C03144,B019,Home,264700,13.79,48,2023-01-30,2023-02-15,Approved,Current
L007485,C04890,B024,Personal,14300,13.34,60,2025-10-28,2025-11-08,Approved,Default
L007486,C03752,B017,Education,43500,13.38,60,2025-07-10,2025-07-14,Approved,Current
L007487,C04871,B025,Home,581400,12.34,84,2023-01-05,2023-01-10,Approved,Current
L007488,C04373,B029,Home,0,14.05,48,2023-11-21,2023-12-07,Rejected,Current
L007489,C01546,B019,Auto,69900,11.76,60,2025-01-19,2025-01-31,Approved,Current
L007490,C03646,B026,Personal,28800,13.32,24,2023-06-01,2023-06-13,Approved,Current
L007491,C04832,B026,Home,157300,12.22,24,2024-01-16,2024-01-20,Approved,Current
L007492,C03208,B007,Auto,35700,11.6,60,2025-09-11,2025-09-28,Approved,Current
L007493,C02784,B008,Personal,24000,12.91,72,2025-07-01,2025-07-10,Approved,Current
L007494,C00114,B019,Personal,11900,12.0,48,2024-08-13,2024-08-19,Approved,Current
L007495,C00772,B002,Home,44000,8.72,48,2024-08-04,2024-08-12,Approved,Current
L007496,C01013,B021,Auto,0,14.65,48,2024-07-05,2024-07-13,Rejected,Current
L007497,C03684,B008,Personal,0,12.65,72,2025-11-16,2025-11-24,Rejected,Current
L007498,C03251,B014,Personal,0,13.89,60,2023-01-05,2023-01-13,Rejected,Current
L007499,C01253,B002,Education,10900,10.8,60,2024-03-20,2024-04-04,Approved,Current
L007500,C03103,B021,Personal,29200,9.99,24,2025-08-14,2025-08-28,Approved,Current
L007501,C04204,B018,Personal,9400,11.79,60,2023-09-10,2023-09-16,Approved,Current
L007502,C04378,B016,Home,249500,12.86,60,2025-04-13,2025-04-23,Approved,Current
L007503,C02669,B028,Personal,0,13.97,24,2025-09-14,2025-09-22,Rejected,Current
L007504,C02577,B008,Auto,47100,13.89,48,2024-10-08,2024-10-18,Approved,Current
L007505,C04091,B018,Business,34000,13.55,24,2025-07-22,2025-07-30,Approved,Current
L007506,C01428,B007,Home,343000,12.86,36,2023-06-28,2023-07-01,Approved,Current
L007507,C03242,B010,Business,119700,13.44,60,2023-09-14,2023-09-18,Approved,Current
L007508,C00878,B019,Education,43600,8.5,36,2025-01-26,2025-02-06,Approved,Current
L007509,C01199,B030,Personal,0,13.07,24,2024-11-19,2024-12-02,Rejected,Current
L007510,C00454,B010,Home,0,14.06,60,2024-06-15,2024-06-18,Rejected,Current
L007511,C04605,B016,Auto,16700,11.47,60,2023-12-21,2023-12-26,Approved,Current
L007512,C01264,B021,Home,0,14.69,24,2024-07-07,2024-07-19,Rejected,Current
L007513,C02144,B029,Auto,14000,15.57,72,2024-08-17,2024-08-29,Approved,Current
L007514,C03586,B013,Auto,0,13.28,60,2025-02-22,2025-03-12,Rejected,Current
L007515,C04187,B005,Home,140300,15.7,60,2024-11-18,2024-11-30,Approved,Current
L007516,C04329,B020,Personal,18100,11.13,24,2025-09-18,2025-10-06,Approved,Current
L007517,C04755,B022,Personal,7800,13.11,72,2025-01-17,2025-01-27,Approved,Current
L007518,C03059,B017,Home,85900,11.59,48,2024-12-13,2024-12-20,Approved,Current
L007519,C02857,B027,Personal,0,12.43,48,2024-10-24,2024-10-27,Rejected,Current
L007520,C00912,B011,Business,84100,10.29,48,2025-03-08,2025-03-13,Approved,Current
L007521,C02772,B024,Home,146400,14.03,48,2024-03-20,2024-04-01,Approved,Current
L007522,C01468,B001,Auto,71100,11.95,60,2023-04-06,2023-04-20,Approved,Current
L007523,C00441,B013,Home,0,13.14,24,2023-12-10,2023-12-23,Rejected,Current
L007524,C00996,B001,Business,118100,15.31,48,2024-12-15,2024-12-24,Approved,Current
L007525,C02112,B007,Business,77000,12.17,60,2023-09-01,2023-09-11,Approved,Current
L007526,C04101,B006,Business,44200,9.29,24,2024-06-21,2024-06-22,Approved,Current
L007527,C03730,B013,Home,184600,11.3,48,2023-10-03,2023-10-09,Approved,Current
L007528,C03469,B022,Personal,48600,9.84,48,2024-11-04,2024-11-10,Approved,Current
L007529,C04713,B014,Home,209300,11.96,36,2024-02-01,2024-02-03,Approved,Default
L007530,C03840,B008,Home,341200,9.69,36,2024-08-24,2024-09-09,Approved,Current
L007531,C04461,B003,Education,55400,12.5,24,2023-02-10,2023-02-15,Approved,Current
L007532,C02839,B005,Auto,43500,11.58,60,2025-09-01,2025-09-15,Approved,Current
L007533,C04721,B016,Auto,36100,13.23,24,2024-08-25,2024-09-10,Approved,Current
L007534,C04603,B012,Business,55200,8.2,60,2024-06-17,2024-06-26,Approved,Current
L007535,C00523,B008,Auto,0,11.5,72,2024-10-11,2024-10-22,Rejected,Current
L007536,C00706,B029,Auto,0,12.44,36,2025-12-09,2025-12-25,Rejected,Current
L007537,C01760,B020,Personal,21600,9.45,36,2023-09-29,2023-10-19,Approved,Current
L007538,C00250,B030,Personal,8300,13.2,24,2024-05-10,2024-05-22,Approved,Current
L007539,C04997,B023,Auto,0,13.03,48,2025-08-21,2025-09-05,Rejected,Current
L007540,C04345,B004,Business,118600,14.64,84,2023-11-19,2023-11-24,Approved,Current
L007541,C01375,B025,Home,125700,11.21,36,2023-07-12,2023-07-29,Approved,Current
L007542,C01827,B017,Home,0,13.3,24,2024-05-22,2024-05-30,Rejected,Current
L007543,C02131,B023,Home,119700,12.09,60,2025-09-30,2025-10-01,Approved,Current
L007544,C03479,B026,Home,159300,8.68,72,2023-07-06,2023-07-08,Approved,Current
L007545,C01104,B025,Personal,4900,12.13,72,2025-05-19,2025-05-20,Approved,Current
L007546,C03994,B005,Business,0,13.26,36,2023-10-14,2023-11-03,Rejected,Current
L007547,C00259,B010,Home,312400,12.55,60,2024-04-16,2024-04-25,Approved,Current
L007548,C04218,B004,Home,221100,12.82,48,2023-03-29,2023-03-30,Approved,Current
L007549,C01148,B025,Personal,22700,12.45,60,2024-03-11,2024-03-14,Approved,Current
L007550,C00905,B007,Auto,11700,11.91,60,2023-05-18,2023-06-03,Approved,Current
L007551,C02140,B002,Personal,14300,9.78,24,2025-05-28,2025-06-08,Approved,Current
L007552,C03179,B009,Home,173600,12.71,36,2025-07-14,2025-07-21,Approved,Current
L007553,C04148,B021,Home,0,10.2,60,2023-04-27,2023-05-17,Rejected,Current
L007554,C04390,B019,Home,340800,13.25,60,2025-04-26,2025-05-09,Approved,Current
L007555,C02348,B007,Personal,0,12.92,24,2025-08-16,2025-08-22,Rejected,Current
L007556,C01592,B002,Business,0,11.8,48,2025-05-05,2025-05-17,Rejected,Current
L007557,C02242,B025,Home,135800,9.71,72,2024-01-17,2024-01-23,Approved,Current
L007558,C03629,B026,Auto,69600,15.1,60,2025-11-09,2025-11-11,Approved,Current
L007559,C00855,B027,Auto,0,13.86,48,2025-11-18,2025-11-19,Rejected,Current
L007560,C00751,B001,Auto,17600,12.38,36,2024-12-06,2024-12-13,Approved,Current
L007561,C04050,B010,Auto,28600,10.75,36,2025-04-01,2025-04-20,Approved,Current
L007562,C02368,B021,Business,199500,12.91,60,2023-10-13,2023-10-27,Approved,Current
L007563,C00239,B025,Business,57800,13.65,60,2025-01-19,2025-01-23,Approved,Current
L007564,C02696,B021,Home,146100,9.86,60,2025-12-10,2025-12-26,Approved,Current
L007565,C04637,B023,Auto,19900,12.49,36,2025-05-18,2025-06-01,Approved,Current
L007566,C01317,B030,Personal,30500,11.94,48,2024-10-11,2024-10-29,Approved,Current
L007567,C02305,B018,Personal,21100,14.04,12,2024-09-24,2024-10-01,Approved,Current
L007568,C00108,B006,Home,0,10.5,60,2024-07-19,2024-07-23,Rejected,Current
L007569,C01605,B017,Education,0,12.65,60,2023-11-21,2023-11-22,Rejected,Current
L007570,C01909,B030,Auto,0,14.95,12,2025-04-26,2025-05-15,Rejected,Current
L007571,C02231,B014,Auto,21100,10.07,36,2023-01-23,2023-02-10,Approved,Current
L007572,C03778,B017,Personal,0,10.78,60,2023-08-11,2023-08-18,Rejected,Current
L007573,C00367,B015,Home,192100,9.65,48,2025-04-18,2025-05-04,Approved,Current
L007574,C04927,B008,Home,244300,7.9,48,2025-02-26,2025-03-15,Approved,Current
L007575,C02910,B017,Business,0,12.97,24,2023-02-08,2023-02-27,Rejected,Current
L007576,C03595,B021,Personal,12300,13.32,60,2025-02-09,2025-02-10,Approved,Current
L007577,C02922,B019,Home,0,12.97,60,2025-07-15,2025-07-31,Rejected,Current
L007578,C04269,B005,Education,37800,11.39,48,2024-01-20,2024-02-09,Approved,Current
L007579,C01741,B019,Business,113000,8.63,12,2025-10-06,2025-10-13,Approved,Current
L007580,C02819,B029,Business,29200,13.92,60,2024-12-05,2024-12-12,Approved,Current
L007581,C01354,B006,Home,0,14.3,12,2024-08-04,2024-08-19,Rejected,Current
L007582,C00452,B001,Education,0,8.0,60,2023-04-18,2023-04-20,Rejected,Current
L007583,C04567,B028,Business,86900,10.16,72,2025-02-09,2025-02-22,Approved,Current
L007584,C04417,B008,Business,0,12.38,48,2023-09-15,2023-09-17,Rejected,Current
L007585,C04537,B029,Education,0,14.77,60,2025-02-02,2025-02-19,Rejected,Current
L007586,C02447,B001,Education,17200,9.25,36,2023-12-18,2023-12-20,Approved,Current
L007587,C02236,B007,Personal,6000,15.2,36,2023-10-03,2023-10-18,Approved,Current
L007588,C03510,B003,Personal,0,14.33,48,2023-10-10,2023-10-24,Rejected,Current
L007589,C00885,B008,Auto,13300,8.3,48,2025-02-25,2025-03-13,Approved,Current
L007590,C03520,B007,Auto,31000,14.02,60,2023-11-15,2023-11-26,Approved,Current
L007591,C00743,B013,Home,0,18.65,60,2024-12-25,2025-01-06,Rejected,Current
L007592,C02040,B027,Auto,47800,12.48,72,2024-04-12,2024-04-21,Approved,Current
L007593,C02563,B021,Personal,7200,11.93,72,2024-01-10,2024-01-17,Approved,Current
L007594,C01261,B017,Personal,0,12.23,48,2023-05-30,2023-06-10,Rejected,Current
L007595,C04277,B025,Home,293100,14.41,60,2024-10-13,2024-11-01,Approved,Current
L007596,C04506,B003,Personal,10000,11.97,48,2024-09-06,2024-09-10,Approved,Current
L007597,C02335,B016,Auto,30400,10.84,72,2024-12-14,2024-12-19,Approved,Current
L007598,C00386,B023,Education,0,13.63,12,2023-08-28,2023-08-30,Rejected,Current
L007599,C00603,B011,Auto,44000,10.58,60,2024-09-02,2024-09-18,Approved,Current
L007600,C00443,B021,Auto,86100,10.5,48,2023-08-24,2023-09-02,Approved,Current
L007601,C03308,B002,Personal,0,9.8,12,2023-08-17,2023-09-01,Rejected,Current
L007602,C02633,B023,Home,0,13.81,60,2025-07-01,2025-07-15,Rejected,Current
L007603,C03968,B013,Business,0,13.6,36,2025-01-25,2025-02-10,Rejected,Current
L007604,C03302,B010,Auto,0,15.4,48,2024-12-31,2025-01-06,Rejected,Current
L007605,C02302,B014,Personal,24000,10.45,60,2023-11-04,2023-11-05,Approved,Current
L007606,C04451,B023,Business,0,11.07,36,2025-12-15,2026-01-02,Rejected,Current
L007607,C03567,B028,Education,40100,10.9,36,2023-05-07,2023-05-22,Approved,Current
L007608,C02477,B009,Personal,18800,13.88,36,2025-07-10,2025-07-30,Approved,Current
L007609,C04571,B019,Personal,0,16.8,60,2025-01-05,2025-01-17,Rejected,Current
L007610,C04011,B003,Home,95000,15.31,84,2023-01-29,2023-02-06,Approved,Current
L007611,C02390,B022,Personal,11800,10.59,36,2023-07-06,2023-07-15,Approved,Current
L007612,C01831,B023,Business,0,10.58,60,2023-05-29,2023-05-30,Rejected,Current
L007613,C04074,B019,Education,23100,13.08,36,2023-01-04,2023-01-20,Approved,Current
L007614,C03415,B012,Auto,33800,14.68,72,2024-11-13,2024-11-27,Approved,Current
L007615,C04830,B023,Business,0,12.97,72,2023-03-24,2023-04-05,Rejected,Current
L007616,C02267,B014,Auto,36000,13.05,24,2025-09-11,2025-09-26,Approved,Current
L007617,C00596,B004,Home,0,14.22,60,2025-07-07,2025-07-15,Rejected,Current
L007618,C00191,B016,Auto,25500,14.15,72,2025-09-24,2025-09-28,Approved,Default
L007619,C03463,B010,Business,0,11.88,48,2024-04-20,2024-04-25,Rejected,Current
L007620,C00644,B003,Business,177700,13.31,36,2023-11-27,2023-12-11,Approved,Current
L007621,C04190,B010,Personal,22600,14.58,72,2023-12-15,2023-12-22,Approved,Current
L007622,C01119,B022,Home,137100,9.19,36,2024-04-12,2024-04-27,Approved,Current
L007623,C03768,B004,Home,311400,9.84,36,2025-02-15,2025-03-06,Approved,Current
L007624,C01668,B015,Business,123900,11.91,72,2024-11-17,2024-12-01,Approved,Current
L007625,C01106,B020,Home,0,12.73,60,2023-06-18,2023-06-25,Rejected,Current
L007626,C04436,B025,Home,430400,11.5,24,2024-12-31,2025-01-06,Approved,Current
L007627,C02856,B003,Auto,0,11.08,60,2023-09-11,2023-09-13,Rejected,Current
L007628,C02160,B017,Home,439700,12.31,72,2023-06-10,2023-06-19,Approved,Current
L007629,C04399,B012,Personal,16600,13.39,24,2025-04-25,2025-05-13,Approved,Current
L007630,C04147,B026,Business,0,12.99,36,2023-01-27,2023-02-11,Rejected,Current
L007631,C00806,B005,Personal,33900,11.82,60,2023-11-02,2023-11-17,Approved,Default
L007632,C00701,B028,Personal,10500,12.62,24,2024-07-24,2024-08-03,Approved,Current
L007633,C03792,B017,Personal,50900,12.38,72,2023-12-22,2023-12-25,Approved,Current
L007634,C04757,B008,Personal,0,13.03,48,2025-09-13,2025-09-17,Rejected,Current
L007635,C01801,B014,Home,194100,12.8,48,2024-11-29,2024-12-01,Approved,Current
L007636,C01908,B027,Auto,0,13.9,12,2024-11-26,2024-12-03,Rejected,Current
L007637,C01137,B015,Home,266300,13.17,48,2025-10-14,2025-10-15,Approved,Current
L007638,C04132,B030,Personal,8900,15.61,24,2023-11-24,2023-12-06,Approved,Current
L007639,C00623,B008,Personal,0,13.05,60,2024-04-13,2024-04-18,Rejected,Current
L007640,C02897,B023,Home,216500,11.73,36,2024-12-28,2025-01-13,Approved,Default
L007641,C04969,B017,Auto,0,16.98,36,2024-10-18,2024-10-21,Rejected,Current
L007642,C01416,B025,Home,0,14.44,60,2024-01-13,2024-01-24,Rejected,Current
L007643,C02063,B020,Personal,21300,12.62,60,2024-01-07,2024-01-22,Approved,Current
L007644,C02688,B013,Personal,9000,14.06,60,2025-02-06,2025-02-11,Approved,Current
L007645,C04263,B006,Personal,13300,11.99,24,2023-11-22,2023-11-28,Approved,Current
L007646,C01689,B001,Personal,27100,12.36,36,2024-04-11,2024-04-15,Approved,Current
L007647,C04159,B014,Auto,0,12.06,24,2025-10-21,2025-11-02,Rejected,Current
L007648,C00203,B027,Home,85100,10.94,72,2024-11-08,2024-11-18,Approved,Current
L007649,C01539,B010,Personal,14700,9.93,36,2024-06-21,2024-06-30,Approved,Current
L007650,C01125,B018,Home,308000,13.64,24,2023-10-08,2023-10-09,Approved,Current
L007651,C00895,B018,Home,0,12.25,36,2024-09-19,2024-09-29,Rejected,Current
L007652,C01556,B006,Home,238400,12.13,12,2024-05-11,2024-05-17,Approved,Current
L007653,C02451,B017,Personal,0,13.14,60,2023-02-27,2023-03-13,Rejected,Current
L007654,C00787,B004,Business,87900,14.09,36,2024-03-04,2024-03-15,Approved,Current
L007655,C00976,B017,Auto,22300,11.85,36,2023-01-22,2023-02-05,Approved,Current
L007656,C04930,B026,Home,293600,15.39,72,2023-09-26,2023-10-07,Approved,Current
L007657,C04289,B002,Home,92800,14.58,24,2024-08-31,2024-09-02,Approved,Current
L007658,C02947,B004,Personal,0,12.12,36,2023-02-24,2023-03-11,Rejected,Current
L007659,C02200,B025,Business,178400,10.66,48,2024-07-21,2024-07-31,Approved,Current
L007660,C03878,B017,Auto,21000,13.64,84,2024-02-14,2024-02-25,Approved,Current
L007661,C04482,B025,Personal,0,11.15,72,2024-05-04,2024-05-12,Rejected,Current
L007662,C03280,B024,Home,0,13.21,48,2023-04-26,2023-05-04,Rejected,Current
L007663,C03037,B029,Education,40400,11.99,60,2023-03-25,2023-03-30,Approved,Current
L007664,C04076,B027,Home,277000,12.87,48,2023-10-21,2023-11-04,Approved,Current
L007665,C04268,B028,Home,153100,14.81,48,2025-08-27,2025-09-12,Approved,Current
L007666,C00337,B015,Auto,15900,11.6,36,2024-04-11,2024-04-24,Approved,Current
L007667,C03668,B004,Personal,16600,11.7,48,2024-04-09,2024-04-16,Approved,Current
L007668,C02940,B027,Home,353700,13.01,60,2023-04-18,2023-04-23,Approved,Default
L007669,C00605,B001,Auto,15900,10.15,60,2024-07-18,2024-08-02,Approved,Current
L007670,C02537,B020,Business,170000,11.37,48,2024-01-18,2024-01-29,Approved,Current
L007671,C00666,B021,Auto,12600,11.52,72,2025-03-01,2025-03-18,Approved,Current
L007672,C02918,B008,Home,99000,11.06,60,2023-06-09,2023-06-17,Approved,Current
L007673,C01233,B009,Business,100900,11.04,60,2023-08-18,2023-08-28,Approved,Current
L007674,C03788,B010,Business,160000,13.07,60,2024-06-15,2024-06-21,Approved,Current
L007675,C00352,B012,Home,415600,12.36,60,2024-01-25,2024-02-04,Approved,Current
L007676,C01762,B007,Personal,31100,9.13,12,2025-10-23,2025-11-11,Approved,Current
L007677,C02896,B005,Business,223100,13.87,72,2023-11-25,2023-12-02,Approved,Current
L007678,C03767,B029,Personal,0,13.23,72,2023-02-02,2023-02-22,Rejected,Current
L007679,C04571,B029,Personal,0,13.88,60,2025-07-20,2025-07-25,Rejected,Current
L007680,C02525,B026,Home,354800,9.46,60,2025-04-11,2025-04-24,Approved,Current
L007681,C01150,B022,Home,391600,15.26,60,2024-01-31,2024-02-03,Approved,Current
L007682,C04539,B008,Business,0,15.53,24,2024-12-02,2024-12-18,Rejected,Current
L007683,C04351,B027,Home,259100,9.06,12,2023-10-09,2023-10-15,Approved,Current
L007684,C00070,B018,Personal,38700,13.54,36,2025-03-15,2025-03-23,Approved,Current
L007685,C00578,B013,Auto,0,13.85,48,2023-05-19,2023-06-04,Rejected,Current
L007686,C04591,B009,Auto,31600,12.11,36,2024-03-28,2024-04-14,Approved,Current
L007687,C04085,B005,Business,141600,10.05,72,2024-08-26,2024-09-05,Approved,Current
L007688,C04877,B010,Home,0,14.13,84,2023-12-16,2024-01-02,Rejected,Current
L007689,C02451,B007,Personal,0,12.01,60,2024-06-14,2024-06-24,Rejected,Current
L007690,C04947,B016,Auto,29800,13.59,48,2023-04-19,2023-04-26,Approved,Current
L007691,C00129,B002,Personal,29700,12.6,24,2024-12-23,2025-01-03,Approved,Current
L007692,C01507,B010,Personal,0,12.48,72,2024-05-13,2024-05-16,Rejected,Current
L007693,C04089,B024,Business,0,12.75,60,2023-02-26,2023-03-06,Rejected,Current
L007694,C01649,B010,Home,122400,13.28,24,2024-09-25,2024-09-28,Approved,Current
L007695,C03168,B013,Home,366000,11.08,12,2023-09-11,2023-09-24,Approved,Current
L007696,C02549,B026,Auto,16500,12.02,72,2025-04-28,2025-05-04,Approved,Current
L007697,C01480,B002,Home,109200,11.94,60,2023-05-25,2023-06-11,Approved,Default
L007698,C01803,B005,Personal,0,13.15,72,2025-02-21,2025-02-23,Rejected,Current
L007699,C00008,B004,Personal,4500,8.9,36,2025-08-23,2025-08-30,Approved,Current
L007700,C00220,B030,Personal,0,13.1,60,2023-06-17,2023-06-23,Rejected,Current
L007701,C00725,B029,Education,0,14.34,72,2023-05-19,2023-05-20,Rejected,Current
L007702,C04198,B022,Auto,74600,13.15,36,2024-01-13,2024-01-23,Approved,Current
L007703,C02050,B025,Home,499000,12.64,48,2023-09-26,2023-10-16,Approved,Current
L007704,C03786,B011,Personal,0,12.56,48,2023-12-03,2023-12-04,Rejected,Current
L007705,C03913,B014,Personal,37800,13.33,12,2025-11-17,2025-12-01,Approved,Current
L007706,C02743,B023,Business,53000,12.32,60,2024-04-10,2024-04-13,Approved,Current
L007707,C00771,B020,Education,0,14.14,72,2025-08-01,2025-08-10,Rejected,Current
L007708,C04930,B024,Personal,0,13.77,36,2025-11-05,2025-11-12,Rejected,Current
L007709,C00740,B015,Education,41100,13.24,60,2025-07-04,2025-07-12,Approved,Current
L007710,C04296,B025,Home,300600,13.04,48,2023-08-19,2023-08-26,Approved,Default
L007711,C04122,B005,Personal,16500,11.18,36,2024-08-25,2024-09-04,Approved,Current
L007712,C02018,B012,Personal,24300,13.33,24,2023-12-19,2024-01-03,Approved,Default
L007713,C04198,B025,Business,159700,12.72,48,2024-05-28,2024-06-16,Approved,Current
L007714,C00197,B023,Home,0,9.9,36,2023-07-24,2023-07-26,Rejected,Current
L007715,C00510,B024,Business,383900,15.79,60,2024-01-19,2024-02-08,Approved,Current
L007716,C01996,B021,Personal,16700,10.35,48,2023-11-21,2023-12-01,Approved,Current
L007717,C01015,B017,Auto,79600,10.34,48,2023-03-11,2023-03-15,Approved,Current
L007718,C03102,B002,Personal,33800,12.06,60,2024-07-15,2024-07-30,Approved,Current
L007719,C00923,B024,Personal,0,12.1,72,2023-06-25,2023-07-01,Rejected,Current
L007720,C02347,B002,Personal,40900,9.95,24,2024-05-25,2024-05-28,Approved,Current
L007721,C03205,B027,Business,171500,11.41,60,2024-12-21,2025-01-02,Approved,Current
L007722,C01792,B022,Auto,34100,12.2,84,2024-01-28,2024-01-29,Approved,Current
L007723,C01556,B017,Personal,22000,11.81,60,2023-09-02,2023-09-11,Approved,Current
L007724,C00021,B021,Home,242600,10.89,24,2025-07-24,2025-08-02,Approved,Current
L007725,C01923,B025,Business,202400,10.57,72,2023-05-10,2023-05-16,Approved,Current
L007726,C01065,B001,Personal,14300,11.46,60,2024-08-07,2024-08-10,Approved,Current
L007727,C01984,B026,Education,67000,13.57,72,2024-08-31,2024-09-09,Approved,Current
L007728,C01900,B029,Education,15400,10.74,48,2025-11-08,2025-11-22,Approved,Current
L007729,C03544,B005,Auto,12200,12.09,60,2024-11-03,2024-11-20,Approved,Current
L007730,C00967,B013,Auto,44400,13.39,24,2024-05-18,2024-06-04,Approved,Default
L007731,C02507,B017,Auto,64000,8.99,48,2025-01-18,2025-02-05,Approved,Current
L007732,C00514,B011,Personal,16300,8.97,48,2024-06-25,2024-07-06,Approved,Current
L007733,C03575,B020,Home,53300,13.67,72,2025-09-25,2025-10-15,Approved,Current
L007734,C03116,B020,Personal,0,11.12,72,2025-06-16,2025-07-05,Rejected,Current
L007735,C00041,B028,Education,35600,11.31,60,2023-01-03,2023-01-20,Approved,Current
L007736,C00263,B026,Auto,0,11.34,24,2025-06-20,2025-07-04,Rejected,Current
L007737,C01033,B012,Personal,36500,9.83,60,2023-06-09,2023-06-25,Approved,Current
L007738,C03125,B020,Home,192600,11.65,60,2025-06-13,2025-07-03,Approved,Current
L007739,C01820,B007,Home,123100,13.48,60,2025-04-07,2025-04-23,Approved,Current
L007740,C00128,B025,Business,0,15.24,72,2023-03-08,2023-03-19,Rejected,Current
L007741,C02579,B024,Home,323400,11.1,48,2024-08-02,2024-08-03,Approved,Current
L007742,C04621,B005,Auto,0,10.95,60,2023-08-29,2023-09-14,Rejected,Current
L007743,C04853,B029,Personal,16900,12.89,84,2025-11-06,2025-11-12,Approved,Current
L007744,C03014,B025,Auto,0,14.71,36,2025-01-18,2025-02-02,Rejected,Current
L007745,C03212,B011,Personal,0,12.18,60,2024-02-19,2024-02-20,Rejected,Current
L007746,C00894,B009,Personal,11900,16.13,24,2023-08-09,2023-08-16,Approved,Current
L007747,C02807,B011,Auto,48000,10.22,12,2024-12-15,2024-12-23,Approved,Current
L007748,C02280,B006,Auto,0,14.29,60,2024-12-01,2024-12-11,Rejected,Current
L007749,C04184,B021,Education,26900,11.59,84,2025-05-13,2025-05-20,Approved,Current
L007750,C02814,B018,Auto,32000,12.39,12,2025-11-29,2025-12-07,Approved,Current
L007751,C01788,B030,Home,198700,12.9,60,2024-11-20,2024-12-03,Approved,Current
L007752,C04733,B025,Education,80200,10.91,60,2023-07-11,2023-07-25,Approved,Current
L007753,C02249,B026,Business,73400,12.37,60,2024-02-29,2024-03-03,Approved,Current
L007754,C03034,B015,Home,147000,13.88,48,2024-03-31,2024-04-12,Approved,Current
L007755,C02409,B017,Home,410000,14.17,36,2025-03-21,2025-03-23,Approved,Current
L007756,C02180,B024,Education,35800,15.77,36,2025-06-11,2025-06-16,Approved,Current
L007757,C00177,B012,Auto,48800,14.11,36,2024-08-28,2024-09-09,Approved,Current
L007758,C03124,B029,Auto,0,13.06,72,2024-03-09,2024-03-13,Rejected,Current
L007759,C00022,B019,Personal,20600,11.03,60,2025-01-17,2025-01-18,Approved,Current
L007760,C00653,B005,Auto,50000,10.35,36,2024-12-25,2025-01-02,Approved,Current
L007761,C03391,B005,Personal,12400,15.76,60,2024-10-30,2024-11-19,Approved,Default
L007762,C00783,B007,Personal,25400,12.95,60,2025-07-13,2025-07-15,Approved,Current
L007763,C00168,B004,Business,84900,13.98,60,2023-03-21,2023-04-07,Approved,Current
L007764,C01062,B001,Auto,22400,13.85,24,2024-01-06,2024-01-15,Approved,Current
L007765,C00873,B030,Home,323000,12.39,60,2025-05-14,2025-06-03,Approved,Current
L007766,C01782,B030,Home,345900,9.27,36,2023-05-02,2023-05-13,Approved,Current
L007767,C01397,B017,Personal,19300,14.48,36,2025-04-13,2025-04-30,Approved,Current
L007768,C00632,B011,Personal,23100,12.89,60,2025-12-03,2025-12-08,Approved,Current
L007769,C01602,B004,Home,383300,11.71,72,2023-09-17,2023-09-26,Approved,Current
L007770,C02882,B018,Personal,14500,12.44,48,2025-03-17,2025-03-24,Approved,Current
L007771,C01451,B030,Home,224100,10.7,48,2025-03-27,2025-04-14,Approved,Current
L007772,C01864,B011,Business,76800,8.9,60,2023-09-18,2023-10-03,Approved,Current
L007773,C00722,B018,Personal,10300,15.25,12,2024-07-10,2024-07-26,Approved,Current
L007774,C04536,B018,Personal,14500,13.43,60,2024-07-01,2024-07-17,Approved,Current
L007775,C03337,B004,Education,15100,13.51,12,2025-07-25,2025-08-14,Approved,Current
L007776,C00243,B001,Auto,40400,12.21,36,2025-10-30,2025-11-12,Approved,Current
L007777,C02649,B005,Personal,0,12.5,60,2025-03-14,2025-03-19,Rejected,Current
L007778,C04639,B024,Personal,0,15.79,36,2023-04-13,2023-04-15,Rejected,Current
L007779,C04373,B018,Auto,48100,12.96,36,2025-06-28,2025-07-17,Approved,Current
L007780,C04646,B029,Home,0,15.6,48,2025-04-23,2025-04-28,Rejected,Current
L007781,C00403,B017,Auto,0,12.58,60,2025-02-23,2025-02-24,Rejected,Current
L007782,C01454,B021,Home,272400,11.74,48,2024-06-16,2024-06-17,Approved,Current
L007783,C00997,B002,Education,0,13.46,48,2024-05-15,2024-05-31,Rejected,Current
L007784,C04172,B004,Auto,26100,12.41,24,2023-04-07,2023-04-24,Approved,Current
L007785,C03151,B030,Personal,22500,15.03,48,2025-04-01,2025-04-08,Approved,Current
L007786,C04414,B020,Home,0,15.06,12,2024-02-01,2024-02-11,Rejected,Current
L007787,C03502,B019,Auto,25900,13.27,60,2024-07-15,2024-07-19,Approved,Current
L007788,C01187,B022,Personal,13000,14.9,36,2024-05-10,2024-05-14,Approved,Current
L007789,C01382,B018,Personal,30900,11.13,72,2023-09-14,2023-09-27,Approved,Current
L007790,C04425,B011,Personal,25200,13.35,36,2023-07-24,2023-08-06,Approved,Default
L007791,C01855,B013,Home,200800,12.93,60,2024-05-13,2024-05-16,Approved,Current
L007792,C01905,B015,Auto,61300,10.71,36,2023-07-11,2023-07-22,Approved,Current
L007793,C03667,B011,Personal,0,15.96,24,2023-07-12,2023-07-30,Rejected,Current
L007794,C01949,B001,Auto,39100,10.65,48,2023-08-26,2023-09-15,Approved,Current
L007795,C04034,B017,Auto,23100,13.64,36,2023-08-13,2023-08-24,Approved,Current
L007796,C04572,B028,Education,36800,10.65,36,2025-02-11,2025-03-01,Approved,Current
L007797,C03528,B023,Business,0,14.41,36,2025-08-22,2025-09-05,Rejected,Current
L007798,C01753,B011,Education,0,13.65,36,2024-09-10,2024-09-21,Rejected,Current
L007799,C01738,B010,Education,19000,10.8,48,2023-02-26,2023-03-11,Approved,Current
L007800,C01814,B012,Home,166400,10.7,24,2024-06-03,2024-06-14,Approved,Current
L007801,C01955,B021,Home,116700,14.81,36,2025-05-22,2025-05-29,Approved,Current
L007802,C04010,B030,Personal,19900,10.53,60,2024-01-30,2024-02-09,Approved,Current
L007803,C00538,B021,Home,0,15.83,60,2025-08-15,2025-08-21,Rejected,Current
L007804,C02391,B015,Personal,0,13.75,36,2023-06-07,2023-06-13,Rejected,Current
L007805,C01790,B028,Auto,34200,11.39,36,2023-05-07,2023-05-25,Approved,Current
L007806,C01191,B025,Personal,18500,14.72,48,2025-09-10,2025-09-21,Approved,Current
L007807,C03937,B023,Personal,13100,12.81,84,2023-08-25,2023-09-09,Approved,Current
L007808,C01496,B025,Personal,0,11.26,48,2023-11-29,2023-12-17,Rejected,Current
L007809,C02188,B005,Education,0,13.87,60,2025-11-25,2025-12-03,Rejected,Current
L007810,C04524,B009,Personal,38700,13.01,72,2024-09-16,2024-09-25,Approved,Current
L007811,C03371,B013,Business,0,11.61,60,2025-06-28,2025-07-01,Rejected,Current
L007812,C01260,B006,Personal,44400,13.38,48,2023-04-28,2023-05-13,Approved,Current
L007813,C04076,B001,Auto,29900,11.98,60,2024-04-29,2024-05-19,Approved,Current
L007814,C03031,B008,Home,65000,9.5,36,2025-03-26,2025-04-09,Approved,Current
L007815,C04696,B024,Home,144400,10.46,84,2024-02-25,2024-02-27,Approved,Default
L007816,C00097,B030,Education,28000,10.38,48,2025-03-20,2025-04-07,Approved,Current
L007817,C04574,B023,Personal,18700,16.67,72,2024-02-15,2024-02-16,Approved,Current
L007818,C04587,B015,Personal,0,13.4,60,2023-11-18,2023-11-20,Rejected,Current
L007819,C01320,B005,Auto,35200,10.78,36,2023-10-30,2023-11-12,Approved,Current
L007820,C04502,B029,Auto,26600,11.6,36,2025-04-23,2025-05-06,Approved,Current
L007821,C00715,B022,Education,16900,12.13,36,2024-06-07,2024-06-21,Approved,Current
L007822,C02495,B005,Auto,0,12.75,36,2024-03-26,2024-04-07,Rejected,Current
L007823,C02747,B017,Auto,44600,12.57,12,2024-06-21,2024-07-11,Approved,Current
L007824,C04044,B018,Home,296600,14.29,72,2024-02-15,2024-02-17,Approved,Current
L007825,C00585,B013,Auto,0,8.82,36,2023-04-19,2023-04-21,Rejected,Current
L007826,C00954,B022,Auto,55700,13.5,60,2025-11-02,2025-11-16,Approved,Current
L007827,C02898,B007,Personal,24600,13.76,48,2025-01-27,2025-02-03,Approved,Current
L007828,C02031,B001,Auto,19600,12.83,48,2025-04-03,2025-04-07,Approved,Current
L007829,C00594,B026,Personal,20600,12.96,48,2024-03-28,2024-04-08,Approved,Current
L007830,C01832,B024,Home,0,14.19,72,2023-06-20,2023-06-27,Rejected,Current
L007831,C00356,B022,Personal,0,13.1,36,2025-01-31,2025-02-01,Rejected,Current
L007832,C01677,B016,Home,87600,13.15,36,2023-12-05,2023-12-18,Approved,Current
L007833,C03119,B005,Auto,41500,12.18,60,2023-02-28,2023-03-08,Approved,Current
L007834,C00112,B016,Personal,14000,9.03,36,2024-05-21,2024-06-06,Approved,Current
L007835,C03735,B026,Personal,41300,17.6,60,2024-04-24,2024-05-13,Approved,Default
L007836,C04471,B003,Personal,46400,12.03,48,2024-10-30,2024-11-15,Approved,Current
L007837,C00845,B021,Personal,23300,14.12,60,2025-08-02,2025-08-15,Approved,Current
L007838,C02174,B021,Personal,30400,12.22,84,2025-10-20,2025-10-27,Approved,Current
L007839,C03079,B025,Business,0,12.97,84,2024-03-23,2024-04-11,Rejected,Current
L007840,C02610,B011,Home,88900,11.99,24,2025-06-01,2025-06-06,Approved,Current
L007841,C01384,B009,Home,171200,13.36,48,2023-08-01,2023-08-03,Approved,Current
L007842,C03971,B024,Auto,15800,10.56,48,2023-04-09,2023-04-18,Approved,Current
L007843,C00362,B012,Auto,37900,14.92,24,2024-10-19,2024-11-04,Approved,Current
L007844,C00679,B015,Personal,11700,12.72,60,2025-12-08,2025-12-12,Approved,Current
L007845,C02812,B023,Business,105500,12.99,84,2023-06-24,2023-07-04,Approved,Current
L007846,C02823,B030,Education,25500,13.88,24,2025-06-19,2025-06-22,Approved,Current
L007847,C01732,B011,Personal,0,14.38,36,2025-03-15,2025-03-16,Rejected,Current
L007848,C01288,B030,Auto,0,14.25,72,2024-05-03,2024-05-10,Rejected,Current
L007849,C04896,B013,Personal,14400,16.48,36,2025-10-26,2025-10-29,Approved,Current
L007850,C00275,B030,Personal,8500,11.5,48,2024-07-07,2024-07-18,Approved,Current
L007851,C00906,B023,Personal,19700,11.63,60,2024-06-11,2024-06-24,Approved,Current
L007852,C01883,B006,Business,36400,13.05,24,2024-12-28,2025-01-14,Approved,Current
L007853,C00492,B029,Auto,63500,11.67,48,2023-03-14,2023-03-24,Approved,Current
L007854,C04755,B014,Home,0,13.11,24,2023-03-08,2023-03-16,Rejected,Current
L007855,C00541,B005,Home,294100,10.95,36,2024-08-15,2024-08-23,Approved,Current
L007856,C02887,B019,Home,0,14.03,36,2023-01-27,2023-02-15,Rejected,Current
L007857,C04416,B016,Home,0,11.75,60,2024-07-29,2024-08-17,Rejected,Current
L007858,C00456,B013,Business,0,12.64,24,2024-03-09,2024-03-27,Rejected,Current
L007859,C00651,B014,Auto,0,12.98,60,2023-02-25,2023-03-06,Rejected,Current
L007860,C01313,B030,Home,0,16.34,48,2023-09-24,2023-10-14,Rejected,Current
L007861,C01305,B004,Home,176700,8.34,60,2025-02-07,2025-02-27,Approved,Current
L007862,C04513,B006,Education,13100,13.86,72,2024-07-02,2024-07-14,Approved,Current
L007863,C03610,B007,Auto,29300,11.53,48,2023-04-11,2023-04-24,Approved,Current
L007864,C00804,B018,Personal,7300,13.05,60,2024-10-06,2024-10-11,Approved,Current
L007865,C00798,B019,Home,483600,10.31,60,2024-04-12,2024-05-01,Approved,Current
L007866,C03385,B007,Personal,19700,11.38,60,2023-01-23,2023-01-28,Approved,Current
L007867,C04705,B010,Education,0,15.61,36,2024-11-27,2024-12-01,Rejected,Current
L007868,C02013,B023,Home,268300,15.74,84,2023-11-23,2023-12-13,Approved,Current
L007869,C02841,B024,Personal,0,11.25,12,2024-07-30,2024-08-01,Rejected,Current
L007870,C03063,B025,Home,0,12.28,36,2025-07-09,2025-07-24,Rejected,Current
L007871,C01081,B025,Home,247800,11.9,60,2024-10-20,2024-10-28,Approved,Current
L007872,C01314,B027,Auto,35000,11.26,36,2024-06-20,2024-07-04,Approved,Current
L007873,C02646,B029,Personal,0,12.83,48,2024-01-15,2024-01-19,Rejected,Current
L007874,C03635,B017,Personal,0,12.36,24,2025-04-29,2025-05-11,Rejected,Current
L007875,C02054,B001,Personal,0,12.18,72,2023-05-06,2023-05-12,Rejected,Current
L007876,C03515,B006,Personal,23800,12.31,72,2024-03-17,2024-03-25,Approved,Current
L007877,C00310,B012,Home,0,14.32,84,2025-04-08,2025-04-17,Rejected,Current
L007878,C00785,B017,Business,65300,11.59,12,2023-02-13,2023-02-22,Approved,Current
L007879,C01615,B025,Personal,17300,9.13,24,2024-10-22,2024-11-07,Approved,Current
L007880,C00823,B017,Personal,0,9.8,48,2023-07-18,2023-07-27,Rejected,Current
L007881,C01328,B005,Business,0,11.8,36,2024-10-14,2024-11-02,Rejected,Current
L007882,C00058,B017,Business,83000,12.34,60,2023-11-04,2023-11-12,Approved,Current
L007883,C01249,B027,Home,261100,13.35,60,2024-04-18,2024-04-25,Approved,Current
L007884,C01450,B014,Personal,23900,11.86,24,2023-08-24,2023-09-06,Approved,Current
L007885,C00518,B021,Business,0,12.89,12,2023-08-13,2023-08-18,Rejected,Current
L007886,C02078,B004,Personal,11800,10.84,84,2023-12-26,2024-01-15,Approved,Current
L007887,C00151,B022,Education,57500,15.7,48,2024-02-28,2024-03-17,Approved,Current
L007888,C04644,B024,Business,0,13.3,12,2025-10-11,2025-10-18,Rejected,Current
L007889,C02158,B025,Home,0,12.36,48,2025-12-13,2025-12-19,Rejected,Current
L007890,C03674,B005,Personal,27700,6.66,60,2024-10-28,2024-11-07,Approved,Current
L007891,C02514,B008,Personal,17200,11.94,60,2023-12-01,2023-12-16,Approved,Current
L007892,C02285,B006,Education,25800,13.68,48,2025-06-17,2025-07-04,Approved,Current
L007893,C01395,B008,Business,79900,13.34,60,2024-08-27,2024-09-09,Approved,Current
L007894,C01706,B005,Home,139800,11.61,48,2023-04-05,2023-04-06,Approved,Current
L007895,C01173,B024,Personal,19500,13.32,60,2023-11-11,2023-12-01,Approved,Current
L007896,C02422,B022,Auto,11700,7.55,84,2024-05-02,2024-05-11,Approved,Current
L007897,C00600,B014,Education,23000,10.79,84,2025-06-06,2025-06-25,Approved,Current
L007898,C03505,B025,Auto,43100,13.13,60,2025-11-07,2025-11-13,Approved,Current
L007899,C02300,B020,Personal,0,13.5,48,2024-10-25,2024-10-29,Rejected,Current
L007900,C04016,B001,Home,402000,7.51,36,2025-04-08,2025-04-26,Approved,Current
L007901,C01497,B017,Personal,28500,10.0,36,2024-09-28,2024-10-04,Approved,Current
L007902,C03118,B003,Education,35000,12.2,72,2025-06-04,2025-06-14,Approved,Current
L007903,C04703,B005,Home,187900,12.14,60,2025-08-10,2025-08-13,Approved,Current
L007904,C00435,B026,Auto,24900,10.16,48,2024-11-17,2024-12-01,Approved,Current
L007905,C02659,B020,Personal,23700,16.09,60,2023-08-09,2023-08-11,Approved,Current
L007906,C03700,B028,Personal,0,12.9,24,2025-05-29,2025-06-17,Rejected,Current
L007907,C02324,B029,Auto,0,14.1,72,2023-02-06,2023-02-15,Rejected,Current
L007908,C02896,B026,Business,0,13.64,48,2025-08-29,2025-08-31,Rejected,Current
L007909,C01532,B026,Personal,17500,14.15,36,2025-10-20,2025-11-04,Approved,Current
L007910,C03167,B008,Home,0,11.35,12,2023-07-24,2023-08-06,Rejected,Current
L007911,C04763,B008,Auto,34000,14.84,60,2023-09-28,2023-10-10,Approved,Current
L007912,C00782,B018,Business,96500,13.93,84,2023-07-01,2023-07-18,Approved,Current
L007913,C01426,B021,Auto,0,12.08,48,2024-09-22,2024-10-08,Rejected,Current
L007914,C04929,B006,Personal,0,12.13,36,2024-07-27,2024-07-30,Rejected,Current
L007915,C02552,B009,Home,212100,13.65,36,2023-10-08,2023-10-14,Approved,Current
L007916,C03487,B030,Business,92800,11.68,48,2025-11-01,2025-11-11,Approved,Current
L007917,C02324,B012,Business,71800,12.85,60,2024-09-28,2024-10-03,Approved,Current
L007918,C04422,B018,Auto,0,16.28,24,2025-05-07,2025-05-21,Rejected,Current
L007919,C00557,B030,Education,22100,8.67,72,2023-10-20,2023-11-07,Approved,Current
L007920,C00513,B025,Personal,42700,13.63,36,2023-05-17,2023-05-25,Approved,Current
L007921,C03219,B020,Home,0,12.15,60,2023-07-16,2023-08-01,Rejected,Current
L007922,C04152,B028,Business,97800,14.87,72,2024-03-30,2024-04-01,Approved,Current
L007923,C04116,B023,Personal,27300,13.58,48,2024-09-04,2024-09-24,Approved,Current
L007924,C03542,B027,Education,19500,11.5,60,2023-01-07,2023-01-16,Approved,Current
L007925,C02900,B010,Home,253700,12.04,60,2024-01-24,2024-02-12,Approved,Current
L007926,C04097,B024,Home,0,15.19,36,2024-11-07,2024-11-08,Rejected,Current
L007927,C02961,B013,Personal,22600,9.73,84,2025-09-13,2025-09-22,Approved,Current
L007928,C04944,B009,Personal,12400,13.82,48,2024-05-27,2024-06-16,Approved,Current
L007929,C01253,B002,Auto,21900,10.11,24,2024-12-18,2024-12-25,Approved,Current
L007930,C00725,B023,Home,0,14.72,84,2024-05-15,2024-05-18,Rejected,Current
L007931,C01307,B005,Personal,0,14.27,60,2024-03-19,2024-03-20,Rejected,Current
L007932,C00760,B001,Business,0,11.4,60,2024-04-20,2024-05-03,Rejected,Current
L007933,C00227,B001,Personal,12500,9.43,72,2025-03-19,2025-04-02,Approved,Current
L007934,C04798,B024,Business,89200,11.91,48,2025-06-22,2025-06-23,Approved,Current
L007935,C00308,B005,Personal,0,14.1,36,2025-10-01,2025-10-19,Rejected,Current
L007936,C03379,B029,Home,0,12.24,24,2023-02-10,2023-02-17,Rejected,Current
L007937,C03010,B026,Home,252500,10.43,60,2024-01-14,2024-01-29,Approved,Current
L007938,C01518,B012,Auto,45800,15.52,36,2023-04-03,2023-04-04,Approved,Current
L007939,C01532,B009,Business,0,14.2,48,2023-12-31,2024-01-07,Rejected,Current
L007940,C01845,B028,Education,32600,10.52,48,2023-09-15,2023-10-05,Approved,Current
L007941,C02669,B018,Home,0,12.99,60,2025-09-16,2025-10-06,Rejected,Current
L007942,C04749,B004,Auto,53300,12.81,60,2025-07-04,2025-07-06,Approved,Current
L007943,C00797,B030,Home,270900,9.61,48,2023-01-30,2023-02-13,Approved,Current
L007944,C04576,B010,Education,0,15.92,48,2023-10-13,2023-10-20,Rejected,Current
L007945,C01780,B022,Business,0,17.18,36,2023-12-21,2024-01-04,Rejected,Current
L007946,C04993,B022,Home,0,14.55,36,2024-06-18,2024-07-08,Rejected,Current
L007947,C00586,B006,Home,67900,10.91,60,2025-10-15,2025-10-30,Approved,Current
L007948,C01379,B021,Personal,13600,12.45,48,2025-07-29,2025-08-05,Approved,Current
L007949,C04358,B007,Business,88500,12.38,12,2023-11-01,2023-11-04,Approved,Current
L007950,C04791,B027,Business,75200,11.48,48,2024-01-10,2024-01-20,Approved,Current
L007951,C03811,B007,Education,10500,11.06,84,2023-09-10,2023-09-22,Approved,Current
L007952,C04032,B005,Auto,0,11.89,24,2025-03-26,2025-04-04,Rejected,Current
L007953,C02725,B026,Auto,21700,9.26,24,2025-12-03,2025-12-11,Approved,Current
L007954,C01848,B003,Home,242100,7.52,60,2025-01-21,2025-01-31,Approved,Current
L007955,C02238,B015,Auto,22000,12.5,84,2025-06-11,2025-06-28,Approved,Current
L007956,C01042,B009,Home,140700,12.47,12,2024-07-06,2024-07-15,Approved,Current
L007957,C04840,B016,Auto,40600,11.79,36,2024-10-28,2024-11-07,Approved,Current
L007958,C03486,B023,Personal,0,13.13,12,2024-04-24,2024-05-09,Rejected,Current
L007959,C00243,B018,Personal,19800,10.31,36,2024-09-01,2024-09-05,Approved,Current
L007960,C02101,B019,Auto,0,11.93,48,2023-02-26,2023-03-05,Rejected,Current
L007961,C01250,B012,Education,12800,12.28,48,2025-02-18,2025-03-06,Approved,Current
L007962,C01738,B027,Auto,41600,9.27,36,2025-04-29,2025-05-07,Approved,Current
L007963,C03670,B014,Auto,0,11.55,36,2024-07-25,2024-08-08,Rejected,Current
L007964,C01919,B025,Business,51600,12.1,60,2024-07-29,2024-08-18,Approved,Current
L007965,C04415,B013,Home,124100,13.11,48,2025-02-10,2025-02-17,Approved,Current
L007966,C02755,B030,Personal,28200,10.11,60,2025-07-29,2025-08-12,Approved,Current
L007967,C01393,B030,Education,11600,10.43,60,2023-09-01,2023-09-07,Approved,Current
L007968,C00248,B004,Education,40100,11.27,60,2024-02-19,2024-02-28,Approved,Current
L007969,C04273,B021,Home,223000,9.2,84,2024-11-01,2024-11-15,Approved,Current
L007970,C01686,B017,Personal,0,11.72,24,2024-07-07,2024-07-23,Rejected,Current
L007971,C01932,B020,Business,108800,12.18,84,2025-08-01,2025-08-05,Approved,Current
L007972,C04017,B009,Auto,27300,10.66,24,2025-11-09,2025-11-29,Approved,Current
L007973,C04109,B009,Personal,26200,13.72,60,2024-12-24,2024-12-27,Approved,Current
L007974,C03433,B002,Personal,14200,10.01,60,2024-08-30,2024-09-12,Approved,Current
L007975,C04385,B012,Education,11500,15.07,60,2025-11-05,2025-11-21,Approved,Default
L007976,C04527,B018,Personal,17300,11.34,60,2024-05-21,2024-05-25,Approved,Current
L007977,C03985,B025,Personal,28000,12.99,60,2025-01-04,2025-01-07,Approved,Current
L007978,C03823,B018,Home,242500,10.99,48,2025-11-02,2025-11-09,Approved,Current
L007979,C02082,B022,Personal,48800,15.29,12,2023-12-29,2024-01-13,Approved,Current
L007980,C01348,B005,Personal,15700,11.45,48,2024-06-30,2024-07-02,Approved,Current
L007981,C04737,B015,Home,169300,11.49,36,2023-11-28,2023-12-07,Approved,Default
L007982,C00133,B011,Personal,15800,10.84,36,2025-10-10,2025-10-13,Approved,Current
L007983,C03624,B015,Business,62000,10.96,48,2025-10-12,2025-10-22,Approved,Current
L007984,C01855,B018,Home,142600,13.29,60,2025-04-16,2025-05-04,Approved,Current
L007985,C02945,B023,Personal,0,14.51,48,2023-04-08,2023-04-23,Rejected,Current
L007986,C00401,B013,Home,52400,10.28,84,2023-01-11,2023-01-27,Approved,Current
L007987,C00606,B015,Personal,0,12.97,48,2023-08-02,2023-08-15,Rejected,Current
L007988,C04707,B025,Personal,0,14.09,24,2023-02-09,2023-02-21,Rejected,Current
L007989,C00132,B002,Auto,45300,14.76,36,2024-03-14,2024-03-26,Approved,Current
L007990,C04489,B002,Personal,13100,12.89,24,2024-03-06,2024-03-07,Approved,Current
L007991,C04909,B021,Home,0,9.97,60,2025-09-14,2025-09-29,Rejected,Current
L007992,C04677,B023,Business,167500,11.28,24,2024-03-20,2024-03-21,Approved,Current
L007993,C04507,B017,Home,89000,10.16,48,2023-02-03,2023-02-11,Approved,Current
L007994,C04441,B029,Home,169100,12.58,72,2023-03-03,2023-03-19,Approved,Current
L007995,C00804,B004,Business,0,12.49,48,2025-09-04,2025-09-20,Rejected,Current
L007996,C03268,B009,Business,64300,14.25,36,2024-08-29,2024-09-01,Approved,Current
L007997,C04290,B016,Business,40900,11.62,36,2023-11-03,2023-11-22,Approved,Current
L007998,C03634,B001,Auto,81800,12.01,60,2023-12-19,2024-01-02,Approved,Current
L007999,C02677,B007,Education,43500,12.33,36,2023-05-03,2023-05-12,Approved,Default
L008000,C01216,B029,Business,150000,15.51,84,2023-01-03,2023-01-15,Approved,Current
